Season,League,Team,Unnamed: 0_level_0_Player,Unnamed: 1_level_0_Nation,Unnamed: 2_level_0_Pos,Unnamed: 3_level_0_Age,Unnamed: 4_level_0_90s,Standard_Gls,Standard_Sh,Standard_SoT,Standard_SoT%,Standard_Sh/90,Standard_SoT/90,Standard_G/Sh,Standard_G/SoT,Standard_Dist,Standard_PK,Standard_PKatt,Unnamed: 16_level_0_Matches,Standard_FK,Expected_xG,Expected_npxG,Expected_npxG/Sh,Expected_G-xG,Expected_np:G-xG,Unnamed: 22_level_0_Matches,S_e,L_e,T_e,U_n,U_n.1,U_n.2,U_n.3,U_n.4,S_t,S_t.1,S_t.2,S_t.3,S_t.4,S_t.5,S_t.6,S_t.7,S_t.8,S_t.9,S_t.10,S_t.11,E_x,E_x.1,E_x.2,E_x.3,E_x.4,U_n.5
2017-2018,EPL,Manchester City,Ederson,br BRA,GK,23.0,35.5,0.0,0.0,0.0,,0.0,0.0,,,,0.0,0.0,,0.0,0.0,0.0,,0.0,0.0,Matches,,,,,,,,,,,,,,,,,,,,,,,,,,
2017-2018,EPL,Manchester City,Kevin De Bruyne,be BEL,MF,26.0,34.1,8.0,93.0,39.0,41.9,2.72,1.14,0.09,0.21,24.3,0.0,0.0,,15.0,5.1,5.1,0.06,2.9,2.9,Matches,,,,,,,,,,,,,,,,,,,,,,,,,,
2017-2018,EPL,Manchester City,Nicolás Otamendi,ar ARG,DF,29.0,33.0,4.0,32.0,10.0,31.3,0.97,0.3,0.13,0.4,16.2,0.0,0.0,,0.0,2.7,2.7,0.09,1.3,1.3,Matches,,,,,,,,,,,,,,,,,,,,,,,,,,
2017-2018,EPL,Manchester City,Fernandinho,br BRA,MF,32.0,32.0,5.0,47.0,19.0,40.4,1.47,0.59,0.11,0.26,23.1,0.0,0.0,,0.0,2.1,2.1,0.04,2.9,2.9,Matches,,,,,,,,,,,,,,,,,,,,,,,,,,
2017-2018,EPL,Manchester City,Kyle Walker,eng ENG,DF,27.0,30.9,0.0,13.0,1.0,7.7,0.42,0.03,0.0,0.0,24.4,0.0,0.0,,1.0,0.6,0.6,0.05,-0.6,-0.6,Matches,,,,,,,,,,,,,,,,,,,,,,,,,,
2017-2018,EPL,Manchester City,Raheem Sterling,eng ENG,FW,22.0,28.7,18.0,86.0,33.0,38.4,2.99,1.15,0.2,0.52,14.9,1.0,1.0,,0.0,16.2,15.3,0.18,1.8,1.7,Matches,,,,,,,,,,,,,,,,,,,,,,,,,,
2017-2018,EPL,Manchester City,David Silva,es ESP,MF,31.0,27.0,9.0,54.0,20.0,37.0,2.0,0.74,0.17,0.45,15.9,0.0,0.0,,2.0,7.2,7.2,0.13,1.8,1.8,Matches,,,,,,,,,,,,,,,,,,,,,,,,,,
2017-2018,EPL,Manchester City,Leroy Sané,de GER,FW,21.0,26.9,10.0,57.0,19.0,33.3,2.12,0.71,0.18,0.53,17.0,0.0,0.0,,6.0,5.8,5.8,0.1,4.2,4.2,Matches,,,,,,,,,,,,,,,,,,,,,,,,,,
2017-2018,EPL,Manchester City,Sergio Agüero,ar ARG,FW,29.0,21.8,21.0,90.0,38.0,42.2,4.13,1.74,0.19,0.45,13.9,4.0,4.0,,1.0,16.2,13.1,0.15,4.8,3.9,Matches,,,,,,,,,,,,,,,,,,,,,,,,,,
2017-2018,EPL,Manchester City,Fabian Delph,eng ENG,DF,27.0,19.3,1.0,10.0,3.0,30.0,0.52,0.16,0.1,0.33,28.9,0.0,0.0,,0.0,0.3,0.3,0.03,0.7,0.7,Matches,,,,,,,,,,,,,,,,,,,,,,,,,,
2017-2018,EPL,Manchester City,Gabriel Jesus,br BRA,FW,20.0,18.5,13.0,54.0,30.0,55.6,2.91,1.62,0.24,0.43,12.0,0.0,2.0,,0.0,13.8,12.2,0.23,-0.8,0.8,Matches,,,,,,,,,,,,,,,,,,,,,,,,,,
2017-2018,EPL,Manchester City,Vincent Kompany,be BEL,DF,31.0,15.5,1.0,9.0,2.0,22.2,0.58,0.13,0.11,0.5,9.8,0.0,0.0,,0.0,0.8,0.8,0.09,0.2,0.2,Matches,,,,,,,,,,,,,,,,,,,,,,,,,,
2017-2018,EPL,Manchester City,John Stones,eng ENG,DF,23.0,14.5,0.0,11.0,4.0,36.4,0.76,0.28,0.0,0.0,12.0,0.0,0.0,,0.0,0.8,0.8,0.07,-0.8,-0.8,Matches,,,,,,,,,,,,,,,,,,,,,,,,,,
2017-2018,EPL,Manchester City,Bernardo Silva,pt POR,"FW,MF",22.0,17.0,6.0,25.0,14.0,56.0,1.47,0.82,0.24,0.43,14.0,0.0,0.0,,0.0,3.8,3.5,0.14,2.2,2.5,Matches,,,,,,,,,,,,,,,,,,,,,,,,,,
2017-2018,EPL,Manchester City,İlkay Gündoğan,de GER,MF,26.0,16.9,4.0,34.0,10.0,29.4,2.02,0.59,0.09,0.3,19.6,1.0,1.0,,1.0,3.0,2.3,0.07,1.0,0.7,Matches,,,,,,,,,,,,,,,,,,,,,,,,,,
2017-2018,EPL,Manchester City,Danilo,br BRA,DF,26.0,15.0,3.0,19.0,7.0,36.8,1.27,0.47,0.16,0.43,23.4,0.0,0.0,,1.0,1.1,1.1,0.06,1.9,1.9,Matches,,,,,,,,,,,,,,,,,,,,,,,,,,
2017-2018,EPL,Manchester City,Aymeric Laporte,es ESP,DF,23.0,9.0,0.0,3.0,0.0,0.0,0.33,0.0,0.0,,26.5,0.0,0.0,,0.0,0.1,0.1,0.03,-0.1,-0.1,Matches,,,,,,,,,,,,,,,,,,,,,,,,,,
2017-2018,EPL,Manchester City,Oleksandr Zinchenko,ua UKR,DF,20.0,5.9,0.0,5.0,2.0,40.0,0.85,0.34,0.0,0.0,31.0,0.0,0.0,,0.0,0.1,0.1,0.02,-0.1,-0.1,Matches,,,,,,,,,,,,,,,,,,,,,,,,,,
2017-2018,EPL,Manchester City,Eliaquim Mangala,fr FRA,DF,26.0,5.4,0.0,1.0,0.0,0.0,0.18,0.0,0.0,,11.2,0.0,0.0,,0.0,0.1,0.1,0.14,-0.1,-0.1,Matches,,,,,,,,,,,,,,,,,,,,,,,,,,
2017-2018,EPL,Manchester City,Benjamin Mendy,fr FRA,"DF,FW",23.0,4.0,0.0,5.0,1.0,20.0,1.24,0.25,0.0,0.0,23.7,0.0,0.0,,0.0,0.1,0.1,0.03,-0.1,-0.1,Matches,,,,,,,,,,,,,,,,,,,,,,,,,,
2017-2018,EPL,Manchester City,Claudio Bravo,cl CHI,GK,34.0,2.5,0.0,0.0,0.0,,0.0,0.0,,,,0.0,0.0,,0.0,0.0,0.0,,0.0,0.0,Matches,,,,,,,,,,,,,,,,,,,,,,,,,,
2017-2018,EPL,Manchester City,Yaya Touré,ci CIV,MF,34.0,2.6,0.0,5.0,1.0,20.0,1.91,0.38,0.0,0.0,23.5,0.0,0.0,,3.0,0.4,0.4,0.07,-0.4,-0.4,Matches,,,,,,,,,,,,,,,,,,,,,,,,,,
2017-2018,EPL,Manchester City,Brahim Díaz,es ESP,"FW,DF",17.0,0.6,0.0,3.0,1.0,33.3,4.91,1.64,0.0,0.0,13.8,0.0,0.0,,0.0,0.5,0.5,0.16,-0.5,-0.5,Matches,,,,,,,,,,,,,,,,,,,,,,,,,,
2017-2018,EPL,Manchester City,Phil Foden,eng ENG,"MF,FW",17.0,0.5,0.0,0.0,0.0,,0.0,0.0,,,,0.0,0.0,,0.0,0.0,0.0,,0.0,0.0,Matches,,,,,,,,,,,,,,,,,,,,,,,,,,
2017-2018,EPL,Manchester City,Lukas Nmecha,de GER,FW,18.0,0.2,0.0,0.0,0.0,,0.0,0.0,,,,0.0,0.0,,0.0,0.0,0.0,,0.0,0.0,Matches,,,,,,,,,,,,,,,,,,,,,,,,,,
2017-2018,EPL,Manchester City,Squad Total,,,26.4,38.0,103.0,656.0,254.0,38.7,17.26,6.68,0.15,0.38,17.8,6.0,8.0,,30.0,78.6,72.7,0.11,24.4,24.3,,,,,,,,,,,,,,,,,,,,,,,,,,,
2017-2018,EPL,Manchester City,Opponent Total,,,26.9,38.0,25.0,234.0,83.0,35.5,6.16,2.18,0.11,0.3,18.5,0.0,2.0,,10.0,23.8,22.2,0.1,1.2,2.8,,,,,,,,,,,,,,,,,,,,,,,,,,,
2017-2018,EPL,Manchester Utd,David de Gea,es ESP,GK,26.0,37.0,0.0,0.0,0.0,,0.0,0.0,,,,0.0,0.0,,0.0,0.0,0.0,,0.0,0.0,Matches,,,,,,,,,,,,,,,,,,,,,,,,,,
2017-2018,EPL,Manchester Utd,Nemanja Matić,rs SRB,MF,28.0,34.6,1.0,18.0,2.0,11.1,0.52,0.06,0.06,0.5,27.0,0.0,0.0,,0.0,0.7,0.7,0.04,0.3,0.3,Matches,,,,,,,,,,,,,,,,,,,,,,,,,,
2017-2018,EPL,Manchester Utd,Romelu Lukaku,be BEL,FW,24.0,31.9,16.0,85.0,41.0,48.2,2.67,1.29,0.19,0.39,13.1,0.0,1.0,,3.0,13.2,12.4,0.15,2.8,3.6,Matches,,,,,,,,,,,,,,,,,,,,,,,,,,
2017-2018,EPL,Manchester Utd,Antonio Valencia,ec ECU,DF,31.0,30.4,3.0,16.0,3.0,18.8,0.53,0.1,0.19,1.0,21.4,0.0,0.0,,0.0,0.5,0.5,0.03,2.5,2.5,Matches,,,,,,,,,,,,,,,,,,,,,,,,,,
2017-2018,EPL,Manchester Utd,Chris Smalling,eng ENG,DF,27.0,28.2,4.0,13.0,6.0,46.2,0.46,0.21,0.31,0.67,8.5,0.0,0.0,,0.0,1.7,1.7,0.13,2.3,2.3,Matches,,,,,,,,,,,,,,,,,,,,,,,,,,
2017-2018,EPL,Manchester Utd,Ashley Young,eng ENG,DF,32.0,27.1,2.0,18.0,4.0,22.2,0.66,0.15,0.11,0.5,21.9,0.0,0.0,,3.0,0.8,0.8,0.04,1.2,1.2,Matches,,,,,,,,,,,,,,,,,,,,,,,,,,
2017-2018,EPL,Manchester Utd,Paul Pogba,fr FRA,MF,24.0,23.9,6.0,76.0,18.0,23.7,3.18,0.75,0.08,0.33,22.2,0.0,0.0,,5.0,7.7,7.7,0.1,-1.7,-1.7,Matches,,,,,,,,,,,,,,,,,,,,,,,,,,
2017-2018,EPL,Manchester Utd,Phil Jones,eng ENG,DF,25.0,21.9,0.0,2.0,0.0,0.0,0.09,0.0,0.0,,18.8,0.0,0.0,,0.0,0.4,0.4,0.21,-0.4,-0.4,Matches,,,,,,,,,,,,,,,,,,,,,,,,,,
2017-2018,EPL,Manchester Utd,Juan Mata,es ESP,FW,29.0,21.4,3.0,28.0,10.0,35.7,1.31,0.47,0.11,0.3,17.6,0.0,0.0,,4.0,3.7,3.7,0.13,-0.7,-0.7,Matches,,,,,,,,,,,,,,,,,,,,,,,,,,
2017-2018,EPL,Manchester Utd,Jesse Lingard,eng ENG,"MF,FW",24.0,20.2,8.0,56.0,23.0,41.1,2.77,1.14,0.14,0.35,17.8,0.0,0.0,,0.0,7.1,7.1,0.13,0.9,0.9,Matches,,,,,,,,,,,,,,,,,,,,,,,,,,
2017-2018,EPL,Manchester Utd,Anthony Martial,fr FRA,FW,21.0,17.6,9.0,48.0,15.0,31.3,2.73,0.85,0.17,0.53,17.3,1.0,1.0,,0.0,6.3,5.5,0.12,2.7,2.5,Matches,,,,,,,,,,,,,,,,,,,,,,,,,,
2017-2018,EPL,Manchester Utd,Marcus Rashford,eng ENG,"FW,MF",19.0,20.1,7.0,61.0,20.0,32.8,3.03,0.99,0.11,0.35,19.4,0.0,0.0,,6.0,5.2,5.2,0.09,1.8,1.8,Matches,,,,,,,,,,,,,,,,,,,,,,,,,,
2017-2018,EPL,Manchester Utd,Victor Lindelöf,se SWE,DF,23.0,14.3,0.0,1.0,0.0,0.0,0.07,0.0,0.0,,34.4,0.0,0.0,,0.0,0.0,0.0,0.01,0.0,0.0,Matches,,,,,,,,,,,,,,,,,,,,,,,,,,
2017-2018,EPL,Manchester Utd,Ander Herrera,es ESP,MF,27.0,14.1,0.0,12.0,1.0,8.3,0.85,0.07,0.0,0.0,25.2,0.0,0.0,,0.0,0.4,0.4,0.03,-0.4,-0.4,Matches,,,,,,,,,,,,,,,,,,,,,,,,,,
2017-2018,EPL,Manchester Utd,Alexis Sánchez,cl CHI,"FW,MF",28.0,11.6,2.0,18.0,6.0,33.3,1.55,0.52,0.11,0.33,16.8,0.0,1.0,,0.0,2.7,1.8,0.1,-0.7,0.2,Matches,,,,,,,,,,,,,,,,,,,,,,,,,,
2017-2018,EPL,Manchester Utd,Eric Bailly,ci CIV,DF,23.0,11.1,1.0,3.0,1.0,33.3,0.27,0.09,0.33,1.0,4.9,0.0,0.0,,0.0,1.1,1.1,0.37,-0.1,-0.1,Matches,,,,,,,,,,,,,,,,,,,,,,,,,,
2017-2018,EPL,Manchester Utd,Henrikh Mkhitaryan,am ARM,"MF,FW",28.0,10.2,1.0,15.0,5.0,33.3,1.46,0.49,0.07,0.2,21.6,0.0,0.0,,0.0,0.8,0.8,0.05,0.2,0.2,Matches,,,,,,,,,,,,,,,,,,,,,,,,,,
2017-2018,EPL,Manchester Utd,Luke Shaw,eng ENG,DF,22.0,8.8,0.0,12.0,5.0,41.7,1.37,0.57,0.0,0.0,21.4,0.0,0.0,,0.0,0.4,0.4,0.03,-0.4,-0.4,Matches,,,,,,,,,,,,,,,,,,,,,,,,,,
2017-2018,EPL,Manchester Utd,Marcos Rojo,ar ARG,DF,27.0,7.1,0.0,5.0,1.0,20.0,0.7,0.14,0.0,0.0,27.9,0.0,0.0,,0.0,0.2,0.2,0.03,-0.2,-0.2,Matches,,,,,,,,,,,,,,,,,,,,,,,,,,
2017-2018,EPL,Manchester Utd,Scott McTominay,sct SCO,MF,20.0,7.0,0.0,1.0,0.0,0.0,0.14,0.0,0.0,,25.3,0.0,0.0,,0.0,0.0,0.0,0.03,0.0,0.0,Matches,,,,,,,,,,,,,,,,,,,,,,,,,,
2017-2018,EPL,Manchester Utd,Marouane Fellaini,be BEL,MF,29.0,7.6,4.0,10.0,7.0,70.0,1.32,0.92,0.4,0.57,8.5,0.0,0.0,,0.0,3.5,3.5,0.35,0.5,0.5,Matches,,,,,,,,,,,,,,,,,,,,,,,,,,
2017-2018,EPL,Manchester Utd,Matteo Darmian,it ITA,DF,27.0,4.9,0.0,2.0,0.0,0.0,0.41,0.0,0.0,,31.7,0.0,0.0,,0.0,0.0,0.0,0.01,0.0,0.0,Matches,,,,,,,,,,,,,,,,,,,,,,,,,,
2017-2018,EPL,Manchester Utd,Daley Blind,nl NED,"DF,MF",27.0,4.0,0.0,3.0,0.0,0.0,0.75,0.0,0.0,,21.2,0.0,0.0,,0.0,0.1,0.1,0.03,-0.1,-0.1,Matches,,,,,,,,,,,,,,,,,,,,,,,,,,
2017-2018,EPL,Manchester Utd,Michael Carrick,eng ENG,MF,36.0,1.2,0.0,2.0,1.0,50.0,1.65,0.83,0.0,0.0,14.7,0.0,0.0,,0.0,0.5,0.5,0.26,-0.5,-0.5,Matches,,,,,,,,,,,,,,,,,,,,,,,,,,
2017-2018,EPL,Manchester Utd,Zlatan Ibrahimović,se SWE,"MF,FW",35.0,1.2,0.0,4.0,1.0,25.0,3.4,0.85,0.0,0.0,16.7,0.0,0.0,,0.0,0.2,0.2,0.05,-0.2,-0.2,Matches,,,,,,,,,,,,,,,,,,,,,,,,,,
2017-2018,EPL,Manchester Utd,Sergio Romero,ar ARG,GK,30.0,1.0,0.0,0.0,0.0,,0.0,0.0,,,,0.0,0.0,,0.0,0.0,0.0,,0.0,0.0,Matches,,,,,,,,,,,,,,,,,,,,,,,,,,
2017-2018,EPL,Manchester Utd,Axel Tuanzebe,eng ENG,FW,19.0,0.0,0.0,0.0,0.0,,0.0,0.0,,,,0.0,0.0,,0.0,0.0,0.0,,0.0,0.0,Matches,,,,,,,,,,,,,,,,,,,,,,,,,,
2017-2018,EPL,Manchester Utd,Squad Total,,,26.7,38.0,67.0,509.0,170.0,33.4,13.39,4.47,0.13,0.39,18.4,1.0,3.0,,21.0,55.7,53.3,0.11,11.3,12.7,,,,,,,,,,,,,,,,,,,,,,,,,,,
2017-2018,EPL,Manchester Utd,Opponent Total,,,26.9,38.0,26.0,435.0,142.0,32.6,11.45,3.74,0.06,0.18,17.9,1.0,1.0,,12.0,40.7,39.9,0.09,-14.7,-14.9,,,,,,,,,,,,,,,,,,,,,,,,,,,
2017-2018,EPL,Tottenham,Christian Eriksen,dk DEN,"MF,FW",25.0,35.8,10.0,97.0,39.0,40.2,2.71,1.09,0.1,0.26,23.0,0.0,0.0,,16.0,7.0,7.0,0.07,3.0,3.0,Matches,,,,,,,,,,,,,,,,,,,,,,,,,,
2017-2018,EPL,Tottenham,Hugo Lloris,fr FRA,GK,30.0,36.0,0.0,0.0,0.0,,0.0,0.0,,,,0.0,0.0,,0.0,0.0,0.0,,0.0,0.0,Matches,,,,,,,,,,,,,,,,,,,,,,,,,,
2017-2018,EPL,Tottenham,Jan Vertonghen,be BEL,DF,30.0,35.6,0.0,24.0,3.0,12.5,0.67,0.08,0.0,0.0,21.9,0.0,0.0,,0.0,1.0,1.0,0.04,-1.0,-1.0,Matches,,,,,,,,,,,,,,,,,,,,,,,,,,
2017-2018,EPL,Tottenham,Harry Kane,eng ENG,FW,24.0,34.2,30.0,181.0,72.0,39.8,5.3,2.11,0.15,0.39,16.9,2.0,3.0,,10.0,24.8,22.4,0.12,5.2,5.6,Matches,,,,,,,,,,,,,,,,,,,,,,,,,,
2017-2018,EPL,Tottenham,Dele Alli,eng ENG,"MF,FW",21.0,32.9,9.0,69.0,17.0,24.6,2.1,0.52,0.13,0.53,15.9,0.0,0.0,,0.0,9.1,9.1,0.13,-0.1,-0.1,Matches,,,,,,,,,,,,,,,,,,,,,,,,,,
2017-2018,EPL,Tottenham,Eric Dier,eng ENG,"MF,DF",23.0,31.4,0.0,32.0,7.0,21.9,1.02,0.22,0.0,0.0,17.5,0.0,0.0,,1.0,2.0,2.0,0.06,-2.0,-2.0,Matches,,,,,,,,,,,,,,,,,,,,,,,,,,
2017-2018,EPL,Tottenham,Davinson Sánchez,co COL,DF,21.0,28.2,0.0,9.0,1.0,11.1,0.32,0.04,0.0,0.0,13.3,0.0,0.0,,0.0,0.5,0.5,0.06,-0.5,-0.5,Matches,,,,,,,,,,,,,,,,,,,,,,,,,,
2017-2018,EPL,Tottenham,Son Heung-min,kr KOR,FW,25.0,25.7,12.0,75.0,33.0,44.0,2.91,1.28,0.16,0.36,16.3,0.0,0.0,,0.0,10.2,10.2,0.14,1.8,1.8,Matches,,,,,,,,,,,,,,,,,,,,,,,,,,
2017-2018,EPL,Tottenham,Ben Davies,wls WAL,DF,24.0,25.8,2.0,18.0,6.0,33.3,0.7,0.23,0.11,0.33,21.2,0.0,0.0,,0.0,1.1,1.1,0.06,0.9,0.9,Matches,,,,,,,,,,,,,,,,,,,,,,,,,,
2017-2018,EPL,Tottenham,Kieran Trippier,eng ENG,DF,26.0,21.3,0.0,7.0,1.0,14.3,0.33,0.05,0.0,0.0,24.4,0.0,0.0,,1.0,0.4,0.4,0.06,-0.4,-0.4,Matches,,,,,,,,,,,,,,,,,,,,,,,,,,
2017-2018,EPL,Tottenham,Mousa Dembélé,be BEL,MF,30.0,20.9,0.0,11.0,3.0,27.3,0.53,0.14,0.0,0.0,24.7,0.0,0.0,,0.0,0.4,0.4,0.03,-0.4,-0.4,Matches,,,,,,,,,,,,,,,,,,,,,,,,,,
2017-2018,EPL,Tottenham,Serge Aurier,ci CIV,DF,24.0,15.9,2.0,15.0,5.0,33.3,0.94,0.31,0.13,0.4,21.2,0.0,0.0,,0.0,0.8,0.8,0.05,1.2,1.2,Matches,,,,,,,,,,,,,,,,,,,,,,,,,,
2017-2018,EPL,Tottenham,Moussa Sissoko,fr FRA,"MF,FW",27.0,15.4,1.0,19.0,7.0,36.8,1.23,0.45,0.05,0.14,15.8,0.0,0.0,,0.0,2.2,2.2,0.12,-1.2,-1.2,Matches,,,,,,,,,,,,,,,,,,,,,,,,,,
2017-2018,EPL,Tottenham,Toby Alderweireld,be BEL,DF,28.0,13.1,0.0,10.0,1.0,10.0,0.76,0.08,0.0,0.0,20.7,0.0,0.0,,0.0,0.4,0.4,0.04,-0.4,-0.4,Matches,,,,,,,,,,,,,,,,,,,,,,,,,,
2017-2018,EPL,Tottenham,Danny Rose,eng ENG,DF,27.0,8.9,0.0,7.0,1.0,14.3,0.79,0.11,0.0,0.0,18.7,0.0,0.0,,0.0,0.6,0.6,0.09,-0.6,-0.6,Matches,,,,,,,,,,,,,,,,,,,,,,,,,,
2017-2018,EPL,Tottenham,Harry Winks,eng ENG,MF,21.0,8.6,0.0,3.0,0.0,0.0,0.35,0.0,0.0,,29.6,0.0,0.0,,0.0,0.1,0.1,0.03,-0.1,-0.1,Matches,,,,,,,,,,,,,,,,,,,,,,,,,,
2017-2018,EPL,Tottenham,Victor Wanyama,ke KEN,MF,26.0,9.4,1.0,12.0,3.0,25.0,1.28,0.32,0.08,0.33,23.1,0.0,0.0,,0.0,0.5,0.5,0.04,0.5,0.5,Matches,,,,,,,,,,,,,,,,,,,,,,,,,,
2017-2018,EPL,Tottenham,Érik Lamela,ar ARG,"FW,MF",25.0,9.4,2.0,20.0,6.0,30.0,2.14,0.64,0.1,0.33,14.2,0.0,0.0,,0.0,3.4,3.4,0.17,-1.4,-1.4,Matches,,,,,,,,,,,,,,,,,,,,,,,,,,
2017-2018,EPL,Tottenham,Lucas Moura,br BRA,"FW,MF",24.0,2.3,0.0,5.0,2.0,40.0,2.14,0.86,0.0,0.0,24.8,0.0,0.0,,0.0,0.2,0.2,0.04,-0.2,-0.2,Matches,,,,,,,,,,,,,,,,,,,,,,,,,,
2017-2018,EPL,Tottenham,Kyle Walker-Peters,eng ENG,DF,20.0,2.1,0.0,0.0,0.0,,0.0,0.0,,,,0.0,0.0,,0.0,0.0,0.0,,0.0,0.0,Matches,,,,,,,,,,,,,,,,,,,,,,,,,,
2017-2018,EPL,Tottenham,Fernando Llorente,es ESP,"FW,MF",32.0,2.6,1.0,6.0,2.0,33.3,2.27,0.76,0.17,0.5,12.5,0.0,0.0,,0.0,1.0,1.0,0.17,0.0,0.0,Matches,,,,,,,,,,,,,,,,,,,,,,,,,,
2017-2018,EPL,Tottenham,Paulo Gazzaniga,ar ARG,GK,25.0,1.0,0.0,0.0,0.0,,0.0,0.0,,,,0.0,0.0,,0.0,0.0,0.0,,0.0,0.0,Matches,,,,,,,,,,,,,,,,,,,,,,,,,,
2017-2018,EPL,Tottenham,Michel Vorm,nl NED,GK,33.0,1.0,0.0,0.0,0.0,,0.0,0.0,,,,0.0,0.0,,0.0,0.0,0.0,,0.0,0.0,Matches,,,,,,,,,,,,,,,,,,,,,,,,,,
2017-2018,EPL,Tottenham,Vincent Janssen,nl NED,DF,23.0,0.0,0.0,0.0,0.0,,0.0,0.0,,,,0.0,0.0,,0.0,0.0,0.0,,0.0,0.0,Matches,,,,,,,,,,,,,,,,,,,,,,,,,,
2017-2018,EPL,Tottenham,Georges-Kévin N'Koudou,cm CMR,MF,22.0,0.0,0.0,0.0,0.0,,0.0,0.0,,,,0.0,0.0,,0.0,0.0,0.0,,0.0,0.0,Matches,,,,,,,,,,,,,,,,,,,,,,,,,,
2017-2018,EPL,Tottenham,Squad Total,,,25.8,38.0,70.0,620.0,209.0,33.7,16.32,5.5,0.11,0.33,18.4,2.0,3.0,,28.0,64.7,62.3,0.1,5.3,5.7,,,,,,,,,,,,,,,,,,,,,,,,,,,
2017-2018,EPL,Tottenham,Opponent Total,,,26.9,38.0,35.0,353.0,122.0,34.6,9.29,3.21,0.09,0.27,16.9,2.0,3.0,,10.0,33.9,31.5,0.09,1.1,1.5,,,,,,,,,,,,,,,,,,,,,,,,,,,
2017-2018,EPL,Liverpool,Mohamed Salah,eg EGY,FW,25.0,32.3,32.0,142.0,64.0,45.1,4.4,1.98,0.22,0.48,15.3,1.0,2.0,,4.0,24.1,22.6,0.16,7.9,8.4,Matches,,,,,,,,,,,,,,,,,,,,,,,,,,
2017-2018,EPL,Liverpool,Roberto Firmino,br BRA,FW,25.0,30.7,15.0,83.0,36.0,43.4,2.7,1.17,0.17,0.39,17.1,1.0,1.0,,0.0,10.7,9.9,0.12,4.3,4.1,Matches,,,,,,,,,,,,,,,,,,,,,,,,,,
2017-2018,EPL,Liverpool,Sadio Mané,sn SEN,FW,25.0,24.3,10.0,70.0,26.0,37.1,2.88,1.07,0.14,0.38,15.4,0.0,0.0,,0.0,10.6,10.6,0.15,-0.6,-0.6,Matches,,,,,,,,,,,,,,,,,,,,,,,,,,
2017-2018,EPL,Liverpool,Georginio Wijnaldum,nl NED,MF,26.0,26.5,1.0,38.0,9.0,23.7,1.43,0.34,0.03,0.11,19.0,0.0,0.0,,1.0,2.8,2.8,0.07,-1.8,-1.8,Matches,,,,,,,,,,,,,,,,,,,,,,,,,,
2017-2018,EPL,Liverpool,Jordan Henderson,eng ENG,MF,27.0,24.1,1.0,15.0,3.0,20.0,0.62,0.12,0.07,0.33,23.8,0.0,0.0,,1.0,1.2,1.2,0.08,-0.2,-0.2,Matches,,,,,,,,,,,,,,,,,,,,,,,,,,
2017-2018,EPL,Liverpool,Dejan Lovren,hr CRO,DF,28.0,23.6,2.0,14.0,4.0,28.6,0.59,0.17,0.14,0.5,9.3,0.0,0.0,,0.0,1.4,1.4,0.1,0.6,0.6,Matches,,,,,,,,,,,,,,,,,,,,,,,,,,
2017-2018,EPL,Liverpool,Emre Can,de GER,MF,23.0,23.2,3.0,27.0,8.0,29.6,1.16,0.34,0.11,0.38,21.2,0.0,0.0,,1.0,1.8,1.8,0.07,1.2,1.2,Matches,,,,,,,,,,,,,,,,,,,,,,,,,,
2017-2018,EPL,Liverpool,Joël Matip,cm CMR,DF,25.0,22.2,1.0,11.0,2.0,18.2,0.5,0.09,0.09,0.5,11.0,0.0,0.0,,0.0,1.9,1.9,0.17,-0.9,-0.9,Matches,,,,,,,,,,,,,,,,,,,,,,,,,,
2017-2018,EPL,Liverpool,Andrew Robertson,sct SCO,DF,23.0,21.6,1.0,12.0,2.0,16.7,0.56,0.09,0.08,0.5,19.3,0.0,0.0,,0.0,0.5,0.5,0.05,0.5,0.5,Matches,,,,,,,,,,,,,,,,,,,,,,,,,,
2017-2018,EPL,Liverpool,Joe Gomez,eng ENG,DF,20.0,21.1,0.0,5.0,0.0,0.0,0.24,0.0,0.0,,21.9,0.0,0.0,,0.0,0.3,0.3,0.05,-0.3,-0.3,Matches,,,,,,,,,,,,,,,,,,,,,,,,,,
2017-2018,EPL,Liverpool,Loris Karius,de GER,GK,24.0,19.0,0.0,0.0,0.0,,0.0,0.0,,,,0.0,0.0,,0.0,0.0,0.0,,0.0,0.0,Matches,,,,,,,,,,,,,,,,,,,,,,,,,,
2017-2018,EPL,Liverpool,Simon Mignolet,be BEL,GK,29.0,19.0,0.0,0.0,0.0,,0.0,0.0,,,,0.0,0.0,,0.0,0.0,0.0,,0.0,0.0,Matches,,,,,,,,,,,,,,,,,,,,,,,,,,
2017-2018,EPL,Liverpool,Trent Alexander-Arnold,eng ENG,DF,18.0,17.5,1.0,12.0,5.0,41.7,0.69,0.29,0.08,0.2,21.5,0.0,0.0,,1.0,1.0,1.0,0.08,0.0,0.0,Matches,,,,,,,,,,,,,,,,,,,,,,,,,,
2017-2018,EPL,Liverpool,James Milner,eng ENG,MF,31.0,19.7,0.0,21.0,5.0,23.8,1.06,0.25,0.0,0.0,19.9,0.0,0.0,,1.0,1.1,1.1,0.05,-1.1,-1.1,Matches,,,,,,,,,,,,,,,,,,,,,,,,,,
2017-2018,EPL,Liverpool,Ragnar Klavan,ee EST,DF,31.0,16.1,1.0,1.0,1.0,100.0,0.06,0.06,1.0,1.0,0.9,0.0,0.0,,0.0,0.9,0.9,0.87,0.1,0.1,Matches,,,,,,,,,,,,,,,,,,,,,,,,,,
2017-2018,EPL,Liverpool,Alex Oxlade-Chamberlain,eng ENG,"MF,FW",23.0,16.6,3.0,38.0,15.0,39.5,2.29,0.9,0.08,0.2,21.1,0.0,0.0,,0.0,2.2,2.2,0.06,0.8,0.8,Matches,,,,,,,,,,,,,,,,,,,,,,,,,,
2017-2018,EPL,Liverpool,Alberto Moreno,es ESP,DF,25.0,14.1,0.0,12.0,2.0,16.7,0.85,0.14,0.0,0.0,22.9,0.0,0.0,,1.0,0.5,0.5,0.04,-0.5,-0.5,Matches,,,,,,,,,,,,,,,,,,,,,,,,,,
2017-2018,EPL,Liverpool,Virgil van Dijk,nl NED,DF,26.0,14.0,0.0,16.0,6.0,37.5,1.14,0.43,0.0,0.0,15.7,0.0,0.0,,1.0,1.2,1.2,0.07,-1.2,-1.2,Matches,,,,,,,,,,,,,,,,,,,,,,,,,,
2017-2018,EPL,Liverpool,Philippe Coutinho,br BRA,"MF,FW",25.0,12.3,7.0,54.0,17.0,31.5,4.38,1.38,0.13,0.41,24.0,0.0,0.0,,10.0,3.5,3.5,0.07,3.5,3.5,Matches,,,,,,,,,,,,,,,,,,,,,,,,,,
2017-2018,EPL,Liverpool,Dominic Solanke,eng ENG,FW,19.0,6.6,1.0,22.0,7.0,31.8,3.32,1.06,0.05,0.14,14.7,0.0,0.0,,0.0,3.5,3.5,0.16,-2.5,-2.5,Matches,,,,,,,,,,,,,,,,,,,,,,,,,,
2017-2018,EPL,Liverpool,Daniel Sturridge,eng ENG,FW,27.0,4.8,2.0,21.0,8.0,38.1,4.39,1.67,0.1,0.25,17.5,0.0,0.0,,1.0,2.3,2.3,0.11,-0.3,-0.3,Matches,,,,,,,,,,,,,,,,,,,,,,,,,,
2017-2018,EPL,Liverpool,Danny Ings,eng ENG,FW,25.0,3.0,1.0,8.0,5.0,62.5,2.7,1.69,0.13,0.2,11.8,0.0,0.0,,0.0,1.1,1.1,0.14,-0.1,-0.1,Matches,,,,,,,,,,,,,,,,,,,,,,,,,,
2017-2018,EPL,Liverpool,Nathaniel Clyne,eng ENG,"DF,FW",26.0,1.9,0.0,2.0,1.0,50.0,1.03,0.52,0.0,0.0,11.8,0.0,0.0,,0.0,0.1,0.1,0.06,-0.1,-0.1,Matches,,,,,,,,,,,,,,,,,,,,,,,,,,
2017-2018,EPL,Liverpool,Adam Lallana,eng ENG,"MF,FW",29.0,3.4,0.0,11.0,0.0,0.0,3.21,0.0,0.0,,18.9,0.0,0.0,,0.0,1.5,1.5,0.13,-1.5,-1.5,Matches,,,,,,,,,,,,,,,,,,,,,,,,,,
2017-2018,EPL,Liverpool,Marko Grujić,rs SRB,"MF,DF",21.0,0.2,0.0,0.0,0.0,,0.0,0.0,,,,0.0,0.0,,0.0,0.0,0.0,,0.0,0.0,Matches,,,,,,,,,,,,,,,,,,,,,,,,,,
2017-2018,EPL,Liverpool,Divock Origi,be BEL,FW,22.0,0.1,0.0,0.0,0.0,,0.0,0.0,,,,0.0,0.0,,0.0,0.0,0.0,,0.0,0.0,Matches,,,,,,,,,,,,,,,,,,,,,,,,,,
2017-2018,EPL,Liverpool,Ben Woodburn,wls WAL,FW,17.0,0.1,0.0,0.0,0.0,,0.0,0.0,,,,0.0,0.0,,0.0,0.0,0.0,,0.0,0.0,Matches,,,,,,,,,,,,,,,,,,,,,,,,,,
2017-2018,EPL,Liverpool,Squad Total,,,25.6,38.0,82.0,635.0,226.0,35.6,16.71,5.95,0.13,0.35,17.7,2.0,3.0,,22.0,72.9,70.6,0.11,9.1,9.4,,,,,,,,,,,,,,,,,,,,,,,,,,,
2017-2018,EPL,Liverpool,Opponent Total,,,27.1,38.0,38.0,276.0,98.0,35.5,7.26,2.58,0.12,0.35,17.6,4.0,6.0,,11.0,33.8,29.0,0.11,4.2,5.0,,,,,,,,,,,,,,,,,,,,,,,,,,,
2017-2018,EPL,Chelsea,César Azpilicueta,es ESP,DF,27.0,37.0,2.0,13.0,3.0,23.1,0.35,0.08,0.15,0.67,19.4,0.0,0.0,,0.0,1.3,1.3,0.1,0.7,0.7,Matches,,,,,,,,,,,,,,,,,,,,,,,,,,
2017-2018,EPL,Chelsea,Thibaut Courtois,be BEL,GK,25.0,35.0,0.0,0.0,0.0,,0.0,0.0,,,,0.0,0.0,,0.0,0.0,0.0,,0.0,0.0,Matches,,,,,,,,,,,,,,,,,,,,,,,,,,
2017-2018,EPL,Chelsea,N'Golo Kanté,fr FRA,MF,26.0,33.3,1.0,25.0,5.0,20.0,0.75,0.15,0.04,0.2,25.7,0.0,0.0,,0.0,0.8,0.8,0.03,0.2,0.2,Matches,,,,,,,,,,,,,,,,,,,,,,,,,,
2017-2018,EPL,Chelsea,Marcos Alonso,es ESP,"DF,MF",26.0,31.7,7.0,65.0,22.0,33.8,2.05,0.69,0.11,0.32,17.0,0.0,0.0,,9.0,4.1,4.1,0.06,2.9,2.9,Matches,,,,,,,,,,,,,,,,,,,,,,,,,,
2017-2018,EPL,Chelsea,Eden Hazard,be BEL,"FW,MF",26.0,26.9,12.0,69.0,34.0,49.3,2.56,1.26,0.14,0.29,17.4,2.0,2.0,,1.0,7.7,6.2,0.09,4.3,3.8,Matches,,,,,,,,,,,,,,,,,,,,,,,,,,
2017-2018,EPL,Chelsea,Antonio Rüdiger,de GER,DF,24.0,26.0,2.0,15.0,4.0,26.7,0.58,0.15,0.13,0.5,16.5,0.0,0.0,,0.0,1.7,1.7,0.12,0.3,0.3,Matches,,,,,,,,,,,,,,,,,,,,,,,,,,
2017-2018,EPL,Chelsea,Cesc Fàbregas,es ESP,MF,30.0,25.6,2.0,38.0,10.0,26.3,1.48,0.39,0.05,0.2,19.2,0.0,0.0,,2.0,2.4,2.4,0.06,-0.4,-0.4,Matches,,,,,,,,,,,,,,,,,,,,,,,,,,
2017-2018,EPL,Chelsea,Victor Moses,ng NGA,"DF,MF",26.0,23.4,3.0,35.0,11.0,31.4,1.49,0.47,0.09,0.27,16.8,0.0,0.0,,0.0,3.0,3.0,0.09,0.0,0.0,Matches,,,,,,,,,,,,,,,,,,,,,,,,,,
2017-2018,EPL,Chelsea,Tiemoué Bakayoko,fr FRA,MF,22.0,23.6,2.0,40.0,8.0,20.0,1.69,0.34,0.05,0.25,18.5,0.0,0.0,,0.0,3.2,3.2,0.08,-1.2,-1.2,Matches,,,,,,,,,,,,,,,,,,,,,,,,,,
2017-2018,EPL,Chelsea,Gary Cahill,eng ENG,DF,31.0,23.2,0.0,10.0,3.0,30.0,0.43,0.13,0.0,0.0,19.6,0.0,0.0,,0.0,0.5,0.5,0.05,-0.5,-0.5,Matches,,,,,,,,,,,,,,,,,,,,,,,,,,
2017-2018,EPL,Chelsea,Álvaro Morata,es ESP,FW,24.0,22.9,11.0,79.0,34.0,43.0,3.45,1.48,0.14,0.32,13.6,0.0,0.0,,0.0,13.0,13.0,0.16,-2.0,-2.0,Matches,,,,,,,,,,,,,,,,,,,,,,,,,,
2017-2018,EPL,Chelsea,Andreas Christensen,dk DEN,DF,21.0,23.2,0.0,12.0,1.0,8.3,0.52,0.04,0.0,0.0,10.9,0.0,0.0,,0.0,0.9,0.9,0.07,-0.9,-0.9,Matches,,,,,,,,,,,,,,,,,,,,,,,,,,
2017-2018,EPL,Chelsea,Willian,br BRA,"MF,FW",28.0,21.0,6.0,53.0,23.0,43.4,2.52,1.1,0.09,0.22,19.8,1.0,1.0,,5.0,5.5,4.7,0.09,0.5,0.3,Matches,,,,,,,,,,,,,,,,,,,,,,,,,,
2017-2018,EPL,Chelsea,Pedro,es ESP,"MF,FW",30.0,16.9,4.0,56.0,20.0,35.7,3.31,1.18,0.07,0.2,21.5,0.0,0.0,,1.0,3.0,3.0,0.05,1.0,1.0,Matches,,,,,,,,,,,,,,,,,,,,,,,,,,
2017-2018,EPL,Chelsea,Davide Zappacosta,it ITA,"DF,MF",25.0,12.2,1.0,25.0,9.0,36.0,2.05,0.74,0.04,0.11,20.3,0.0,0.0,,0.0,1.4,1.4,0.06,-0.4,-0.4,Matches,,,,,,,,,,,,,,,,,,,,,,,,,,
2017-2018,EPL,Chelsea,David Luiz,br BRA,"DF,MF",30.0,9.3,1.0,11.0,4.0,36.4,1.18,0.43,0.09,0.25,22.7,0.0,0.0,,2.0,0.9,0.9,0.08,0.1,0.1,Matches,,,,,,,,,,,,,,,,,,,,,,,,,,
2017-2018,EPL,Chelsea,Olivier Giroud,fr FRA,FW,30.0,6.8,3.0,30.0,8.0,26.7,4.4,1.17,0.1,0.38,11.5,0.0,0.0,,0.0,3.6,3.6,0.12,-0.6,-0.6,Matches,,,,,,,,,,,,,,,,,,,,,,,,,,
2017-2018,EPL,Chelsea,Danny Drinkwater,eng ENG,MF,27.0,5.9,1.0,6.0,2.0,33.3,1.02,0.34,0.17,0.5,22.7,0.0,0.0,,0.0,0.2,0.2,0.03,0.8,0.8,Matches,,,,,,,,,,,,,,,,,,,,,,,,,,
2017-2018,EPL,Chelsea,Michy Batshuayi,be BEL,FW,23.0,4.0,2.0,13.0,5.0,38.5,3.25,1.25,0.15,0.4,18.0,0.0,0.0,,0.0,1.1,1.1,0.09,0.9,0.9,Matches,,,,,,,,,,,,,,,,,,,,,,,,,,
2017-2018,EPL,Chelsea,Emerson Palmieri,it ITA,DF,22.0,3.1,0.0,2.0,2.0,100.0,0.64,0.64,0.0,0.0,18.2,0.0,0.0,,0.0,0.1,0.1,0.06,-0.1,-0.1,Matches,,,,,,,,,,,,,,,,,,,,,,,,,,
2017-2018,EPL,Chelsea,Willy Caballero,ar ARG,GK,35.0,3.0,0.0,0.0,0.0,,0.0,0.0,,,,0.0,0.0,,0.0,0.0,0.0,,0.0,0.0,Matches,,,,,,,,,,,,,,,,,,,,,,,,,,
2017-2018,EPL,Chelsea,Ross Barkley,eng ENG,MF,23.0,1.4,0.0,2.0,1.0,50.0,1.4,0.7,0.0,0.0,13.1,0.0,0.0,,0.0,0.8,0.8,0.38,-0.8,-0.8,Matches,,,,,,,,,,,,,,,,,,,,,,,,,,
2017-2018,EPL,Chelsea,Jeremie Boga,ci CIV,MF,20.0,0.2,0.0,0.0,0.0,,0.0,0.0,,,,0.0,0.0,,0.0,0.0,0.0,,0.0,0.0,Matches,,,,,,,,,,,,,,,,,,,,,,,,,,
2017-2018,EPL,Chelsea,Charly Musonda Jr.,be BEL,FW,20.0,0.4,0.0,2.0,0.0,0.0,4.86,0.0,0.0,,20.6,0.0,0.0,,0.0,0.2,0.2,0.08,-0.2,-0.2,Matches,,,,,,,,,,,,,,,,,,,,,,,,,,
2017-2018,EPL,Chelsea,Callum Hudson-Odoi,eng ENG,"FW,DF",16.0,0.3,0.0,2.0,1.0,50.0,6.21,3.1,0.0,0.0,19.9,0.0,0.0,,0.0,0.1,0.1,0.04,-0.1,-0.1,Matches,,,,,,,,,,,,,,,,,,,,,,,,,,
2017-2018,EPL,Chelsea,Ethan Ampadu,wls WAL,DF,16.0,0.1,0.0,0.0,0.0,,0.0,0.0,,,,0.0,0.0,,0.0,0.0,0.0,,0.0,0.0,Matches,,,,,,,,,,,,,,,,,,,,,,,,,,
2017-2018,EPL,Chelsea,Squad Total,,,26.7,38.0,60.0,603.0,210.0,34.8,15.87,5.53,0.09,0.27,17.9,3.0,3.0,,20.0,54.4,52.0,0.09,5.6,5.0,,,,,,,,,,,,,,,,,,,,,,,,,,,
2017-2018,EPL,Chelsea,Opponent Total,,,26.9,38.0,36.0,375.0,115.0,30.7,9.87,3.03,0.09,0.3,18.3,2.0,2.0,,11.0,33.8,32.2,0.09,2.2,1.8,,,,,,,,,,,,,,,,,,,,,,,,,,,
2017-2018,EPL,Arsenal,Granit Xhaka,ch SUI,MF,24.0,36.2,1.0,66.0,17.0,25.8,1.82,0.47,0.02,0.06,27.7,0.0,0.0,,8.0,2.4,2.4,0.04,-1.4,-1.4,Matches,,,,,,,,,,,,,,,,,,,,,,,,,,
2017-2018,EPL,Arsenal,Héctor Bellerín,es ESP,DF,22.0,33.9,2.0,29.0,8.0,27.6,0.86,0.24,0.07,0.25,17.3,0.0,0.0,,0.0,2.2,2.2,0.08,-0.2,-0.2,Matches,,,,,,,,,,,,,,,,,,,,,,,,,,
2017-2018,EPL,Arsenal,Petr Čech,cz CZE,GK,35.0,33.8,0.0,0.0,0.0,,0.0,0.0,,,,0.0,0.0,,0.0,0.0,0.0,,0.0,0.0,Matches,,,,,,,,,,,,,,,,,,,,,,,,,,
2017-2018,EPL,Arsenal,Nacho Monreal,es ESP,DF,31.0,24.9,5.0,22.0,8.0,36.4,0.88,0.32,0.23,0.63,17.8,0.0,0.0,,0.0,1.7,1.7,0.08,3.3,3.3,Matches,,,,,,,,,,,,,,,,,,,,,,,,,,
2017-2018,EPL,Arsenal,Alexandre Lacazette,fr FRA,FW,26.0,24.5,14.0,66.0,32.0,48.5,2.7,1.31,0.18,0.38,13.6,2.0,2.0,,0.0,13.7,12.1,0.18,0.3,-0.1,Matches,,,,,,,,,,,,,,,,,,,,,,,,,,
2017-2018,EPL,Arsenal,Shkodran Mustafi,de GER,DF,25.0,25.3,3.0,13.0,5.0,38.5,0.51,0.2,0.23,0.6,13.0,0.0,0.0,,0.0,0.8,0.8,0.06,2.2,2.2,Matches,,,,,,,,,,,,,,,,,,,,,,,,,,
2017-2018,EPL,Arsenal,Laurent Koscielny,fr FRA,DF,31.0,24.7,2.0,9.0,2.0,22.2,0.36,0.08,0.22,1.0,9.4,0.0,0.0,,0.0,1.9,1.9,0.21,0.1,0.1,Matches,,,,,,,,,,,,,,,,,,,,,,,,,,
2017-2018,EPL,Arsenal,Sead Kolašinac,ba BIH,DF,24.0,23.9,2.0,21.0,6.0,28.6,0.88,0.25,0.1,0.33,13.2,0.0,0.0,,0.0,2.2,2.2,0.11,-0.2,-0.2,Matches,,,,,,,,,,,,,,,,,,,,,,,,,,
2017-2018,EPL,Arsenal,Mesut Özil,de GER,"MF,FW",28.0,24.0,4.0,39.0,13.0,33.3,1.62,0.54,0.1,0.31,18.7,0.0,0.0,,6.0,4.4,4.4,0.11,-0.4,-0.4,Matches,,,,,,,,,,,,,,,,,,,,,,,,,,
2017-2018,EPL,Arsenal,Alex Iwobi,ng NGA,"MF,FW",21.0,20.3,3.0,45.0,22.0,48.9,2.21,1.08,0.07,0.14,18.4,0.0,0.0,,0.0,3.9,3.9,0.09,-0.9,-0.9,Matches,,,,,,,,,,,,,,,,,,,,,,,,,,
2017-2018,EPL,Arsenal,Aaron Ramsey,wls WAL,MF,26.0,20.5,7.0,56.0,25.0,44.6,2.73,1.22,0.13,0.28,16.6,0.0,0.0,,0.0,6.1,6.1,0.11,0.9,0.9,Matches,,,,,,,,,,,,,,,,,,,,,,,,,,
2017-2018,EPL,Arsenal,Alexis Sánchez,cl CHI,"MF,FW",28.0,16.7,7.0,68.0,24.0,35.3,4.07,1.44,0.09,0.25,19.9,1.0,1.0,,14.0,8.1,7.3,0.11,-1.1,-1.3,Matches,,,,,,,,,,,,,,,,,,,,,,,,,,
2017-2018,EPL,Arsenal,Danny Welbeck,eng ENG,"FW,MF",26.0,13.3,5.0,32.0,13.0,40.6,2.41,0.98,0.16,0.38,14.5,0.0,0.0,,0.0,5.5,5.5,0.17,-0.5,-0.5,Matches,,,,,,,,,,,,,,,,,,,,,,,,,,
2017-2018,EPL,Arsenal,Jack Wilshere,eng ENG,MF,25.0,13.3,1.0,15.0,5.0,33.3,1.13,0.38,0.07,0.2,19.0,0.0,0.0,,0.0,1.1,1.1,0.07,-0.1,-0.1,Matches,,,,,,,,,,,,,,,,,,,,,,,,,,
2017-2018,EPL,Arsenal,Pierre-Emerick Aubameyang,ga GAB,FW,28.0,11.7,10.0,29.0,17.0,58.6,2.47,1.45,0.31,0.53,14.6,1.0,2.0,,1.0,8.4,6.8,0.24,1.6,2.2,Matches,,,,,,,,,,,,,,,,,,,,,,,,,,
2017-2018,EPL,Arsenal,Mohamed Elneny,eg EGY,MF,25.0,9.6,0.0,8.0,1.0,12.5,0.83,0.1,0.0,0.0,24.5,0.0,0.0,,0.0,0.3,0.3,0.04,-0.3,-0.3,Matches,,,,,,,,,,,,,,,,,,,,,,,,,,
2017-2018,EPL,Arsenal,Calum Chambers,eng ENG,DF,22.0,9.6,0.0,10.0,3.0,30.0,1.04,0.31,0.0,0.0,13.8,0.0,0.0,,0.0,1.4,1.4,0.14,-1.4,-1.4,Matches,,,,,,,,,,,,,,,,,,,,,,,,,,
2017-2018,EPL,Arsenal,Rob Holding,eng ENG,DF,21.0,9.1,0.0,1.0,0.0,0.0,0.11,0.0,0.0,,10.0,0.0,0.0,,0.0,0.1,0.1,0.11,-0.1,-0.1,Matches,,,,,,,,,,,,,,,,,,,,,,,,,,
2017-2018,EPL,Arsenal,Henrikh Mkhitaryan,am ARM,"FW,MF",28.0,8.8,2.0,21.0,11.0,52.4,2.38,1.25,0.1,0.18,18.5,0.0,0.0,,1.0,1.5,1.5,0.07,0.5,0.5,Matches,,,,,,,,,,,,,,,,,,,,,,,,,,
2017-2018,EPL,Arsenal,Ainsley Maitland-Niles,eng ENG,"DF,MF",19.0,10.2,0.0,5.0,0.0,0.0,0.49,0.0,0.0,,20.9,0.0,0.0,,0.0,0.2,0.2,0.05,-0.2,-0.2,Matches,,,,,,,,,,,,,,,,,,,,,,,,,,
2017-2018,EPL,Arsenal,David Ospina,co COL,GK,28.0,4.2,0.0,0.0,0.0,,0.0,0.0,,,,0.0,0.0,,0.0,0.0,0.0,,0.0,0.0,Matches,,,,,,,,,,,,,,,,,,,,,,,,,,
2017-2018,EPL,Arsenal,Per Mertesacker,de GER,DF,32.0,4.1,1.0,2.0,2.0,100.0,0.49,0.49,0.5,0.5,10.4,0.0,0.0,,0.0,0.2,0.2,0.1,0.8,0.8,Matches,,,,,,,,,,,,,,,,,,,,,,,,,,
2017-2018,EPL,Arsenal,Alex Oxlade-Chamberlain,eng ENG,DF,23.0,2.7,0.0,9.0,2.0,22.2,3.36,0.75,0.0,0.0,25.3,0.0,0.0,,0.0,0.3,0.3,0.03,-0.3,-0.3,Matches,,,,,,,,,,,,,,,,,,,,,,,,,,
2017-2018,EPL,Arsenal,Konstantinos Mavropanos,gr GRE,DF,19.0,2.2,0.0,0.0,0.0,,0.0,0.0,,,,0.0,0.0,,0.0,0.0,0.0,,0.0,0.0,Matches,,,,,,,,,,,,,,,,,,,,,,,,,,
2017-2018,EPL,Arsenal,Reiss Nelson,eng ENG,"FW,MF",17.0,1.6,0.0,2.0,0.0,0.0,1.24,0.0,0.0,,18.3,0.0,0.0,,0.0,0.1,0.1,0.05,-0.1,-0.1,Matches,,,,,,,,,,,,,,,,,,,,,,,,,,
2017-2018,EPL,Arsenal,Olivier Giroud,fr FRA,FW,30.0,4.3,4.0,18.0,6.0,33.3,4.18,1.39,0.22,0.67,10.6,0.0,0.0,,0.0,3.3,3.3,0.18,0.7,0.7,Matches,,,,,,,,,,,,,,,,,,,,,,,,,,
2017-2018,EPL,Arsenal,Francis Coquelin,fr FRA,"MF,DF",26.0,1.9,0.0,1.0,0.0,0.0,0.53,0.0,0.0,,20.9,0.0,0.0,,0.0,0.1,0.1,0.06,-0.1,-0.1,Matches,,,,,,,,,,,,,,,,,,,,,,,,,,
2017-2018,EPL,Arsenal,Joe Willock,eng ENG,MF,17.0,0.9,0.0,1.0,0.0,0.0,1.1,0.0,0.0,,13.0,0.0,0.0,,0.0,0.1,0.1,0.08,-0.1,-0.1,Matches,,,,,,,,,,,,,,,,,,,,,,,,,,
2017-2018,EPL,Arsenal,Theo Walcott,eng ENG,"FW,MF",28.0,0.8,0.0,0.0,0.0,,0.0,0.0,,,,0.0,0.0,,0.0,0.0,0.0,,0.0,0.0,Matches,,,,,,,,,,,,,,,,,,,,,,,,,,
2017-2018,EPL,Arsenal,Eddie Nketiah,eng ENG,FW,18.0,0.2,0.0,1.0,1.0,100.0,4.5,4.5,0.0,0.0,10.1,0.0,0.0,,0.0,0.1,0.1,0.06,-0.1,-0.1,Matches,,,,,,,,,,,,,,,,,,,,,,,,,,
2017-2018,EPL,Arsenal,Squad Total,,,26.8,38.0,73.0,589.0,223.0,37.9,15.5,5.87,0.12,0.31,17.9,4.0,5.0,,30.0,68.3,64.3,0.11,4.7,4.7,,,,,,,,,,,,,,,,,,,,,,,,,,,
2017-2018,EPL,Arsenal,Opponent Total,,,27.0,38.0,51.0,418.0,141.0,33.7,11.0,3.71,0.11,0.33,17.3,5.0,6.0,,12.0,47.8,43.1,0.1,3.2,2.9,,,,,,,,,,,,,,,,,,,,,,,,,,,
2017-2018,EPL,Burnley,Jack Cork,eng ENG,MF,28.0,38.0,2.0,15.0,5.0,33.3,0.39,0.13,0.13,0.4,17.6,0.0,0.0,,0.0,2.2,2.2,0.15,-0.2,-0.2,Matches,,,,,,,,,,,,,,,,,,,,,,,,,,
2017-2018,EPL,Burnley,Nick Pope,eng ENG,GK,25.0,34.6,0.0,0.0,0.0,,0.0,0.0,,,,0.0,0.0,,0.0,0.0,0.0,,0.0,0.0,Matches,,,,,,,,,,,,,,,,,,,,,,,,,,
2017-2018,EPL,Burnley,Jóhann Berg Guðmundsson,is ISL,MF,26.0,31.5,2.0,54.0,18.0,33.3,1.72,0.57,0.04,0.11,21.7,0.0,0.0,,6.0,3.5,3.5,0.07,-1.5,-1.5,Matches,,,,,,,,,,,,,,,,,,,,,,,,,,
2017-2018,EPL,Burnley,James Tarkowski,eng ENG,DF,24.0,31.0,0.0,18.0,4.0,22.2,0.58,0.13,0.0,0.0,9.9,0.0,0.0,,0.0,1.4,1.4,0.08,-1.4,-1.4,Matches,,,,,,,,,,,,,,,,,,,,,,,,,,
2017-2018,EPL,Burnley,Ben Mee,eng ENG,DF,27.0,29.0,0.0,25.0,7.0,28.0,0.86,0.24,0.0,0.0,12.4,0.0,0.0,,1.0,1.9,1.9,0.07,-1.9,-1.9,Matches,,,,,,,,,,,,,,,,,,,,,,,,,,
2017-2018,EPL,Burnley,Jeff Hendrick,ie IRL,"FW,MF",25.0,25.9,2.0,25.0,6.0,24.0,0.97,0.23,0.08,0.33,19.7,0.0,0.0,,0.0,2.0,2.0,0.08,0.0,0.0,Matches,,,,,,,,,,,,,,,,,,,,,,,,,,
2017-2018,EPL,Burnley,Stephen Ward,ie IRL,DF,31.0,27.3,1.0,6.0,1.0,16.7,0.22,0.04,0.17,1.0,17.2,0.0,0.0,,0.0,0.3,0.3,0.06,0.7,0.7,Matches,,,,,,,,,,,,,,,,,,,,,,,,,,
2017-2018,EPL,Burnley,Matthew Lowton,eng ENG,DF,28.0,25.5,0.0,4.0,1.0,25.0,0.16,0.04,0.0,0.0,25.9,0.0,0.0,,0.0,0.1,0.1,0.02,-0.1,-0.1,Matches,,,,,,,,,,,,,,,,,,,,,,,,,,
2017-2018,EPL,Burnley,Steven Defour,be BEL,MF,29.0,22.2,1.0,19.0,7.0,36.8,0.86,0.32,0.05,0.14,25.9,0.0,0.0,,4.0,0.8,0.8,0.04,0.3,0.3,Matches,,,,,,,,,,,,,,,,,,,,,,,,,,
2017-2018,EPL,Burnley,Ashley Barnes,eng ENG,FW,27.0,24.1,9.0,60.0,22.0,36.7,2.49,0.91,0.15,0.41,15.4,0.0,0.0,,0.0,6.7,6.7,0.11,2.3,2.3,Matches,,,,,,,,,,,,,,,,,,,,,,,,,,
2017-2018,EPL,Burnley,Chris Wood,nz NZL,FW,25.0,18.0,10.0,39.0,24.0,61.5,2.16,1.33,0.26,0.42,12.3,0.0,0.0,,0.0,7.0,7.0,0.19,3.0,3.0,Matches,,,,,,,,,,,,,,,,,,,,,,,,,,
2017-2018,EPL,Burnley,Kevin Long,ie IRL,DF,26.0,16.0,1.0,10.0,2.0,20.0,0.62,0.12,0.1,0.5,7.6,0.0,0.0,,0.0,1.2,1.2,0.12,-0.2,-0.2,Matches,,,,,,,,,,,,,,,,,,,,,,,,,,
2017-2018,EPL,Burnley,Scott Arfield,ca CAN,"MF,FW",28.0,14.8,2.0,18.0,7.0,38.9,1.22,0.47,0.11,0.29,18.4,0.0,0.0,,0.0,1.3,1.3,0.07,0.7,0.7,Matches,,,,,,,,,,,,,,,,,,,,,,,,,,
2017-2018,EPL,Burnley,Robbie Brady,ie IRL,MF,25.0,14.2,1.0,24.0,6.0,25.0,1.69,0.42,0.04,0.17,22.8,0.0,0.0,,5.0,1.2,1.2,0.05,-0.2,-0.2,Matches,,,,,,,,,,,,,,,,,,,,,,,,,,
2017-2018,EPL,Burnley,Phil Bardsley,sct SCO,DF,32.0,12.5,0.0,2.0,2.0,100.0,0.16,0.16,0.0,0.0,32.1,0.0,0.0,,0.0,0.0,0.0,0.02,0.0,0.0,Matches,,,,,,,,,,,,,,,,,,,,,,,,,,
2017-2018,EPL,Burnley,Aaron Lennon,eng ENG,MF,30.0,12.4,0.0,10.0,4.0,40.0,0.81,0.32,0.0,0.0,16.8,0.0,0.0,,0.0,0.6,0.6,0.06,-0.6,-0.6,Matches,,,,,,,,,,,,,,,,,,,,,,,,,,
2017-2018,EPL,Burnley,Ashley Westwood,eng ENG,MF,27.0,12.3,0.0,8.0,1.0,12.5,0.65,0.08,0.0,0.0,19.7,0.0,0.0,,0.0,0.6,0.6,0.08,-0.6,-0.6,Matches,,,,,,,,,,,,,,,,,,,,,,,,,,
2017-2018,EPL,Burnley,Charlie Taylor,eng ENG,DF,23.0,10.6,0.0,0.0,0.0,,0.0,0.0,,,,0.0,0.0,,0.0,0.0,0.0,,0.0,0.0,Matches,,,,,,,,,,,,,,,,,,,,,,,,,,
2017-2018,EPL,Burnley,Sam Vokes,wls WAL,FW,27.0,11.1,4.0,33.0,8.0,24.2,2.98,0.72,0.12,0.5,12.8,0.0,0.0,,0.0,2.8,2.8,0.09,1.2,1.2,Matches,,,,,,,,,,,,,,,,,,,,,,,,,,
2017-2018,EPL,Burnley,Tom Heaton,eng ENG,GK,31.0,3.4,0.0,0.0,0.0,,0.0,0.0,,,,0.0,0.0,,0.0,0.0,0.0,,0.0,0.0,Matches,,,,,,,,,,,,,,,,,,,,,,,,,,
2017-2018,EPL,Burnley,Georges-Kévin N'Koudou,cm CMR,"MF,FW",22.0,2.5,0.0,4.0,0.0,0.0,1.58,0.0,0.0,,22.3,0.0,0.0,,0.0,0.1,0.1,0.04,-0.1,-0.1,Matches,,,,,,,,,,,,,,,,,,,,,,,,,,
2017-2018,EPL,Burnley,Nahki Wells,bm BER,"FW,MF",27.0,0.6,0.0,3.0,1.0,33.3,4.91,1.64,0.0,0.0,16.2,0.0,0.0,,0.0,0.6,0.6,0.19,-0.6,-0.6,Matches,,,,,,,,,,,,,,,,,,,,,,,,,,
2017-2018,EPL,Burnley,Jonathan Walters,ie IRL,FW,33.0,0.4,0.0,1.0,0.0,0.0,2.31,0.0,0.0,,8.7,0.0,0.0,,0.0,0.2,0.2,0.19,-0.2,-0.2,Matches,,,,,,,,,,,,,,,,,,,,,,,,,,
2017-2018,EPL,Burnley,Aiden O'Neill,au AUS,MF,19.0,0.0,0.0,,0.0,,,0.0,,,,0.0,0.0,,,,,,,,Matches,,,,,,,,,,,,,,,,,,,,,,,,,,
2017-2018,EPL,Burnley,Squad Total,,,27.5,38.0,35.0,378.0,126.0,33.3,9.95,3.32,0.09,0.28,17.0,0.0,0.0,,16.0,32.3,32.3,0.09,2.7,2.7,,,,,,,,,,,,,,,,,,,,,,,,,,,
2017-2018,EPL,Burnley,Opponent Total,,,27.0,38.0,38.0,565.0,156.0,27.6,14.87,4.11,0.06,0.22,18.6,3.0,5.0,,13.0,51.2,47.7,0.09,-13.2,-12.7,,,,,,,,,,,,,,,,,,,,,,,,,,,
2017-2018,EPL,Everton,Jordan Pickford,eng ENG,GK,23.0,38.0,0.0,1.0,0.0,0.0,0.03,0.0,0.0,,13.5,0.0,0.0,,0.0,0.0,0.0,0.04,0.0,0.0,Matches,,,,,,,,,,,,,,,,,,,,,,,,,,
2017-2018,EPL,Everton,Idrissa Gana Gueye,sn SEN,MF,27.0,30.6,2.0,23.0,7.0,30.4,0.75,0.23,0.09,0.29,25.3,0.0,0.0,,0.0,1.5,1.5,0.07,0.5,0.5,Matches,,,,,,,,,,,,,,,,,,,,,,,,,,
2017-2018,EPL,Everton,Michael Keane,eng ENG,DF,24.0,28.4,0.0,15.0,1.0,6.7,0.53,0.04,0.0,0.0,11.5,0.0,0.0,,0.0,1.1,1.1,0.08,-1.1,-1.1,Matches,,,,,,,,,,,,,,,,,,,,,,,,,,
2017-2018,EPL,Everton,Wayne Rooney,eng ENG,"MF,FW",31.0,25.2,10.0,39.0,11.0,28.2,1.55,0.44,0.18,0.64,25.0,3.0,6.0,,3.0,8.6,3.8,0.1,1.4,3.2,Matches,,,,,,,,,,,,,,,,,,,,,,,,,,
2017-2018,EPL,Everton,Gylfi Sigurðsson,is ISL,"MF,FW",27.0,25.1,4.0,39.0,12.0,30.8,1.55,0.48,0.1,0.33,20.3,0.0,0.0,,3.0,3.0,3.0,0.08,1.0,1.0,Matches,,,,,,,,,,,,,,,,,,,,,,,,,,
2017-2018,EPL,Everton,Morgan Schneiderlin,fr FRA,MF,27.0,23.7,0.0,5.0,0.0,0.0,0.21,0.0,0.0,,14.9,0.0,0.0,,0.0,0.4,0.4,0.08,-0.4,-0.4,Matches,,,,,,,,,,,,,,,,,,,,,,,,,,
2017-2018,EPL,Everton,Phil Jagielka,eng ENG,DF,34.0,22.9,0.0,7.0,2.0,28.6,0.31,0.09,0.0,0.0,12.7,0.0,0.0,,0.0,0.5,0.5,0.07,-0.5,-0.5,Matches,,,,,,,,,,,,,,,,,,,,,,,,,,
2017-2018,EPL,Everton,Leighton Baines,eng ENG,DF,32.0,21.2,2.0,5.0,2.0,40.0,0.24,0.09,0.0,0.0,24.7,2.0,2.0,,2.0,2.1,0.5,0.1,-0.1,-0.5,Matches,,,,,,,,,,,,,,,,,,,,,,,,,,
2017-2018,EPL,Everton,Tom Davies,eng ENG,MF,19.0,21.1,2.0,21.0,3.0,14.3,0.99,0.14,0.1,0.67,21.8,0.0,0.0,,0.0,1.5,1.5,0.07,0.5,0.5,Matches,,,,,,,,,,,,,,,,,,,,,,,,,,
2017-2018,EPL,Everton,Ashley Williams,wls WAL,DF,32.0,20.4,1.0,13.0,3.0,23.1,0.64,0.15,0.08,0.33,11.8,0.0,0.0,,0.0,0.8,0.8,0.07,0.2,0.2,Matches,,,,,,,,,,,,,,,,,,,,,,,,,,
2017-2018,EPL,Everton,Cuco Martina,cw CUW,DF,27.0,20.3,0.0,2.0,1.0,50.0,0.1,0.05,0.0,0.0,17.8,0.0,0.0,,0.0,0.1,0.1,0.05,-0.1,-0.1,Matches,,,,,,,,,,,,,,,,,,,,,,,,,,
2017-2018,EPL,Everton,Dominic Calvert-Lewin,eng ENG,FW,20.0,20.9,4.0,43.0,16.0,37.2,2.06,0.77,0.09,0.25,14.7,0.0,0.0,,0.0,4.9,4.8,0.11,-0.9,-0.8,Matches,,,,,,,,,,,,,,,,,,,,,,,,,,
2017-2018,EPL,Everton,Jonjoe Kenny,eng ENG,DF,20.0,17.7,0.0,3.0,1.0,33.3,0.17,0.06,0.0,0.0,17.9,0.0,0.0,,0.0,0.1,0.1,0.05,-0.1,-0.1,Matches,,,,,,,,,,,,,,,,,,,,,,,,,,
2017-2018,EPL,Everton,Mason Holgate,eng ENG,DF,20.0,13.2,0.0,6.0,1.0,16.7,0.46,0.08,0.0,0.0,11.5,0.0,0.0,,0.0,0.6,0.6,0.09,-0.6,-0.6,Matches,,,,,,,,,,,,,,,,,,,,,,,,,,
2017-2018,EPL,Everton,Theo Walcott,eng ENG,FW,28.0,12.8,3.0,19.0,8.0,42.1,1.48,0.62,0.16,0.38,14.6,0.0,0.0,,0.0,2.5,2.5,0.13,0.5,0.5,Matches,,,,,,,,,,,,,,,,,,,,,,,,,,
2017-2018,EPL,Everton,Séamus Coleman,ie IRL,DF,28.0,11.5,0.0,5.0,2.0,40.0,0.43,0.17,0.0,0.0,9.7,0.0,0.0,,0.0,1.0,1.0,0.21,-1.0,-1.0,Matches,,,,,,,,,,,,,,,,,,,,,,,,,,
2017-2018,EPL,Everton,Cenk Tosun,tr TUR,FW,26.0,11.0,5.0,19.0,8.0,42.1,1.73,0.73,0.26,0.63,13.3,0.0,0.0,,0.0,2.8,2.8,0.15,2.2,2.2,Matches,,,,,,,,,,,,,,,,,,,,,,,,,,
2017-2018,EPL,Everton,Yannick Bolasie,cd COD,FW,28.0,9.5,1.0,19.0,7.0,36.8,2.01,0.74,0.05,0.14,16.8,0.0,0.0,,0.0,1.5,1.5,0.08,-0.5,-0.5,Matches,,,,,,,,,,,,,,,,,,,,,,,,,,
2017-2018,EPL,Everton,Oumar Niasse,sn SEN,FW,27.0,12.1,8.0,37.0,18.0,48.6,3.06,1.49,0.22,0.44,13.0,0.0,0.0,,0.0,7.0,7.0,0.19,1.0,1.0,Matches,,,,,,,,,,,,,,,,,,,,,,,,,,
2017-2018,EPL,Everton,Aaron Lennon,eng ENG,"FW,MF",30.0,8.8,0.0,4.0,1.0,25.0,0.45,0.11,0.0,0.0,15.9,0.0,0.0,,0.0,0.2,0.2,0.06,-0.2,-0.2,Matches,,,,,,,,,,,,,,,,,,,,,,,,,,
2017-2018,EPL,Everton,Nikola Vlašić,hr CRO,"MF,FW",19.0,6.4,0.0,5.0,1.0,20.0,0.78,0.16,0.0,0.0,17.6,0.0,0.0,,0.0,0.3,0.3,0.05,-0.3,-0.3,Matches,,,,,,,,,,,,,,,,,,,,,,,,,,
2017-2018,EPL,Everton,Sandro Ramírez,es ESP,"FW,MF",22.0,3.1,0.0,9.0,1.0,11.1,2.91,0.32,0.0,0.0,18.8,0.0,0.0,,0.0,0.5,0.5,0.05,-0.5,-0.5,Matches,,,,,,,,,,,,,,,,,,,,,,,,,,
2017-2018,EPL,Everton,Davy Klaassen,nl NED,"MF,FW",24.0,2.8,0.0,2.0,2.0,100.0,0.72,0.72,0.0,0.0,25.0,0.0,0.0,,0.0,0.1,0.1,0.04,-0.1,-0.1,Matches,,,,,,,,,,,,,,,,,,,,,,,,,,
2017-2018,EPL,Everton,James McCarthy,ie IRL,MF,26.0,2.3,0.0,1.0,0.0,0.0,0.44,0.0,0.0,,17.5,0.0,0.0,,0.0,0.1,0.1,0.06,-0.1,-0.1,Matches,,,,,,,,,,,,,,,,,,,,,,,,,,
2017-2018,EPL,Everton,Kevin Mirallas,be BEL,"FW,MF",29.0,1.5,0.0,4.0,2.0,50.0,2.61,1.3,0.0,0.0,23.0,0.0,0.0,,0.0,0.2,0.2,0.05,-0.2,-0.2,Matches,,,,,,,,,,,,,,,,,,,,,,,,,,
2017-2018,EPL,Everton,Eliaquim Mangala,fr FRA,DF,26.0,1.5,0.0,1.0,0.0,0.0,0.67,0.0,0.0,,14.9,0.0,0.0,,0.0,0.1,0.1,0.08,-0.1,-0.1,Matches,,,,,,,,,,,,,,,,,,,,,,,,,,
2017-2018,EPL,Everton,Beni Baningime,cd COD,MF,18.0,2.2,0.0,0.0,0.0,,0.0,0.0,,,,0.0,0.0,,0.0,0.0,0.0,,0.0,0.0,Matches,,,,,,,,,,,,,,,,,,,,,,,,,,
2017-2018,EPL,Everton,Ademola Lookman,ng NGA,"FW,MF",19.0,1.8,0.0,3.0,0.0,0.0,1.7,0.0,0.0,,20.2,0.0,0.0,,0.0,0.1,0.1,0.03,-0.1,-0.1,Matches,,,,,,,,,,,,,,,,,,,,,,,,,,
2017-2018,EPL,Everton,Ramiro Funes Mori,ar ARG,DF,26.0,1.3,0.0,1.0,0.0,0.0,0.74,0.0,0.0,,16.9,0.0,0.0,,0.0,0.0,0.0,0.05,0.0,0.0,Matches,,,,,,,,,,,,,,,,,,,,,,,,,,
2017-2018,EPL,Everton,Muhamed Bešić,ba BIH,MF,24.0,0.5,0.0,0.0,0.0,,0.0,0.0,,,,0.0,0.0,,0.0,0.0,0.0,,0.0,0.0,Matches,,,,,,,,,,,,,,,,,,,,,,,,,,
2017-2018,EPL,Everton,Squad Total,,,26.7,38.0,42.0,351.0,110.0,31.3,9.24,2.89,0.11,0.34,17.6,5.0,8.0,,8.0,40.5,34.1,0.1,1.5,2.9,,,,,,,,,,,,,,,,,,,,,,,,,,,
2017-2018,EPL,Everton,Opponent Total,,,27.0,38.0,58.0,536.0,174.0,32.5,14.11,4.58,0.1,0.32,18.8,3.0,5.0,,19.0,52.4,48.7,0.09,5.6,6.3,,,,,,,,,,,,,,,,,,,,,,,,,,,
2017-2018,EPL,Leicester City,Harry Maguire,eng ENG,DF,24.0,38.0,2.0,30.0,8.0,26.7,0.79,0.21,0.07,0.25,12.3,0.0,0.0,,0.0,2.8,2.8,0.09,-0.8,-0.8,Matches,,,,,,,,,,,,,,,,,,,,,,,,,,
2017-2018,EPL,Leicester City,Jamie Vardy,eng ENG,FW,30.0,36.1,20.0,65.0,28.0,43.1,1.8,0.78,0.23,0.54,14.6,5.0,6.0,,0.0,16.1,11.3,0.17,3.9,3.7,Matches,,,,,,,,,,,,,,,,,,,,,,,,,,
2017-2018,EPL,Leicester City,Riyad Mahrez,dz ALG,"MF,FW",26.0,32.8,12.0,73.0,36.0,49.3,2.23,1.1,0.16,0.33,19.5,0.0,0.0,,8.0,6.5,6.5,0.09,5.5,5.5,Matches,,,,,,,,,,,,,,,,,,,,,,,,,,
2017-2018,EPL,Leicester City,Kasper Schmeichel,dk DEN,GK,30.0,32.9,0.0,0.0,0.0,,0.0,0.0,,,,0.0,0.0,,0.0,0.0,0.0,,0.0,0.0,Matches,,,,,,,,,,,,,,,,,,,,,,,,,,
2017-2018,EPL,Leicester City,Wilfred Ndidi,ng NGA,MF,20.0,32.2,0.0,41.0,6.0,14.6,1.27,0.19,0.0,0.0,22.6,0.0,0.0,,0.0,2.1,2.1,0.05,-2.1,-2.1,Matches,,,,,,,,,,,,,,,,,,,,,,,,,,
2017-2018,EPL,Leicester City,Wes Morgan,jm JAM,DF,33.0,31.3,0.0,13.0,2.0,15.4,0.42,0.06,0.0,0.0,10.2,0.0,0.0,,0.0,1.6,1.6,0.13,-1.6,-1.6,Matches,,,,,,,,,,,,,,,,,,,,,,,,,,
2017-2018,EPL,Leicester City,Marc Albrighton,eng ENG,"MF,FW",27.0,28.2,2.0,20.0,6.0,30.0,0.71,0.21,0.1,0.33,20.5,0.0,0.0,,1.0,1.6,1.6,0.08,0.4,0.4,Matches,,,,,,,,,,,,,,,,,,,,,,,,,,
2017-2018,EPL,Leicester City,Danny Simpson,eng ENG,DF,30.0,25.6,0.0,3.0,1.0,33.3,0.12,0.04,0.0,0.0,10.4,0.0,0.0,,0.0,0.2,0.2,0.06,-0.2,-0.2,Matches,,,,,,,,,,,,,,,,,,,,,,,,,,
2017-2018,EPL,Leicester City,Christian Fuchs,at AUT,DF,31.0,21.3,0.0,11.0,0.0,0.0,0.52,0.0,0.0,,24.9,0.0,0.0,,0.0,0.5,0.5,0.05,-0.5,-0.5,Matches,,,,,,,,,,,,,,,,,,,,,,,,,,
2017-2018,EPL,Leicester City,Ben Chilwell,eng ENG,DF,20.0,20.6,0.0,6.0,1.0,16.7,0.29,0.05,0.0,0.0,24.8,0.0,0.0,,0.0,0.2,0.2,0.03,-0.2,-0.2,Matches,,,,,,,,,,,,,,,,,,,,,,,,,,
2017-2018,EPL,Leicester City,Demarai Gray,eng ENG,"MF,FW",21.0,18.9,3.0,36.0,9.0,25.0,1.91,0.48,0.08,0.33,20.7,0.0,0.0,,1.0,2.5,2.5,0.07,0.5,0.5,Matches,,,,,,,,,,,,,,,,,,,,,,,,,,
2017-2018,EPL,Leicester City,Vicente Iborra,es ESP,MF,29.0,15.7,3.0,14.0,4.0,28.6,0.89,0.26,0.21,0.75,12.1,0.0,0.0,,0.0,1.7,1.7,0.12,1.3,1.3,Matches,,,,,,,,,,,,,,,,,,,,,,,,,,
2017-2018,EPL,Leicester City,Shinji Okazaki,jp JPN,"FW,MF",31.0,14.7,6.0,28.0,14.0,50.0,1.9,0.95,0.21,0.43,11.9,0.0,0.0,,0.0,6.7,6.7,0.24,-0.7,-0.7,Matches,,,,,,,,,,,,,,,,,,,,,,,,,,
2017-2018,EPL,Leicester City,Matty James,eng ENG,MF,26.0,11.0,0.0,11.0,1.0,9.1,1.0,0.09,0.0,0.0,16.5,0.0,0.0,,0.0,1.3,1.3,0.12,-1.3,-1.3,Matches,,,,,,,,,,,,,,,,,,,,,,,,,,
2017-2018,EPL,Leicester City,Adrien Silva,pt POR,MF,28.0,8.5,0.0,11.0,2.0,18.2,1.3,0.24,0.0,0.0,26.7,0.0,0.0,,1.0,0.3,0.3,0.03,-0.3,-0.3,Matches,,,,,,,,,,,,,,,,,,,,,,,,,,
2017-2018,EPL,Leicester City,Kelechi Iheanacho,ng NGA,"FW,MF",20.0,9.2,3.0,29.0,10.0,34.5,3.14,1.08,0.1,0.3,17.4,0.0,0.0,,0.0,4.1,4.1,0.15,-1.1,-1.1,Matches,,,,,,,,,,,,,,,,,,,,,,,,,,
2017-2018,EPL,Leicester City,Aleksandar Dragović,at AUT,DF,26.0,8.5,0.0,1.0,0.0,0.0,0.12,0.0,0.0,,8.6,0.0,0.0,,0.0,0.1,0.1,0.07,-0.1,-0.1,Matches,,,,,,,,,,,,,,,,,,,,,,,,,,
2017-2018,EPL,Leicester City,Daniel Amartey,gh GHA,DF,22.0,5.4,0.0,0.0,0.0,,0.0,0.0,,,,0.0,0.0,,0.0,0.0,0.0,,0.0,0.0,Matches,,,,,,,,,,,,,,,,,,,,,,,,,,
2017-2018,EPL,Leicester City,Fousseni Diabaté,ml MLI,"MF,FW",21.0,6.5,0.0,6.0,2.0,33.3,0.92,0.31,0.0,0.0,18.5,0.0,0.0,,0.0,0.5,0.5,0.09,-0.5,-0.5,Matches,,,,,,,,,,,,,,,,,,,,,,,,,,
2017-2018,EPL,Leicester City,Andy King,wls WAL,MF,28.0,6.0,1.0,6.0,1.0,16.7,1.01,0.17,0.17,1.0,16.0,0.0,0.0,,0.0,0.5,0.5,0.09,0.5,0.5,Matches,,,,,,,,,,,,,,,,,,,,,,,,,,
2017-2018,EPL,Leicester City,Hamza Choudhury,eng ENG,"MF,DF",19.0,4.2,0.0,2.0,0.0,0.0,0.48,0.0,0.0,,30.6,0.0,0.0,,0.0,0.0,0.0,0.02,0.0,0.0,Matches,,,,,,,,,,,,,,,,,,,,,,,,,,
2017-2018,EPL,Leicester City,Ben Hamer,eng ENG,GK,29.0,3.1,0.0,0.0,0.0,,0.0,0.0,,,,0.0,0.0,,0.0,0.0,0.0,,0.0,0.0,Matches,,,,,,,,,,,,,,,,,,,,,,,,,,
2017-2018,EPL,Leicester City,Islam Slimani,dz ALG,FW,29.0,2.8,1.0,7.0,4.0,57.1,2.53,1.45,0.14,0.25,13.7,0.0,0.0,,0.0,1.5,1.5,0.22,-0.5,-0.5,Matches,,,,,,,,,,,,,,,,,,,,,,,,,,
2017-2018,EPL,Leicester City,Eldin Jakupović,ch SUI,GK,32.0,2.0,0.0,0.0,0.0,,0.0,0.0,,,,0.0,0.0,,0.0,0.0,0.0,,0.0,0.0,Matches,,,,,,,,,,,,,,,,,,,,,,,,,,
2017-2018,EPL,Leicester City,Yohan Benalouane,tn TUN,DF,30.0,1.0,0.0,2.0,1.0,50.0,2.0,1.0,0.0,0.0,17.5,0.0,0.0,,0.0,0.1,0.1,0.03,-0.1,-0.1,Matches,,,,,,,,,,,,,,,,,,,,,,,,,,
2017-2018,EPL,Leicester City,Leonardo Ulloa,ar ARG,FW,31.0,0.2,0.0,1.0,1.0,100.0,4.09,4.09,0.0,0.0,7.8,0.0,0.0,,0.0,0.1,0.1,0.08,-0.1,-0.1,Matches,,,,,,,,,,,,,,,,,,,,,,,,,,
2017-2018,EPL,Leicester City,Harvey Barnes,eng ENG,"MF,FW",19.0,0.1,0.0,1.0,0.0,0.0,9.0,0.0,0.0,,9.6,0.0,0.0,,0.0,0.1,0.1,0.07,-0.1,-0.1,Matches,,,,,,,,,,,,,,,,,,,,,,,,,,
2017-2018,EPL,Leicester City,Squad Total,,,27.2,38.0,53.0,417.0,137.0,32.9,10.97,3.61,0.12,0.35,17.6,5.0,6.0,,11.0,50.0,45.3,0.11,3.0,2.7,,,,,,,,,,,,,,,,,,,,,,,,,,,
2017-2018,EPL,Leicester City,Opponent Total,,,26.8,38.0,58.0,485.0,160.0,33.0,12.76,4.21,0.12,0.35,18.7,2.0,4.0,,16.0,48.1,45.0,0.09,9.9,11.0,,,,,,,,,,,,,,,,,,,,,,,,,,,
2017-2018,EPL,Newcastle Utd,Jamaal Lascelles,eng ENG,DF,23.0,32.5,3.0,12.0,8.0,66.7,0.37,0.25,0.25,0.38,12.2,0.0,0.0,,0.0,1.1,1.1,0.09,1.9,1.9,Matches,,,,,,,,,,,,,,,,,,,,,,,,,,
2017-2018,EPL,Newcastle Utd,Matt Ritchie,sct SCO,"MF,FW",27.0,31.2,3.0,59.0,16.0,27.1,1.89,0.51,0.05,0.19,22.9,0.0,0.0,,6.0,3.1,3.1,0.05,-0.1,-0.1,Matches,,,,,,,,,,,,,,,,,,,,,,,,,,
2017-2018,EPL,Newcastle Utd,DeAndre Yedlin,us USA,DF,24.0,31.6,0.0,6.0,0.0,0.0,0.19,0.0,0.0,,26.2,0.0,0.0,,0.0,0.2,0.2,0.03,-0.2,-0.2,Matches,,,,,,,,,,,,,,,,,,,,,,,,,,
2017-2018,EPL,Newcastle Utd,Ayoze Pérez,es ESP,"MF,FW",24.0,27.7,8.0,60.0,23.0,38.3,2.17,0.83,0.13,0.35,16.7,0.0,0.0,,1.0,6.2,6.2,0.1,1.8,1.8,Matches,,,,,,,,,,,,,,,,,,,,,,,,,,
2017-2018,EPL,Newcastle Utd,Jonjo Shelvey,eng ENG,MF,25.0,25.2,1.0,42.0,9.0,21.4,1.67,0.36,0.02,0.11,26.7,0.0,0.0,,6.0,2.4,2.4,0.06,-1.4,-1.4,Matches,,,,,,,,,,,,,,,,,,,,,,,,,,
2017-2018,EPL,Newcastle Utd,Florian Lejeune,fr FRA,DF,26.0,23.4,0.0,13.0,2.0,15.4,0.56,0.09,0.0,0.0,21.0,0.0,0.0,,2.0,0.6,0.6,0.05,-0.6,-0.6,Matches,,,,,,,,,,,,,,,,,,,,,,,,,,
2017-2018,EPL,Newcastle Utd,Mohamed Diamé,sn SEN,MF,30.0,22.7,2.0,20.0,6.0,30.0,0.88,0.26,0.1,0.33,21.0,0.0,0.0,,0.0,1.4,1.4,0.07,0.6,0.6,Matches,,,,,,,,,,,,,,,,,,,,,,,,,,
2017-2018,EPL,Newcastle Utd,Dwight Gayle,eng ENG,FW,26.0,21.8,6.0,57.0,21.0,36.8,2.62,0.97,0.11,0.29,14.3,0.0,0.0,,4.0,8.3,8.3,0.16,-2.3,-2.3,Matches,,,,,,,,,,,,,,,,,,,,,,,,,,
2017-2018,EPL,Newcastle Utd,Javier Manquillo,es ESP,DF,23.0,19.5,0.0,2.0,0.0,0.0,0.1,0.0,0.0,,11.6,0.0,0.0,,0.0,0.1,0.1,0.04,-0.1,-0.1,Matches,,,,,,,,,,,,,,,,,,,,,,,,,,
2017-2018,EPL,Newcastle Utd,Christian Atsu,gh GHA,"FW,MF",25.0,19.8,2.0,35.0,12.0,34.3,1.77,0.61,0.06,0.17,17.4,0.0,0.0,,0.0,4.0,4.0,0.12,-2.0,-2.0,Matches,,,,,,,,,,,,,,,,,,,,,,,,,,
2017-2018,EPL,Newcastle Utd,Ciaran Clark,ie IRL,DF,27.0,19.4,2.0,11.0,3.0,27.3,0.57,0.15,0.18,0.67,8.7,0.0,0.0,,0.0,1.7,1.7,0.16,0.3,0.3,Matches,,,,,,,,,,,,,,,,,,,,,,,,,,
2017-2018,EPL,Newcastle Utd,Joselu,es ESP,FW,27.0,19.0,4.0,46.0,16.0,34.8,2.42,0.84,0.09,0.25,15.9,0.0,1.0,,0.0,6.0,5.2,0.11,-2.0,-1.2,Matches,,,,,,,,,,,,,,,,,,,,,,,,,,
2017-2018,EPL,Newcastle Utd,Paul Dummett,wls WAL,DF,25.0,17.8,0.0,4.0,0.0,0.0,0.22,0.0,0.0,,14.2,0.0,0.0,,0.0,0.3,0.3,0.07,-0.3,-0.3,Matches,,,,,,,,,,,,,,,,,,,,,,,,,,
2017-2018,EPL,Newcastle Utd,Rob Elliot,ie IRL,GK,31.0,16.0,0.0,0.0,0.0,,0.0,0.0,,,,0.0,0.0,,0.0,0.0,0.0,,0.0,0.0,Matches,,,,,,,,,,,,,,,,,,,,,,,,,,
2017-2018,EPL,Newcastle Utd,Isaac Hayden,eng ENG,MF,22.0,15.3,1.0,14.0,9.0,64.3,0.92,0.59,0.07,0.11,22.1,0.0,0.0,,0.0,1.0,1.0,0.07,0.0,0.0,Matches,,,,,,,,,,,,,,,,,,,,,,,,,,
2017-2018,EPL,Newcastle Utd,Mikel Merino,es ESP,MF,21.0,15.0,1.0,16.0,6.0,37.5,1.07,0.4,0.06,0.17,25.5,0.0,0.0,,0.0,0.6,0.6,0.04,0.4,0.4,Matches,,,,,,,,,,,,,,,,,,,,,,,,,,
2017-2018,EPL,Newcastle Utd,Jacob Murphy,eng ENG,"MF,FW",22.0,12.8,1.0,22.0,7.0,31.8,1.72,0.55,0.05,0.14,22.3,0.0,0.0,,0.0,1.8,1.8,0.08,-0.8,-0.8,Matches,,,,,,,,,,,,,,,,,,,,,,,,,,
2017-2018,EPL,Newcastle Utd,Kenedy,br BRA,"MF,DF",21.0,11.4,2.0,23.0,5.0,21.7,2.02,0.44,0.09,0.4,21.6,0.0,0.0,,1.0,2.4,2.4,0.1,-0.4,-0.4,Matches,,,,,,,,,,,,,,,,,,,,,,,,,,
2017-2018,EPL,Newcastle Utd,Martin Dúbravka,sk SVK,GK,28.0,12.0,0.0,0.0,0.0,,0.0,0.0,,,,0.0,0.0,,0.0,0.0,0.0,,0.0,0.0,Matches,,,,,,,,,,,,,,,,,,,,,,,,,,
2017-2018,EPL,Newcastle Utd,Karl Darlow,eng ENG,GK,26.0,10.0,0.0,0.0,0.0,,0.0,0.0,,,,0.0,0.0,,0.0,0.0,0.0,,0.0,0.0,Matches,,,,,,,,,,,,,,,,,,,,,,,,,,
2017-2018,EPL,Newcastle Utd,Chancel Mbemba,cd COD,DF,22.0,7.5,0.0,0.0,0.0,,0.0,0.0,,,,0.0,0.0,,0.0,0.0,0.0,,0.0,0.0,Matches,,,,,,,,,,,,,,,,,,,,,,,,,,
2017-2018,EPL,Newcastle Utd,Rolando Aarons,eng ENG,"MF,FW",21.0,1.5,0.0,2.0,0.0,0.0,1.29,0.0,0.0,,19.9,0.0,0.0,,0.0,0.1,0.1,0.03,-0.1,-0.1,Matches,,,,,,,,,,,,,,,,,,,,,,,,,,
2017-2018,EPL,Newcastle Utd,Islam Slimani,dz ALG,FW,29.0,1.5,0.0,0.0,0.0,,0.0,0.0,,,,0.0,0.0,,0.0,0.0,0.0,,0.0,0.0,Matches,,,,,,,,,,,,,,,,,,,,,,,,,,
2017-2018,EPL,Newcastle Utd,Jesús Gámez,es ESP,DF,32.0,1.1,0.0,1.0,0.0,0.0,0.92,0.0,0.0,,19.6,0.0,0.0,,0.0,0.1,0.1,0.05,-0.1,-0.1,Matches,,,,,,,,,,,,,,,,,,,,,,,,,,
2017-2018,EPL,Newcastle Utd,Henri Saivet,sn SEN,MF,26.0,0.9,1.0,1.0,1.0,100.0,1.08,1.08,1.0,1.0,29.5,0.0,0.0,,1.0,0.1,0.1,0.05,1.0,1.0,Matches,,,,,,,,,,,,,,,,,,,,,,,,,,
2017-2018,EPL,Newcastle Utd,Aleksandar Mitrović,rs SRB,FW,22.0,1.1,1.0,4.0,2.0,50.0,3.79,1.89,0.25,0.5,9.6,0.0,0.0,,0.0,1.2,1.2,0.3,-0.2,-0.2,Matches,,,,,,,,,,,,,,,,,,,,,,,,,,
2017-2018,EPL,Newcastle Utd,Massadio Haïdara,ml MLI,FW,24.0,0.0,0.0,0.0,0.0,,0.0,0.0,,,,0.0,0.0,,0.0,0.0,0.0,,0.0,0.0,Matches,,,,,,,,,,,,,,,,,,,,,,,,,,
2017-2018,EPL,Newcastle Utd,Squad Total,,,25.6,38.0,38.0,450.0,146.0,32.4,11.84,3.84,0.08,0.26,19.2,0.0,1.0,,21.0,41.6,40.9,0.09,-3.6,-2.9,,,,,,,,,,,,,,,,,,,,,,,,,,,
2017-2018,EPL,Newcastle Utd,Opponent Total,,,26.9,38.0,44.0,471.0,142.0,30.1,12.39,3.74,0.08,0.28,17.5,4.0,6.0,,13.0,52.4,47.6,0.1,-8.4,-7.6,,,,,,,,,,,,,,,,,,,,,,,,,,,
2017-2018,EPL,Crystal Palace,Andros Townsend,eng ENG,"FW,MF",26.0,34.7,2.0,62.0,14.0,22.6,1.79,0.4,0.03,0.14,22.3,0.0,0.0,,2.0,3.0,3.0,0.05,-1.0,-1.0,Matches,,,,,,,,,,,,,,,,,,,,,,,,,,
2017-2018,EPL,Crystal Palace,Luka Milivojević,rs SRB,MF,26.0,34.2,10.0,34.0,9.0,26.5,0.99,0.26,0.09,0.33,25.1,7.0,8.0,,9.0,8.2,1.8,0.05,1.8,1.2,Matches,,,,,,,,,,,,,,,,,,,,,,,,,,
2017-2018,EPL,Crystal Palace,Wilfried Zaha,ci CIV,"FW,MF",24.0,28.3,9.0,64.0,26.0,40.6,2.26,0.92,0.14,0.35,15.0,0.0,0.0,,0.0,9.2,9.2,0.14,-0.2,-0.2,Matches,,,,,,,,,,,,,,,,,,,,,,,,,,
2017-2018,EPL,Crystal Palace,Yohan Cabaye,fr FRA,MF,31.0,26.4,0.0,38.0,11.0,28.9,1.44,0.42,0.0,0.0,24.6,0.0,0.0,,4.0,2.3,2.3,0.06,-2.3,-2.3,Matches,,,,,,,,,,,,,,,,,,,,,,,,,,
2017-2018,EPL,Crystal Palace,James McArthur,sct SCO,MF,29.0,27.0,5.0,30.0,10.0,33.3,1.11,0.37,0.17,0.5,12.9,0.0,0.0,,0.0,3.7,3.7,0.13,1.3,1.3,Matches,,,,,,,,,,,,,,,,,,,,,,,,,,
2017-2018,EPL,Crystal Palace,Wayne Hennessey,wls WAL,GK,30.0,27.0,0.0,0.0,0.0,,0.0,0.0,,,,0.0,0.0,,0.0,0.0,0.0,,0.0,0.0,Matches,,,,,,,,,,,,,,,,,,,,,,,,,,
2017-2018,EPL,Crystal Palace,James Tomkins,eng ENG,DF,28.0,26.5,3.0,23.0,8.0,34.8,0.87,0.3,0.13,0.38,12.6,0.0,0.0,,0.0,2.2,2.2,0.11,0.8,0.8,Matches,,,,,,,,,,,,,,,,,,,,,,,,,,
2017-2018,EPL,Crystal Palace,Patrick van Aanholt,nl NED,DF,26.0,24.3,5.0,33.0,11.0,33.3,1.36,0.45,0.15,0.45,23.4,0.0,0.0,,4.0,3.1,3.1,0.09,1.9,1.9,Matches,,,,,,,,,,,,,,,,,,,,,,,,,,
2017-2018,EPL,Crystal Palace,Christian Benteke,be BEL,FW,26.0,24.9,3.0,58.0,17.0,29.3,2.33,0.68,0.03,0.12,12.5,1.0,2.0,,0.0,10.2,8.6,0.15,-7.2,-6.6,Matches,,,,,,,,,,,,,,,,,,,,,,,,,,
2017-2018,EPL,Crystal Palace,Ruben Loftus-Cheek,eng ENG,MF,21.0,20.8,2.0,32.0,7.0,21.9,1.54,0.34,0.06,0.29,16.4,0.0,0.0,,0.0,3.5,3.5,0.11,-1.5,-1.5,Matches,,,,,,,,,,,,,,,,,,,,,,,,,,
2017-2018,EPL,Crystal Palace,Jeffrey Schlupp,gh GHA,"DF,MF",24.0,19.4,0.0,15.0,2.0,13.3,0.77,0.1,0.0,0.0,18.1,0.0,0.0,,0.0,1.2,1.2,0.08,-1.2,-1.2,Matches,,,,,,,,,,,,,,,,,,,,,,,,,,
2017-2018,EPL,Crystal Palace,Joel Ward,eng ENG,DF,27.0,17.9,0.0,5.0,1.0,20.0,0.28,0.06,0.0,0.0,16.4,0.0,0.0,,0.0,0.2,0.2,0.05,-0.2,-0.2,Matches,,,,,,,,,,,,,,,,,,,,,,,,,,
2017-2018,EPL,Crystal Palace,Mamadou Sakho,fr FRA,DF,27.0,17.8,1.0,3.0,1.0,33.3,0.17,0.06,0.33,1.0,5.4,0.0,0.0,,0.0,1.2,1.2,0.39,-0.2,-0.2,Matches,,,,,,,,,,,,,,,,,,,,,,,,,,
2017-2018,EPL,Crystal Palace,Timothy Fosu-Mensah,nl NED,DF,19.0,17.7,0.0,8.0,0.0,0.0,0.45,0.0,0.0,,26.9,0.0,0.0,,0.0,0.2,0.2,0.03,-0.2,-0.2,Matches,,,,,,,,,,,,,,,,,,,,,,,,,,
2017-2018,EPL,Crystal Palace,Scott Dann,eng ENG,DF,30.0,15.9,1.0,19.0,4.0,21.1,1.19,0.25,0.05,0.25,10.2,0.0,0.0,,0.0,2.3,2.3,0.12,-1.3,-1.3,Matches,,,,,,,,,,,,,,,,,,,,,,,,,,
2017-2018,EPL,Crystal Palace,Martin Kelly,eng ENG,DF,27.0,13.3,0.0,5.0,2.0,40.0,0.38,0.15,0.0,0.0,12.1,0.0,0.0,,0.0,0.4,0.4,0.09,-0.4,-0.4,Matches,,,,,,,,,,,,,,,,,,,,,,,,,,
2017-2018,EPL,Crystal Palace,Julián Speroni,ar ARG,GK,38.0,11.0,0.0,0.0,0.0,,0.0,0.0,,,,0.0,0.0,,0.0,0.0,0.0,,0.0,0.0,Matches,,,,,,,,,,,,,,,,,,,,,,,,,,
2017-2018,EPL,Crystal Palace,Aaron Wan-Bissaka,eng ENG,DF,19.0,7.0,0.0,0.0,0.0,,0.0,0.0,,,,0.0,0.0,,0.0,0.0,0.0,,0.0,0.0,Matches,,,,,,,,,,,,,,,,,,,,,,,,,,
2017-2018,EPL,Crystal Palace,Jason Puncheon,eng ENG,MF,31.0,7.2,0.0,10.0,2.0,20.0,1.4,0.28,0.0,0.0,19.0,0.0,0.0,,1.0,1.2,1.2,0.15,-1.2,-1.2,Matches,,,,,,,,,,,,,,,,,,,,,,,,,,
2017-2018,EPL,Crystal Palace,Bakary Sako,ml MLI,"FW,MF",29.0,5.3,3.0,17.0,6.0,35.3,3.2,1.13,0.18,0.5,15.5,0.0,0.0,,0.0,1.9,1.9,0.12,1.1,1.1,Matches,,,,,,,,,,,,,,,,,,,,,,,,,,
2017-2018,EPL,Crystal Palace,Jaïro Riedewald,nl NED,"MF,DF",20.0,4.9,0.0,1.0,0.0,0.0,0.2,0.0,0.0,,17.2,0.0,0.0,,0.0,0.0,0.0,0.04,0.0,0.0,Matches,,,,,,,,,,,,,,,,,,,,,,,,,,
2017-2018,EPL,Crystal Palace,Alexander Sørloth,no NOR,FW,21.0,4.0,0.0,7.0,3.0,42.9,1.75,0.75,0.0,0.0,17.3,0.0,0.0,,0.0,0.5,0.5,0.07,-0.5,-0.5,Matches,,,,,,,,,,,,,,,,,,,,,,,,,,
2017-2018,EPL,Crystal Palace,Lee Chung-yong,kr KOR,"FW,MF",29.0,1.5,0.0,1.0,0.0,0.0,0.67,0.0,0.0,,12.0,0.0,0.0,,0.0,0.0,0.0,0.03,0.0,0.0,Matches,,,,,,,,,,,,,,,,,,,,,,,,,,
2017-2018,EPL,Crystal Palace,Damien Delaney,ie IRL,DF,36.0,1.1,0.0,0.0,0.0,,0.0,0.0,,,,0.0,0.0,,0.0,0.0,0.0,,0.0,0.0,Matches,,,,,,,,,,,,,,,,,,,,,,,,,,
2017-2018,EPL,Crystal Palace,Levi Lumeka,eng ENG,FW,18.0,0.3,0.0,1.0,0.0,0.0,3.46,0.0,0.0,,11.7,0.0,0.0,,0.0,0.1,0.1,0.06,-0.1,-0.1,Matches,,,,,,,,,,,,,,,,,,,,,,,,,,
2017-2018,EPL,Crystal Palace,Freddie Ladapo,eng ENG,FW,24.0,0.2,0.0,0.0,0.0,,0.0,0.0,,,,0.0,0.0,,0.0,0.0,0.0,,0.0,0.0,Matches,,,,,,,,,,,,,,,,,,,,,,,,,,
2017-2018,EPL,Crystal Palace,Sullay Kaikai,sl SLE,MF,21.0,0.2,0.0,0.0,0.0,,0.0,0.0,,,,0.0,0.0,,0.0,0.0,0.0,,0.0,0.0,Matches,,,,,,,,,,,,,,,,,,,,,,,,,,
2017-2018,EPL,Crystal Palace,Pape Souaré,sn SEN,DF,27.0,0.1,0.0,0.0,0.0,,0.0,0.0,,,,0.0,0.0,,0.0,0.0,0.0,,0.0,0.0,Matches,,,,,,,,,,,,,,,,,,,,,,,,,,
2017-2018,EPL,Crystal Palace,Squad Total,,,27.1,38.0,44.0,466.0,134.0,28.8,12.26,3.53,0.08,0.27,17.8,8.0,10.0,,20.0,53.5,45.9,0.1,-9.5,-9.9,,,,,,,,,,,,,,,,,,,,,,,,,,,
2017-2018,EPL,Crystal Palace,Opponent Total,,,27.0,38.0,53.0,464.0,168.0,36.2,12.21,4.42,0.11,0.3,17.4,2.0,2.0,,20.0,48.2,46.7,0.1,4.8,4.3,,,,,,,,,,,,,,,,,,,,,,,,,,,
2017-2018,EPL,Bournemouth,Asmir Begović,ba BIH,GK,30.0,38.0,0.0,0.0,0.0,,0.0,0.0,,,,0.0,0.0,,0.0,0.0,0.0,,0.0,0.0,Matches,,,,,,,,,,,,,,,,,,,,,,,,,,
2017-2018,EPL,Bournemouth,Nathan Aké,nl NED,DF,22.0,37.3,2.0,18.0,8.0,44.4,0.48,0.21,0.11,0.25,11.2,0.0,0.0,,0.0,1.4,1.4,0.08,0.6,0.6,Matches,,,,,,,,,,,,,,,,,,,,,,,,,,
2017-2018,EPL,Bournemouth,Charlie Daniels,eng ENG,"DF,MF",30.0,33.4,1.0,20.0,6.0,30.0,0.6,0.18,0.05,0.17,24.8,0.0,0.0,,1.0,0.6,0.6,0.03,0.4,0.4,Matches,,,,,,,,,,,,,,,,,,,,,,,,,,
2017-2018,EPL,Bournemouth,Steve Cook,eng ENG,DF,26.0,30.7,2.0,22.0,6.0,27.3,0.72,0.2,0.09,0.33,12.5,0.0,0.0,,0.0,1.6,1.6,0.07,0.4,0.4,Matches,,,,,,,,,,,,,,,,,,,,,,,,,,
2017-2018,EPL,Bournemouth,Simon Francis,eng ENG,DF,32.0,30.1,0.0,13.0,1.0,7.7,0.43,0.03,0.0,0.0,19.7,0.0,0.0,,1.0,0.6,0.6,0.05,-0.6,-0.6,Matches,,,,,,,,,,,,,,,,,,,,,,,,,,
2017-2018,EPL,Bournemouth,Joshua King,no NOR,"FW,MF",25.0,27.3,8.0,49.0,19.0,38.8,1.8,0.7,0.12,0.32,15.9,2.0,2.0,,0.0,6.5,4.9,0.1,1.5,1.1,Matches,,,,,,,,,,,,,,,,,,,,,,,,,,
2017-2018,EPL,Bournemouth,Lewis Cook,eng ENG,MF,20.0,24.9,0.0,18.0,2.0,11.1,0.72,0.08,0.0,0.0,27.3,0.0,0.0,,0.0,0.5,0.5,0.03,-0.5,-0.5,Matches,,,,,,,,,,,,,,,,,,,,,,,,,,
2017-2018,EPL,Bournemouth,Ryan Fraser,sct SCO,"MF,DF",23.0,22.3,5.0,30.0,12.0,40.0,1.35,0.54,0.17,0.42,20.5,0.0,0.0,,1.0,1.8,1.8,0.06,3.2,3.2,Matches,,,,,,,,,,,,,,,,,,,,,,,,,,
2017-2018,EPL,Bournemouth,Callum Wilson,eng ENG,FW,25.0,22.0,8.0,53.0,19.0,35.8,2.41,0.86,0.15,0.42,13.6,0.0,0.0,,0.0,7.6,7.6,0.14,0.4,0.4,Matches,,,,,,,,,,,,,,,,,,,,,,,,,,
2017-2018,EPL,Bournemouth,Adam Smith,eng ENG,"DF,MF",26.0,23.0,1.0,13.0,3.0,23.1,0.56,0.13,0.08,0.33,21.3,0.0,0.0,,0.0,0.5,0.5,0.04,0.5,0.5,Matches,,,,,,,,,,,,,,,,,,,,,,,,,,
2017-2018,EPL,Bournemouth,Jordon Ibe,eng ENG,"MF,FW",21.0,22.2,2.0,54.0,16.0,29.6,2.44,0.72,0.04,0.13,21.8,0.0,0.0,,4.0,3.0,3.0,0.05,-1.0,-1.0,Matches,,,,,,,,,,,,,,,,,,,,,,,,,,
2017-2018,EPL,Bournemouth,Dan Gosling,eng ENG,MF,27.0,21.6,2.0,22.0,8.0,36.4,1.02,0.37,0.09,0.25,16.3,0.0,0.0,,0.0,2.1,2.1,0.09,-0.1,-0.1,Matches,,,,,,,,,,,,,,,,,,,,,,,,,,
2017-2018,EPL,Bournemouth,Andrew Surman,eng ENG,MF,30.0,20.6,2.0,18.0,6.0,33.3,0.87,0.29,0.11,0.33,24.1,0.0,0.0,,0.0,1.2,1.2,0.07,0.8,0.8,Matches,,,,,,,,,,,,,,,,,,,,,,,,,,
2017-2018,EPL,Bournemouth,Junior Stanislas,eng ENG,"MF,FW",27.0,14.3,5.0,44.0,19.0,43.2,3.08,1.33,0.09,0.21,21.7,1.0,1.0,,8.0,3.9,3.1,0.07,1.1,0.9,Matches,,,,,,,,,,,,,,,,,,,,,,,,,,
2017-2018,EPL,Bournemouth,Jermain Defoe,eng ENG,FW,34.0,12.1,4.0,27.0,15.0,55.6,2.23,1.24,0.15,0.27,11.5,0.0,0.0,,0.0,3.5,3.5,0.13,0.5,0.5,Matches,,,,,,,,,,,,,,,,,,,,,,,,,,
2017-2018,EPL,Bournemouth,Marc Pugh,eng ENG,"MF,FW",30.0,10.9,0.0,19.0,4.0,21.1,1.74,0.37,0.0,0.0,17.3,0.0,0.0,,0.0,1.3,1.3,0.07,-1.3,-1.3,Matches,,,,,,,,,,,,,,,,,,,,,,,,,,
2017-2018,EPL,Bournemouth,Harry Arter,ie IRL,MF,27.0,10.7,1.0,11.0,1.0,9.1,1.03,0.09,0.09,1.0,26.1,0.0,0.0,,0.0,0.3,0.3,0.03,0.7,0.7,Matches,,,,,,,,,,,,,,,,,,,,,,,,,,
2017-2018,EPL,Bournemouth,Benik Afobe,cd COD,FW,24.0,6.8,0.0,8.0,3.0,37.5,1.18,0.44,0.0,0.0,8.6,0.0,0.0,,0.0,1.6,1.6,0.21,-1.6,-1.6,Matches,,,,,,,,,,,,,,,,,,,,,,,,,,
2017-2018,EPL,Bournemouth,Lys Mousset,fr FRA,"FW,MF",21.0,6.6,2.0,22.0,5.0,22.7,3.32,0.76,0.09,0.4,18.8,0.0,0.0,,0.0,1.2,1.2,0.05,0.8,0.8,Matches,,,,,,,,,,,,,,,,,,,,,,,,,,
2017-2018,EPL,Bournemouth,Tyrone Mings,eng ENG,DF,24.0,2.2,0.0,1.0,0.0,0.0,0.45,0.0,0.0,,35.7,0.0,0.0,,0.0,0.0,0.0,0.01,0.0,0.0,Matches,,,,,,,,,,,,,,,,,,,,,,,,,,
2017-2018,EPL,Bournemouth,Jack Simpson,eng ENG,DF,20.0,0.8,0.0,0.0,0.0,,0.0,0.0,,,,0.0,0.0,,0.0,0.0,0.0,,0.0,0.0,Matches,,,,,,,,,,,,,,,,,,,,,,,,,,
2017-2018,EPL,Bournemouth,Emerson Hyndman,us USA,MF,21.0,0.6,0.0,0.0,0.0,,0.0,0.0,,,,0.0,0.0,,0.0,0.0,0.0,,0.0,0.0,Matches,,,,,,,,,,,,,,,,,,,,,,,,,,
2017-2018,EPL,Bournemouth,Squad Total,,,26.9,38.0,45.0,462.0,153.0,33.1,12.16,4.03,0.09,0.27,18.3,3.0,3.0,,15.0,38.8,36.4,0.08,6.2,5.6,,,,,,,,,,,,,,,,,,,,,,,,,,,
2017-2018,EPL,Bournemouth,Opponent Total,,,26.9,38.0,60.0,544.0,167.0,30.7,14.32,4.39,0.11,0.35,17.4,2.0,3.0,,15.0,59.2,56.8,0.11,0.8,1.2,,,,,,,,,,,,,,,,,,,,,,,,,,,
2017-2018,EPL,West Ham,Pablo Zabaleta,ar ARG,"DF,MF",32.0,36.5,0.0,6.0,1.0,16.7,0.16,0.03,0.0,0.0,14.2,0.0,0.0,,0.0,0.4,0.4,0.06,-0.4,-0.4,Matches,,,,,,,,,,,,,,,,,,,,,,,,,,
2017-2018,EPL,West Ham,Aaron Cresswell,eng ENG,DF,27.0,34.1,1.0,21.0,6.0,28.6,0.62,0.18,0.05,0.17,28.7,0.0,0.0,,8.0,0.8,0.8,0.04,0.2,0.2,Matches,,,,,,,,,,,,,,,,,,,,,,,,,,
2017-2018,EPL,West Ham,Angelo Ogbonna,it ITA,DF,29.0,32.0,1.0,8.0,2.0,25.0,0.25,0.06,0.13,0.5,13.1,0.0,0.0,,0.0,0.7,0.7,0.08,0.3,0.3,Matches,,,,,,,,,,,,,,,,,,,,,,,,,,
2017-2018,EPL,West Ham,Cheikhou Kouyaté,sn SEN,MF,27.0,31.1,2.0,23.0,4.0,17.4,0.74,0.13,0.09,0.5,14.2,0.0,0.0,,0.0,2.7,2.7,0.12,-0.7,-0.7,Matches,,,,,,,,,,,,,,,,,,,,,,,,,,
2017-2018,EPL,West Ham,Mark Noble,eng ENG,MF,30.0,26.7,4.0,13.0,4.0,30.8,0.49,0.15,0.15,0.5,26.1,2.0,2.0,,0.0,2.4,0.8,0.06,1.6,1.2,Matches,,,,,,,,,,,,,,,,,,,,,,,,,,
2017-2018,EPL,West Ham,Marko Arnautović,at AUT,"FW,MF",28.0,25.7,11.0,71.0,33.0,46.5,2.76,1.28,0.15,0.33,14.5,0.0,0.0,,0.0,8.6,8.6,0.12,2.4,2.4,Matches,,,,,,,,,,,,,,,,,,,,,,,,,,
2017-2018,EPL,West Ham,Manuel Lanzini,ar ARG,"MF,FW",24.0,22.7,5.0,43.0,16.0,37.2,1.9,0.71,0.12,0.31,21.0,0.0,1.0,,7.0,3.9,3.1,0.07,1.1,1.9,Matches,,,,,,,,,,,,,,,,,,,,,,,,,,
2017-2018,EPL,West Ham,Arthur Masuaku,cd COD,DF,23.0,20.8,0.0,9.0,3.0,33.3,0.43,0.14,0.0,0.0,27.3,0.0,0.0,,0.0,0.3,0.3,0.03,-0.3,-0.3,Matches,,,,,,,,,,,,,,,,,,,,,,,,,,
2017-2018,EPL,West Ham,Adrián,es ESP,GK,30.0,19.0,0.0,0.0,0.0,,0.0,0.0,,,,0.0,0.0,,0.0,0.0,0.0,,0.0,0.0,Matches,,,,,,,,,,,,,,,,,,,,,,,,,,
2017-2018,EPL,West Ham,Joe Hart,eng ENG,GK,30.0,19.0,0.0,0.0,0.0,,0.0,0.0,,,,0.0,0.0,,0.0,0.0,0.0,,0.0,0.0,Matches,,,,,,,,,,,,,,,,,,,,,,,,,,
2017-2018,EPL,West Ham,Pedro Obiang,gq EQG,MF,25.0,17.4,2.0,13.0,5.0,38.5,0.75,0.29,0.15,0.4,27.3,0.0,0.0,,0.0,0.4,0.4,0.03,1.6,1.6,Matches,,,,,,,,,,,,,,,,,,,,,,,,,,
2017-2018,EPL,West Ham,Winston Reid,nz NZL,DF,29.0,16.1,0.0,5.0,0.0,0.0,0.31,0.0,0.0,,13.2,0.0,0.0,,0.0,0.3,0.3,0.05,-0.3,-0.3,Matches,,,,,,,,,,,,,,,,,,,,,,,,,,
2017-2018,EPL,West Ham,Javier Hernández,mx MEX,FW,29.0,17.2,8.0,29.0,16.0,55.2,1.69,0.93,0.28,0.5,13.6,0.0,0.0,,1.0,5.0,5.0,0.17,3.0,3.0,Matches,,,,,,,,,,,,,,,,,,,,,,,,,,
2017-2018,EPL,West Ham,Michail Antonio,jm JAM,"FW,MF",27.0,15.0,3.0,34.0,15.0,44.1,2.26,1.0,0.09,0.2,21.9,0.0,0.0,,0.0,2.4,2.4,0.07,0.6,0.6,Matches,,,,,,,,,,,,,,,,,,,,,,,,,,
2017-2018,EPL,West Ham,Declan Rice,eng ENG,"DF,MF",18.0,15.9,0.0,5.0,0.0,0.0,0.31,0.0,0.0,,21.1,0.0,0.0,,0.0,0.2,0.2,0.04,-0.2,-0.2,Matches,,,,,,,,,,,,,,,,,,,,,,,,,,
2017-2018,EPL,West Ham,James Collins,wls WAL,DF,33.0,11.7,1.0,4.0,1.0,25.0,0.34,0.09,0.25,1.0,9.9,0.0,0.0,,0.0,0.3,0.3,0.08,0.7,0.7,Matches,,,,,,,,,,,,,,,,,,,,,,,,,,
2017-2018,EPL,West Ham,João Mário,pt POR,MF,24.0,11.4,2.0,16.0,4.0,25.0,1.41,0.35,0.13,0.5,17.9,0.0,0.0,,1.0,1.7,1.7,0.1,0.3,0.3,Matches,,,,,,,,,,,,,,,,,,,,,,,,,,
2017-2018,EPL,West Ham,André Ayew,gh GHA,"MF,FW",27.0,9.9,3.0,12.0,4.0,33.3,1.21,0.4,0.25,0.75,13.6,0.0,1.0,,0.0,3.3,2.5,0.21,-0.3,0.5,Matches,,,,,,,,,,,,,,,,,,,,,,,,,,
2017-2018,EPL,West Ham,Edimilson Fernandes,ch SUI,"MF,DF",21.0,9.4,0.0,7.0,1.0,14.3,0.75,0.11,0.0,0.0,22.6,0.0,0.0,,0.0,0.3,0.3,0.04,-0.3,-0.3,Matches,,,,,,,,,,,,,,,,,,,,,,,,,,
2017-2018,EPL,West Ham,José Fonte,pt POR,DF,33.0,7.6,0.0,8.0,1.0,12.5,1.05,0.13,0.0,0.0,15.3,0.0,0.0,,0.0,0.6,0.6,0.08,-0.6,-0.6,Matches,,,,,,,,,,,,,,,,,,,,,,,,,,
2017-2018,EPL,West Ham,Andy Carroll,eng ENG,FW,28.0,8.3,3.0,28.0,8.0,28.6,3.36,0.96,0.11,0.38,16.4,0.0,0.0,,0.0,1.8,1.8,0.07,1.2,1.2,Matches,,,,,,,,,,,,,,,,,,,,,,,,,,
2017-2018,EPL,West Ham,Patrice Evra,fr FRA,"DF,MF",36.0,2.5,0.0,0.0,0.0,,0.0,0.0,,,,0.0,0.0,,0.0,0.0,0.0,,0.0,0.0,Matches,,,,,,,,,,,,,,,,,,,,,,,,,,
2017-2018,EPL,West Ham,Sam Byram,eng ENG,"DF,MF",23.0,2.8,0.0,4.0,0.0,0.0,1.45,0.0,0.0,,15.3,0.0,0.0,,0.0,0.3,0.3,0.08,-0.3,-0.3,Matches,,,,,,,,,,,,,,,,,,,,,,,,,,
2017-2018,EPL,West Ham,Diafra Sakho,sn SEN,FW,27.0,3.4,2.0,9.0,3.0,33.3,2.65,0.88,0.22,0.67,10.1,0.0,0.0,,0.0,1.4,1.4,0.16,0.6,0.6,Matches,,,,,,,,,,,,,,,,,,,,,,,,,,
2017-2018,EPL,West Ham,Jordan Hugill,eng ENG,FW,25.0,0.3,0.0,0.0,0.0,,0.0,0.0,,,,0.0,0.0,,0.0,0.0,0.0,,0.0,0.0,Matches,,,,,,,,,,,,,,,,,,,,,,,,,,
2017-2018,EPL,West Ham,Josh Cullen,ie IRL,MF,21.0,0.1,0.0,0.0,0.0,,0.0,0.0,,,,0.0,0.0,,0.0,0.0,0.0,,0.0,0.0,Matches,,,,,,,,,,,,,,,,,,,,,,,,,,
2017-2018,EPL,West Ham,Reece Oxford,eng ENG,MF,18.0,0.1,0.0,0.0,0.0,,0.0,0.0,,,,0.0,0.0,,0.0,0.0,0.0,,0.0,0.0,Matches,,,,,,,,,,,,,,,,,,,,,,,,,,
2017-2018,EPL,West Ham,Squad Total,,,28.0,38.0,48.0,368.0,127.0,34.5,9.68,3.34,0.13,0.36,18.2,2.0,4.0,,17.0,36.7,33.6,0.09,11.3,12.4,,,,,,,,,,,,,,,,,,,,,,,,,,,
2017-2018,EPL,West Ham,Opponent Total,,,26.8,38.0,67.0,557.0,181.0,32.5,14.66,4.76,0.11,0.34,18.9,5.0,6.0,,19.0,55.1,50.7,0.09,11.9,11.3,,,,,,,,,,,,,,,,,,,,,,,,,,,
2017-2018,EPL,Watford,Abdoulaye Doucouré,ml MLI,MF,24.0,36.9,7.0,47.0,17.0,36.2,1.27,0.46,0.15,0.41,20.7,0.0,0.0,,0.0,3.5,3.5,0.08,3.5,3.5,Matches,,,,,,,,,,,,,,,,,,,,,,,,,,
2017-2018,EPL,Watford,Richarlison,br BRA,"FW,MF",20.0,31.4,5.0,95.0,22.0,23.2,3.03,0.7,0.05,0.23,15.1,0.0,0.0,,2.0,10.3,10.3,0.11,-5.3,-5.3,Matches,,,,,,,,,,,,,,,,,,,,,,,,,,
2017-2018,EPL,Watford,Christian Kabasele,be BEL,DF,26.0,25.9,2.0,10.0,5.0,50.0,0.39,0.19,0.2,0.4,10.7,0.0,0.0,,0.0,0.7,0.7,0.07,1.3,1.3,Matches,,,,,,,,,,,,,,,,,,,,,,,,,,
2017-2018,EPL,Watford,José Holebas,gr GRE,DF,33.0,26.5,0.0,17.0,3.0,17.6,0.64,0.11,0.0,0.0,25.9,0.0,0.0,,2.0,0.6,0.6,0.03,-0.6,-0.6,Matches,,,,,,,,,,,,,,,,,,,,,,,,,,
2017-2018,EPL,Watford,Adrian Mariappa,jm JAM,DF,30.0,24.6,0.0,10.0,2.0,20.0,0.41,0.08,0.0,0.0,13.2,0.0,0.0,,0.0,0.7,0.7,0.07,-0.7,-0.7,Matches,,,,,,,,,,,,,,,,,,,,,,,,,,
2017-2018,EPL,Watford,Heurelho Gomes,br BRA,GK,36.0,23.6,0.0,0.0,0.0,,0.0,0.0,,,,0.0,0.0,,0.0,0.0,0.0,,0.0,0.0,Matches,,,,,,,,,,,,,,,,,,,,,,,,,,
2017-2018,EPL,Watford,Tom Cleverley,eng ENG,MF,27.0,21.1,1.0,15.0,3.0,20.0,0.71,0.14,0.07,0.33,21.5,0.0,1.0,,1.0,1.9,1.1,0.07,-0.9,-0.1,Matches,,,,,,,,,,,,,,,,,,,,,,,,,,
2017-2018,EPL,Watford,Daryl Janmaat,nl NED,DF,28.0,20.2,3.0,24.0,10.0,41.7,1.19,0.49,0.13,0.3,20.3,0.0,0.0,,0.0,1.8,1.8,0.08,1.2,1.2,Matches,,,,,,,,,,,,,,,,,,,,,,,,,,
2017-2018,EPL,Watford,Troy Deeney,eng ENG,FW,29.0,20.5,5.0,31.0,10.0,32.3,1.51,0.49,0.06,0.2,17.1,3.0,5.0,,0.0,6.9,2.8,0.09,-1.9,-0.8,Matches,,,,,,,,,,,,,,,,,,,,,,,,,,
2017-2018,EPL,Watford,Kiko Femenía,es ESP,"DF,FW",26.0,19.0,1.0,9.0,3.0,33.3,0.47,0.16,0.11,0.33,20.7,0.0,0.0,,0.0,0.4,0.4,0.04,0.6,0.6,Matches,,,,,,,,,,,,,,,,,,,,,,,,,,
2017-2018,EPL,Watford,Roberto Pereyra,ar ARG,"MF,FW",26.0,18.0,5.0,33.0,13.0,39.4,1.83,0.72,0.15,0.38,17.0,0.0,0.0,,2.0,3.3,3.3,0.1,1.7,1.7,Matches,,,,,,,,,,,,,,,,,,,,,,,,,,
2017-2018,EPL,Watford,Étienne Capoue,fr FRA,MF,29.0,17.1,1.0,23.0,3.0,13.0,1.34,0.18,0.04,0.33,28.1,0.0,0.0,,0.0,0.8,0.8,0.04,0.2,0.2,Matches,,,,,,,,,,,,,,,,,,,,,,,,,,
2017-2018,EPL,Watford,Sebastian Prödl,at AUT,DF,30.0,17.4,0.0,8.0,1.0,12.5,0.46,0.06,0.0,0.0,11.8,0.0,0.0,,0.0,0.6,0.6,0.08,-0.6,-0.6,Matches,,,,,,,,,,,,,,,,,,,,,,,,,,
2017-2018,EPL,Watford,André Carrillo,pe PER,"FW,MF",26.0,17.1,1.0,24.0,3.0,12.5,1.4,0.18,0.04,0.33,17.8,0.0,0.0,,0.0,2.3,2.3,0.1,-1.3,-1.3,Matches,,,,,,,,,,,,,,,,,,,,,,,,,,
2017-2018,EPL,Watford,Andre Gray,jm JAM,FW,26.0,16.6,5.0,34.0,13.0,38.2,2.04,0.78,0.15,0.38,12.3,0.0,0.0,,0.0,6.7,6.7,0.2,-1.7,-1.7,Matches,,,,,,,,,,,,,,,,,,,,,,,,,,
2017-2018,EPL,Watford,Orestis Karnezis,gr GRE,GK,32.0,14.4,0.0,0.0,0.0,,0.0,0.0,,,,0.0,0.0,,0.0,0.0,0.0,,0.0,0.0,Matches,,,,,,,,,,,,,,,,,,,,,,,,,,
2017-2018,EPL,Watford,Marvin Zeegelaar,nl NED,DF,26.0,11.0,0.0,0.0,0.0,,0.0,0.0,,,,0.0,0.0,,0.0,0.0,0.0,,0.0,0.0,Matches,,,,,,,,,,,,,,,,,,,,,,,,,,
2017-2018,EPL,Watford,Will Hughes,eng ENG,MF,22.0,11.0,2.0,12.0,4.0,33.3,1.09,0.36,0.17,0.5,21.0,0.0,0.0,,0.0,0.6,0.6,0.05,1.4,1.4,Matches,,,,,,,,,,,,,,,,,,,,,,,,,,
2017-2018,EPL,Watford,Miguel Britos,uy URU,DF,32.0,8.9,1.0,4.0,2.0,50.0,0.45,0.23,0.25,0.5,17.4,0.0,0.0,,0.0,0.8,0.8,0.2,0.2,0.2,Matches,,,,,,,,,,,,,,,,,,,,,,,,,,
2017-2018,EPL,Watford,Ben Watson,eng ENG,MF,32.0,5.1,0.0,1.0,0.0,0.0,0.2,0.0,0.0,,32.9,0.0,0.0,,1.0,0.1,0.1,0.05,-0.1,-0.1,Matches,,,,,,,,,,,,,,,,,,,,,,,,,,
2017-2018,EPL,Watford,Craig Cathcart,nir NIR,DF,28.0,5.8,0.0,2.0,1.0,50.0,0.34,0.17,0.0,0.0,10.1,0.0,0.0,,0.0,0.1,0.1,0.07,-0.1,-0.1,Matches,,,,,,,,,,,,,,,,,,,,,,,,,,
2017-2018,EPL,Watford,Nathaniel Chalobah,eng ENG,MF,22.0,5.0,0.0,12.0,4.0,33.3,2.42,0.81,0.0,0.0,22.5,0.0,0.0,,0.0,0.8,0.8,0.07,-0.8,-0.8,Matches,,,,,,,,,,,,,,,,,,,,,,,,,,
2017-2018,EPL,Watford,Molla Wagué,ml MLI,DF,26.0,4.9,1.0,3.0,1.0,33.3,0.62,0.21,0.33,1.0,7.6,0.0,0.0,,0.0,0.4,0.4,0.13,0.6,0.6,Matches,,,,,,,,,,,,,,,,,,,,,,,,,,
2017-2018,EPL,Watford,Gerard Deulofeu,es ESP,"FW,MF",23.0,4.8,1.0,8.0,4.0,50.0,1.66,0.83,0.13,0.25,20.1,0.0,0.0,,2.0,0.5,0.5,0.07,0.5,0.5,Matches,,,,,,,,,,,,,,,,,,,,,,,,,,
2017-2018,EPL,Watford,Stefano Okaka,it ITA,FW,27.0,5.0,1.0,10.0,2.0,20.0,1.99,0.4,0.1,0.5,12.6,0.0,0.0,,0.0,1.8,1.8,0.18,-0.8,-0.8,Matches,,,,,,,,,,,,,,,,,,,,,,,,,,
2017-2018,EPL,Watford,Nordin Amrabat,ma MAR,FW,30.0,2.2,0.0,1.0,0.0,0.0,0.45,0.0,0.0,,12.6,0.0,0.0,,0.0,0.1,0.1,0.05,-0.1,-0.1,Matches,,,,,,,,,,,,,,,,,,,,,,,,,,
2017-2018,EPL,Watford,Younès Kaboul,fr FRA,DF,31.0,1.7,0.0,0.0,0.0,,0.0,0.0,,,,0.0,0.0,,0.0,0.0,0.0,,0.0,0.0,Matches,,,,,,,,,,,,,,,,,,,,,,,,,,
2017-2018,EPL,Watford,Jerome Sinclair,eng ENG,"MF,FW",20.0,0.3,0.0,0.0,0.0,,0.0,0.0,,,,0.0,0.0,,0.0,0.0,0.0,,0.0,0.0,Matches,,,,,,,,,,,,,,,,,,,,,,,,,,
2017-2018,EPL,Watford,Dodi Lukebakio,be BEL,"MF,FW",19.0,0.2,0.0,1.0,0.0,0.0,5.63,0.0,0.0,,29.6,0.0,0.0,,0.0,0.0,0.0,0.03,0.0,0.0,Matches,,,,,,,,,,,,,,,,,,,,,,,,,,
2017-2018,EPL,Watford,Squad Total,,,27.9,38.0,42.0,434.0,126.0,29.0,11.42,3.32,0.09,0.31,17.9,3.0,6.0,,10.0,45.0,40.2,0.09,-3.0,-1.2,,,,,,,,,,,,,,,,,,,,,,,,,,,
2017-2018,EPL,Watford,Opponent Total,,,26.9,38.0,63.0,407.0,150.0,36.9,10.71,3.95,0.14,0.38,17.0,6.0,6.0,,17.0,51.8,47.2,0.12,11.2,9.8,,,,,,,,,,,,,,,,,,,,,,,,,,,
2017-2018,EPL,Brighton,Lewis Dunk,eng ENG,DF,25.0,38.0,1.0,27.0,8.0,29.6,0.71,0.21,0.04,0.13,11.5,0.0,0.0,,1.0,2.7,2.7,0.1,-1.7,-1.7,Matches,,,,,,,,,,,,,,,,,,,,,,,,,,
2017-2018,EPL,Brighton,Mathew Ryan,au AUS,GK,25.0,38.0,0.0,0.0,0.0,,0.0,0.0,,,,0.0,0.0,,0.0,0.0,0.0,,0.0,0.0,Matches,,,,,,,,,,,,,,,,,,,,,,,,,,
2017-2018,EPL,Brighton,Shane Duffy,ie IRL,DF,25.0,36.6,0.0,28.0,4.0,14.3,0.77,0.11,0.0,0.0,10.0,0.0,0.0,,0.0,2.3,2.3,0.08,-2.3,-2.3,Matches,,,,,,,,,,,,,,,,,,,,,,,,,,
2017-2018,EPL,Brighton,Dale Stephens,eng ENG,MF,28.0,36.0,0.0,19.0,2.0,10.5,0.53,0.06,0.0,0.0,23.0,0.0,0.0,,0.0,1.2,1.2,0.06,-1.2,-1.2,Matches,,,,,,,,,,,,,,,,,,,,,,,,,,
2017-2018,EPL,Brighton,Davy Pröpper,nl NED,MF,25.0,34.7,0.0,36.0,5.0,13.9,1.04,0.14,0.0,0.0,22.2,0.0,0.0,,0.0,1.9,1.9,0.05,-1.9,-1.9,Matches,,,,,,,,,,,,,,,,,,,,,,,,,,
2017-2018,EPL,Brighton,Pascal Groß,de GER,"FW,MF",26.0,32.5,7.0,43.0,19.0,44.2,1.32,0.58,0.14,0.32,21.5,1.0,1.0,,1.0,3.3,2.5,0.06,3.7,3.5,Matches,,,,,,,,,,,,,,,,,,,,,,,,,,
2017-2018,EPL,Brighton,Anthony Knockaert,fr FRA,"MF,FW",25.0,26.9,3.0,46.0,12.0,26.1,1.71,0.45,0.07,0.25,19.0,0.0,0.0,,0.0,4.1,4.1,0.09,-1.1,-1.1,Matches,,,,,,,,,,,,,,,,,,,,,,,,,,
2017-2018,EPL,Brighton,Gaëtan Bong,cm CMR,DF,29.0,24.8,0.0,4.0,1.0,25.0,0.16,0.04,0.0,0.0,29.3,0.0,0.0,,0.0,0.1,0.1,0.02,-0.1,-0.1,Matches,,,,,,,,,,,,,,,,,,,,,,,,,,
2017-2018,EPL,Brighton,Glenn Murray,eng ENG,FW,33.0,24.4,12.0,47.0,19.0,40.4,1.93,0.78,0.17,0.42,14.6,4.0,6.0,,0.0,11.9,7.5,0.16,0.1,0.5,Matches,,,,,,,,,,,,,,,,,,,,,,,,,,
2017-2018,EPL,Brighton,Bruno,es ESP,DF,36.0,22.4,0.0,2.0,1.0,50.0,0.09,0.04,0.0,0.0,20.8,0.0,0.0,,0.0,0.1,0.1,0.04,-0.1,-0.1,Matches,,,,,,,,,,,,,,,,,,,,,,,,,,
2017-2018,EPL,Brighton,José Izquierdo,co COL,"MF,FW",25.0,22.0,5.0,52.0,16.0,30.8,2.36,0.73,0.1,0.31,19.5,0.0,0.0,,0.0,3.8,3.8,0.07,1.2,1.2,Matches,,,,,,,,,,,,,,,,,,,,,,,,,,
2017-2018,EPL,Brighton,Solly March,eng ENG,"MF,FW",23.0,20.6,1.0,28.0,9.0,32.1,1.36,0.44,0.04,0.11,23.8,0.0,0.0,,1.0,1.5,1.5,0.05,-0.5,-0.5,Matches,,,,,,,,,,,,,,,,,,,,,,,,,,
2017-2018,EPL,Brighton,Ezequiel Schelotto,it ITA,DF,28.0,14.6,0.0,6.0,2.0,33.3,0.41,0.14,0.0,0.0,21.5,0.0,0.0,,0.0,0.2,0.2,0.04,-0.2,-0.2,Matches,,,,,,,,,,,,,,,,,,,,,,,,,,
2017-2018,EPL,Brighton,Markus Suttner,at AUT,DF,30.0,13.1,0.0,3.0,0.0,0.0,0.23,0.0,0.0,,29.3,0.0,0.0,,1.0,0.1,0.1,0.04,-0.1,-0.1,Matches,,,,,,,,,,,,,,,,,,,,,,,,,,
2017-2018,EPL,Brighton,Tomer Hemed,il ISR,FW,30.0,9.4,2.0,17.0,7.0,41.2,1.8,0.74,0.12,0.29,14.8,0.0,0.0,,0.0,1.9,1.9,0.11,0.1,0.1,Matches,,,,,,,,,,,,,,,,,,,,,,,,,,
2017-2018,EPL,Brighton,Beram Kayal,il ISR,MF,29.0,8.3,0.0,4.0,1.0,25.0,0.48,0.12,0.0,0.0,16.2,0.0,0.0,,0.0,0.2,0.2,0.06,-0.2,-0.2,Matches,,,,,,,,,,,,,,,,,,,,,,,,,,
2017-2018,EPL,Brighton,Izzy Brown,eng ENG,"MF,FW",20.0,3.5,0.0,1.0,1.0,100.0,0.29,0.29,0.0,0.0,18.1,0.0,0.0,,0.0,0.1,0.1,0.05,-0.1,-0.1,Matches,,,,,,,,,,,,,,,,,,,,,,,,,,
2017-2018,EPL,Brighton,Jürgen Locadia,nl NED,"FW,MF",23.0,2.5,1.0,6.0,1.0,16.7,2.41,0.4,0.17,1.0,18.1,0.0,0.0,,0.0,1.1,1.1,0.18,-0.1,-0.1,Matches,,,,,,,,,,,,,,,,,,,,,,,,,,
2017-2018,EPL,Brighton,Leonardo Ulloa,ar ARG,FW,31.0,3.0,1.0,2.0,1.0,50.0,0.67,0.34,0.5,1.0,6.9,0.0,0.0,,0.0,0.7,0.7,0.37,0.3,0.3,Matches,,,,,,,,,,,,,,,,,,,,,,,,,,
2017-2018,EPL,Brighton,Connor Goldson,eng ENG,DF,24.0,2.2,0.0,3.0,1.0,33.3,1.35,0.45,0.0,0.0,7.2,0.0,0.0,,0.0,0.2,0.2,0.08,-0.2,-0.2,Matches,,,,,,,,,,,,,,,,,,,,,,,,,,
2017-2018,EPL,Brighton,Jamie Murphy,sct SCO,MF,27.0,1.9,0.0,1.0,0.0,0.0,0.54,0.0,0.0,,16.9,0.0,0.0,,0.0,0.1,0.1,0.06,-0.1,-0.1,Matches,,,,,,,,,,,,,,,,,,,,,,,,,,
2017-2018,EPL,Brighton,Liam Rosenior,eng ENG,DF,33.0,1.8,0.0,2.0,0.0,0.0,1.1,0.0,0.0,,22.4,0.0,0.0,,0.0,0.1,0.1,0.03,-0.1,-0.1,Matches,,,,,,,,,,,,,,,,,,,,,,,,,,
2017-2018,EPL,Brighton,Sam Baldock,eng ENG,FW,28.0,0.4,0.0,0.0,0.0,,0.0,0.0,,,,0.0,0.0,,0.0,0.0,0.0,,0.0,0.0,Matches,,,,,,,,,,,,,,,,,,,,,,,,,,
2017-2018,EPL,Brighton,Uwe Hünemeier,de GER,DF,31.0,0.2,0.0,0.0,0.0,,0.0,0.0,,,,0.0,0.0,,0.0,0.0,0.0,,0.0,0.0,Matches,,,,,,,,,,,,,,,,,,,,,,,,,,
2017-2018,EPL,Brighton,Squad Total,,,27.5,38.0,33.0,377.0,110.0,29.2,9.92,2.89,0.07,0.25,18.3,5.0,7.0,,4.0,37.0,31.8,0.09,-4.0,-3.8,,,,,,,,,,,,,,,,,,,,,,,,,,,
2017-2018,EPL,Brighton,Opponent Total,,,27.0,38.0,49.0,552.0,169.0,30.6,14.53,4.45,0.09,0.28,18.6,1.0,3.0,,33.0,50.8,48.4,0.09,-1.8,-0.4,,,,,,,,,,,,,,,,,,,,,,,,,,,
2017-2018,EPL,Huddersfield,Mathias Jørgensen,dk DEN,DF,27.0,38.0,0.0,13.0,3.0,23.1,0.34,0.08,0.0,0.0,13.0,0.0,0.0,,0.0,1.9,1.9,0.15,-1.9,-1.9,Matches,,,,,,,,,,,,,,,,,,,,,,,,,,
2017-2018,EPL,Huddersfield,Jonas Lössl,dk DEN,GK,28.0,38.0,0.0,0.0,0.0,,0.0,0.0,,,,0.0,0.0,,0.0,0.0,0.0,,0.0,0.0,Matches,,,,,,,,,,,,,,,,,,,,,,,,,,
2017-2018,EPL,Huddersfield,Christopher Schindler,de GER,DF,27.0,36.3,0.0,10.0,0.0,0.0,0.28,0.0,0.0,,8.7,0.0,0.0,,0.0,1.1,1.1,0.11,-1.1,-1.1,Matches,,,,,,,,,,,,,,,,,,,,,,,,,,
2017-2018,EPL,Huddersfield,Aaron Mooy,au AUS,MF,26.0,34.1,4.0,28.0,6.0,21.4,0.82,0.18,0.11,0.5,23.2,1.0,1.0,,3.0,3.0,2.2,0.08,1.0,0.8,Matches,,,,,,,,,,,,,,,,,,,,,,,,,,
2017-2018,EPL,Huddersfield,Jonathan Hogg,eng ENG,MF,28.0,26.6,0.0,12.0,2.0,16.7,0.45,0.08,0.0,0.0,24.0,0.0,0.0,,0.0,0.4,0.4,0.03,-0.4,-0.4,Matches,,,,,,,,,,,,,,,,,,,,,,,,,,
2017-2018,EPL,Huddersfield,Tom Ince,eng ENG,"MF,FW",25.0,27.2,2.0,70.0,20.0,28.6,2.57,0.73,0.03,0.1,18.7,0.0,0.0,,4.0,6.4,6.4,0.09,-4.4,-4.4,Matches,,,,,,,,,,,,,,,,,,,,,,,,,,
2017-2018,EPL,Huddersfield,Rajiv van La Parra,nl NED,"FW,MF",26.0,23.7,3.0,42.0,14.0,33.3,1.77,0.59,0.05,0.14,21.6,1.0,1.0,,0.0,3.1,2.3,0.05,-0.1,-0.3,Matches,,,,,,,,,,,,,,,,,,,,,,,,,,
2017-2018,EPL,Huddersfield,Tommy Smith,eng ENG,DF,25.0,21.2,0.0,8.0,2.0,25.0,0.38,0.09,0.0,0.0,26.6,0.0,0.0,,0.0,0.2,0.2,0.02,-0.2,-0.2,Matches,,,,,,,,,,,,,,,,,,,,,,,,,,
2017-2018,EPL,Huddersfield,Steve Mounié,bj BEN,FW,22.0,20.6,7.0,49.0,22.0,44.9,2.38,1.07,0.14,0.32,14.2,0.0,0.0,,1.0,5.2,5.2,0.11,1.8,1.8,Matches,,,,,,,,,,,,,,,,,,,,,,,,,,
2017-2018,EPL,Huddersfield,Florent Hadergjonaj,xk KVX,"DF,MF",23.0,18.6,0.0,8.0,2.0,25.0,0.43,0.11,0.0,0.0,25.4,0.0,0.0,,0.0,0.3,0.3,0.03,-0.3,-0.3,Matches,,,,,,,,,,,,,,,,,,,,,,,,,,
2017-2018,EPL,Huddersfield,Chris Löwe,de GER,DF,28.0,17.6,0.0,8.0,2.0,25.0,0.45,0.11,0.0,0.0,25.3,0.0,0.0,,3.0,0.4,0.4,0.04,-0.4,-0.4,Matches,,,,,,,,,,,,,,,,,,,,,,,,,,
2017-2018,EPL,Huddersfield,Laurent Depoitre,be BEL,FW,28.0,20.2,6.0,25.0,12.0,48.0,1.24,0.59,0.24,0.5,13.5,0.0,0.0,,0.0,3.7,3.7,0.15,2.3,2.3,Matches,,,,,,,,,,,,,,,,,,,,,,,,,,
2017-2018,EPL,Huddersfield,Elias Kachunga,cd COD,"FW,MF",25.0,14.8,1.0,12.0,5.0,41.7,0.81,0.34,0.08,0.2,11.1,0.0,0.0,,0.0,1.9,1.9,0.16,-0.9,-0.9,Matches,,,,,,,,,,,,,,,,,,,,,,,,,,
2017-2018,EPL,Huddersfield,Collin Quaner,de GER,"FW,MF",26.0,14.2,0.0,16.0,2.0,12.5,1.13,0.14,0.0,0.0,15.8,0.0,0.0,,0.0,1.4,1.4,0.09,-1.4,-1.4,Matches,,,,,,,,,,,,,,,,,,,,,,,,,,
2017-2018,EPL,Huddersfield,Scott Malone,eng ENG,DF,26.0,12.4,0.0,8.0,2.0,25.0,0.64,0.16,0.0,0.0,20.8,0.0,0.0,,0.0,0.5,0.5,0.07,-0.5,-0.5,Matches,,,,,,,,,,,,,,,,,,,,,,,,,,
2017-2018,EPL,Huddersfield,Alex Pritchard,eng ENG,"MF,FW",24.0,11.1,1.0,20.0,4.0,20.0,1.8,0.36,0.05,0.25,21.7,0.0,0.0,,3.0,1.2,1.2,0.06,-0.2,-0.2,Matches,,,,,,,,,,,,,,,,,,,,,,,,,,
2017-2018,EPL,Huddersfield,Danny Williams,us USA,MF,28.0,12.5,0.0,12.0,2.0,16.7,0.96,0.16,0.0,0.0,24.8,0.0,0.0,,0.0,0.4,0.4,0.03,-0.4,-0.4,Matches,,,,,,,,,,,,,,,,,,,,,,,,,,
2017-2018,EPL,Huddersfield,Terence Kongolo,nl NED,DF,23.0,11.7,0.0,2.0,0.0,0.0,0.17,0.0,0.0,,15.0,0.0,0.0,,0.0,0.3,0.3,0.14,-0.3,-0.3,Matches,,,,,,,,,,,,,,,,,,,,,,,,,,
2017-2018,EPL,Huddersfield,Philip Billing,dk DEN,MF,21.0,8.5,0.0,7.0,2.0,28.6,0.82,0.24,0.0,0.0,29.6,0.0,0.0,,0.0,0.2,0.2,0.03,-0.2,-0.2,Matches,,,,,,,,,,,,,,,,,,,,,,,,,,
2017-2018,EPL,Huddersfield,Joe Lolley,eng ENG,"FW,MF",24.0,2.5,1.0,3.0,3.0,100.0,1.22,1.22,0.33,0.33,20.0,0.0,0.0,,0.0,0.1,0.1,0.04,0.9,0.9,Matches,,,,,,,,,,,,,,,,,,,,,,,,,,
2017-2018,EPL,Huddersfield,Abdelhamid Sabiri,ma MAR,MF,20.0,2.4,0.0,5.0,0.0,0.0,2.05,0.0,0.0,,15.9,0.0,0.0,,0.0,0.3,0.3,0.05,-0.3,-0.3,Matches,,,,,,,,,,,,,,,,,,,,,,,,,,
2017-2018,EPL,Huddersfield,Martin Cranie,eng ENG,DF,30.0,2.0,0.0,0.0,0.0,,0.0,0.0,,,,0.0,0.0,,0.0,0.0,0.0,,0.0,0.0,Matches,,,,,,,,,,,,,,,,,,,,,,,,,,
2017-2018,EPL,Huddersfield,Kasey Palmer,jm JAM,"MF,FW",20.0,1.9,0.0,2.0,1.0,50.0,1.06,0.53,0.0,0.0,22.1,0.0,0.0,,0.0,0.1,0.1,0.04,-0.1,-0.1,Matches,,,,,,,,,,,,,,,,,,,,,,,,,,
2017-2018,EPL,Huddersfield,Dean Whitehead,eng ENG,MF,35.0,0.8,0.0,0.0,0.0,,0.0,0.0,,,,0.0,0.0,,0.0,0.0,0.0,,0.0,0.0,Matches,,,,,,,,,,,,,,,,,,,,,,,,,,
2017-2018,EPL,Huddersfield,Michael Hefele,de GER,DF,26.0,0.4,0.0,0.0,0.0,,0.0,0.0,,,,0.0,0.0,,0.0,0.0,0.0,,0.0,0.0,Matches,,,,,,,,,,,,,,,,,,,,,,,,,,
2017-2018,EPL,Huddersfield,Squad Total,,,26.4,38.0,25.0,360.0,106.0,29.4,9.47,2.79,0.06,0.22,18.8,2.0,2.0,,14.0,31.3,29.8,0.08,-6.3,-6.8,,,,,,,,,,,,,,,,,,,,,,,,,,,
2017-2018,EPL,Huddersfield,Opponent Total,,,27.0,38.0,57.0,433.0,152.0,35.1,11.39,4.0,0.12,0.35,17.4,4.0,6.0,,19.0,48.5,43.8,0.11,8.5,9.2,,,,,,,,,,,,,,,,,,,,,,,,,,,
2017-2018,EPL,Southampton,Ryan Bertrand,eng ENG,DF,27.0,34.8,0.0,20.0,2.0,10.0,0.57,0.06,0.0,0.0,19.5,0.0,0.0,,3.0,1.7,1.7,0.08,-1.7,-1.7,Matches,,,,,,,,,,,,,,,,,,,,,,,,,,
2017-2018,EPL,Southampton,Oriol Romeu,es ESP,MF,25.0,32.2,1.0,27.0,3.0,11.1,0.84,0.09,0.04,0.33,18.8,0.0,0.0,,0.0,2.6,2.6,0.1,-1.6,-1.6,Matches,,,,,,,,,,,,,,,,,,,,,,,,,,
2017-2018,EPL,Southampton,Dušan Tadić,rs SRB,"MF,FW",28.0,31.0,6.0,39.0,12.0,30.8,1.26,0.39,0.13,0.42,17.2,1.0,1.0,,1.0,5.8,5.0,0.13,0.2,0.0,Matches,,,,,,,,,,,,,,,,,,,,,,,,,,
2017-2018,EPL,Southampton,Cédric Soares,pt POR,DF,25.0,31.0,0.0,23.0,4.0,17.4,0.74,0.13,0.0,0.0,24.9,0.0,0.0,,0.0,0.7,0.7,0.03,-0.7,-0.7,Matches,,,,,,,,,,,,,,,,,,,,,,,,,,
2017-2018,EPL,Southampton,Wesley Hoedt,nl NED,DF,23.0,28.0,0.0,15.0,2.0,13.3,0.54,0.07,0.0,0.0,14.4,0.0,0.0,,0.0,1.3,1.3,0.09,-1.3,-1.3,Matches,,,,,,,,,,,,,,,,,,,,,,,,,,
2017-2018,EPL,Southampton,Maya Yoshida,jp JPN,DF,28.0,22.8,2.0,19.0,4.0,21.1,0.83,0.18,0.11,0.5,10.8,0.0,0.0,,1.0,2.0,2.0,0.11,0.0,0.0,Matches,,,,,,,,,,,,,,,,,,,,,,,,,,
2017-2018,EPL,Southampton,Jack Stephens,eng ENG,DF,23.0,22.0,2.0,11.0,4.0,36.4,0.5,0.18,0.18,0.5,11.5,0.0,0.0,,0.0,1.3,1.3,0.12,0.7,0.7,Matches,,,,,,,,,,,,,,,,,,,,,,,,,,
2017-2018,EPL,Southampton,Nathan Redmond,eng ENG,"FW,MF",23.0,21.6,1.0,44.0,15.0,34.1,2.04,0.69,0.02,0.07,21.3,0.0,0.0,,0.0,2.2,2.2,0.05,-1.2,-1.2,Matches,,,,,,,,,,,,,,,,,,,,,,,,,,
2017-2018,EPL,Southampton,Fraser Forster,eng ENG,GK,29.0,20.0,0.0,0.0,0.0,,0.0,0.0,,,,0.0,0.0,,0.0,0.0,0.0,,0.0,0.0,Matches,,,,,,,,,,,,,,,,,,,,,,,,,,
2017-2018,EPL,Southampton,Mario Lemina,ga GAB,MF,23.0,19.1,1.0,23.0,5.0,21.7,1.2,0.26,0.04,0.2,25.1,0.0,0.0,,0.0,0.8,0.8,0.04,0.2,0.2,Matches,,,,,,,,,,,,,,,,,,,,,,,,,,
2017-2018,EPL,Southampton,James Ward-Prowse,eng ENG,"FW,MF",22.0,19.1,3.0,28.0,13.0,46.4,1.47,0.68,0.11,0.23,22.2,0.0,0.0,,6.0,2.2,2.2,0.08,0.8,0.8,Matches,,,,,,,,,,,,,,,,,,,,,,,,,,
2017-2018,EPL,Southampton,Pierre Højbjerg,dk DEN,MF,21.0,18.6,0.0,16.0,6.0,37.5,0.86,0.32,0.0,0.0,23.6,0.0,0.0,,0.0,1.0,1.0,0.06,-1.0,-1.0,Matches,,,,,,,,,,,,,,,,,,,,,,,,,,
2017-2018,EPL,Southampton,Alex McCarthy,eng ENG,GK,27.0,18.0,0.0,0.0,0.0,,0.0,0.0,,,,0.0,0.0,,0.0,0.0,0.0,,0.0,0.0,Matches,,,,,,,,,,,,,,,,,,,,,,,,,,
2017-2018,EPL,Southampton,Steven Davis,nir NIR,MF,32.0,16.9,3.0,13.0,4.0,30.8,0.77,0.24,0.23,0.75,19.8,0.0,0.0,,0.0,0.9,0.9,0.07,2.1,2.1,Matches,,,,,,,,,,,,,,,,,,,,,,,,,,
2017-2018,EPL,Southampton,Shane Long,ie IRL,FW,30.0,17.6,2.0,33.0,13.0,39.4,1.88,0.74,0.06,0.15,12.5,0.0,0.0,,0.0,3.7,3.7,0.11,-1.7,-1.7,Matches,,,,,,,,,,,,,,,,,,,,,,,,,,
2017-2018,EPL,Southampton,Sofiane Boufal,ma MAR,"FW,MF",23.0,13.5,2.0,30.0,6.0,20.0,2.21,0.44,0.07,0.33,18.3,0.0,0.0,,0.0,1.7,1.7,0.06,0.3,0.3,Matches,,,,,,,,,,,,,,,,,,,,,,,,,,
2017-2018,EPL,Southampton,Manolo Gabbiadini,it ITA,FW,25.0,12.0,5.0,21.0,9.0,42.9,1.75,0.75,0.19,0.44,17.5,1.0,1.0,,0.0,2.5,1.7,0.08,2.5,2.3,Matches,,,,,,,,,,,,,,,,,,,,,,,,,,
2017-2018,EPL,Southampton,Virgil van Dijk,nl NED,DF,26.0,11.0,0.0,11.0,0.0,0.0,1.0,0.0,0.0,,12.9,0.0,0.0,,0.0,0.9,0.9,0.08,-0.9,-0.9,Matches,,,,,,,,,,,,,,,,,,,,,,,,,,
2017-2018,EPL,Southampton,Charlie Austin,eng ENG,FW,28.0,11.5,7.0,47.0,24.0,51.1,4.08,2.08,0.13,0.25,15.0,1.0,1.0,,0.0,7.1,6.3,0.13,-0.1,-0.3,Matches,,,,,,,,,,,,,,,,,,,,,,,,,,
2017-2018,EPL,Southampton,Guido Carrillo,ar ARG,FW,26.0,5.0,0.0,11.0,4.0,36.4,2.2,0.8,0.0,0.0,13.3,0.0,0.0,,0.0,0.7,0.7,0.06,-0.7,-0.7,Matches,,,,,,,,,,,,,,,,,,,,,,,,,,
2017-2018,EPL,Southampton,Jan Bednarek,pl POL,DF,21.0,4.7,1.0,1.0,1.0,100.0,0.21,0.21,1.0,1.0,7.4,0.0,0.0,,0.0,0.2,0.2,0.15,0.8,0.8,Matches,,,,,,,,,,,,,,,,,,,,,,,,,,
2017-2018,EPL,Southampton,Jérémy Pied,fr FRA,DF,28.0,2.0,0.0,2.0,0.0,0.0,1.0,0.0,0.0,,32.2,0.0,0.0,,0.0,0.0,0.0,0.02,0.0,0.0,Matches,,,,,,,,,,,,,,,,,,,,,,,,,,
2017-2018,EPL,Southampton,Matt Targett,eng ENG,DF,21.0,1.8,0.0,0.0,0.0,,0.0,0.0,,,,0.0,0.0,,0.0,0.0,0.0,,0.0,0.0,Matches,,,,,,,,,,,,,,,,,,,,,,,,,,
2017-2018,EPL,Southampton,Josh Sims,eng ENG,"FW,MF",20.0,1.8,0.0,11.0,5.0,45.5,6.07,2.76,0.0,0.0,17.6,0.0,0.0,,0.0,0.6,0.6,0.06,-0.6,-0.6,Matches,,,,,,,,,,,,,,,,,,,,,,,,,,
2017-2018,EPL,Southampton,Sam McQueen,eng ENG,"DF,MF",22.0,1.6,0.0,1.0,0.0,0.0,0.61,0.0,0.0,,18.5,0.0,0.0,,0.0,0.0,0.0,0.04,0.0,0.0,Matches,,,,,,,,,,,,,,,,,,,,,,,,,,
2017-2018,EPL,Southampton,Michael Obafemi,ie IRL,FW,17.0,0.1,0.0,1.0,0.0,0.0,10.0,0.0,0.0,,10.0,0.0,0.0,,0.0,0.4,0.4,0.37,-0.4,-0.4,Matches,,,,,,,,,,,,,,,,,,,,,,,,,,
2017-2018,EPL,Southampton,Squad Total,,,26.2,38.0,36.0,447.0,136.0,30.4,11.76,3.58,0.07,0.24,18.1,3.0,3.0,,11.0,39.9,37.6,0.09,-3.9,-4.6,,,,,,,,,,,,,,,,,,,,,,,,,,,
2017-2018,EPL,Southampton,Opponent Total,,,26.9,38.0,56.0,490.0,163.0,33.3,12.89,4.29,0.11,0.34,18.7,1.0,2.0,,19.0,45.2,43.6,0.09,10.8,11.4,,,,,,,,,,,,,,,,,,,,,,,,,,,
2017-2018,EPL,Swansea City,Łukasz Fabiański,pl POL,GK,32.0,38.0,0.0,0.0,0.0,,0.0,0.0,,,,0.0,0.0,,0.0,0.0,0.0,,0.0,0.0,Matches,,,,,,,,,,,,,,,,,,,,,,,,,,
2017-2018,EPL,Swansea City,Alfie Mawson,eng ENG,DF,23.0,38.0,2.0,20.0,5.0,25.0,0.53,0.13,0.1,0.4,12.5,0.0,0.0,,0.0,1.9,1.9,0.09,0.1,0.1,Matches,,,,,,,,,,,,,,,,,,,,,,,,,,
2017-2018,EPL,Swansea City,Martin Olsson,se SWE,DF,29.0,35.0,0.0,18.0,1.0,5.6,0.51,0.03,0.0,0.0,22.3,0.0,0.0,,1.0,0.9,0.9,0.05,-0.9,-0.9,Matches,,,,,,,,,,,,,,,,,,,,,,,,,,
2017-2018,EPL,Swansea City,Kyle Naughton,eng ENG,DF,28.0,33.7,0.0,12.0,1.0,8.3,0.36,0.03,0.0,0.0,23.5,0.0,0.0,,0.0,0.4,0.4,0.03,-0.4,-0.4,Matches,,,,,,,,,,,,,,,,,,,,,,,,,,
2017-2018,EPL,Swansea City,Jordan Ayew,gh GHA,"FW,MF",25.0,31.7,7.0,65.0,20.0,30.8,2.05,0.63,0.09,0.3,18.9,1.0,1.0,,4.0,7.3,6.5,0.1,-0.3,-0.5,Matches,,,,,,,,,,,,,,,,,,,,,,,,,,
2017-2018,EPL,Swansea City,Federico Fernández,ar ARG,DF,28.0,29.7,1.0,8.0,2.0,25.0,0.27,0.07,0.13,0.5,10.5,0.0,0.0,,0.0,0.7,0.7,0.08,0.3,0.3,Matches,,,,,,,,,,,,,,,,,,,,,,,,,,
2017-2018,EPL,Swansea City,Tom Carroll,eng ENG,MF,25.0,28.6,0.0,20.0,3.0,15.0,0.7,0.11,0.0,0.0,23.8,0.0,0.0,,5.0,0.9,0.9,0.05,-0.9,-0.9,Matches,,,,,,,,,,,,,,,,,,,,,,,,,,
2017-2018,EPL,Swansea City,Mike van der Hoorn,nl NED,DF,24.0,21.6,1.0,10.0,4.0,40.0,0.46,0.19,0.1,0.25,14.3,0.0,0.0,,0.0,1.0,1.0,0.1,0.0,0.0,Matches,,,,,,,,,,,,,,,,,,,,,,,,,,
2017-2018,EPL,Swansea City,Sam Clucas,eng ENG,MF,26.0,22.7,3.0,20.0,7.0,35.0,0.88,0.31,0.15,0.43,17.5,0.0,0.0,,0.0,2.6,2.6,0.14,0.4,0.4,Matches,,,,,,,,,,,,,,,,,,,,,,,,,,
2017-2018,EPL,Swansea City,Ki Sung-yueng,kr KOR,MF,28.0,20.8,2.0,20.0,6.0,30.0,0.96,0.29,0.1,0.33,24.8,0.0,0.0,,1.0,0.9,0.9,0.05,1.1,1.1,Matches,,,,,,,,,,,,,,,,,,,,,,,,,,
2017-2018,EPL,Swansea City,Nathan Dyer,eng ENG,"MF,FW",29.0,14.5,0.0,10.0,2.0,20.0,0.69,0.14,0.0,0.0,21.4,0.0,0.0,,0.0,0.9,0.9,0.09,-0.9,-0.9,Matches,,,,,,,,,,,,,,,,,,,,,,,,,,
2017-2018,EPL,Swansea City,Tammy Abraham,eng ENG,FW,19.0,19.2,5.0,42.0,13.0,31.0,2.19,0.68,0.12,0.38,13.1,0.0,0.0,,0.0,6.8,6.8,0.16,-1.8,-1.8,Matches,,,,,,,,,,,,,,,,,,,,,,,,,,
2017-2018,EPL,Swansea City,Leroy Fer,nl NED,MF,27.0,15.5,1.0,12.0,3.0,25.0,0.77,0.19,0.08,0.33,14.6,0.0,0.0,,0.0,1.6,1.6,0.14,-0.6,-0.6,Matches,,,,,,,,,,,,,,,,,,,,,,,,,,
2017-2018,EPL,Swansea City,André Ayew,gh GHA,"MF,FW",27.0,10.6,0.0,13.0,7.0,53.8,1.23,0.66,0.0,0.0,13.0,0.0,0.0,,0.0,1.9,1.9,0.14,-1.9,-1.9,Matches,,,,,,,,,,,,,,,,,,,,,,,,,,
2017-2018,EPL,Swansea City,Roque Mesa,es ESP,MF,28.0,8.4,0.0,7.0,1.0,14.3,0.84,0.12,0.0,0.0,27.7,0.0,0.0,,0.0,0.2,0.2,0.02,-0.2,-0.2,Matches,,,,,,,,,,,,,,,,,,,,,,,,,,
2017-2018,EPL,Swansea City,Andy King,wls WAL,MF,28.0,7.9,2.0,8.0,4.0,50.0,1.01,0.5,0.25,0.5,19.8,0.0,0.0,,0.0,1.0,1.0,0.12,1.0,1.0,Matches,,,,,,,,,,,,,,,,,,,,,,,,,,
2017-2018,EPL,Swansea City,Renato Sanches,pt POR,MF,19.0,7.8,0.0,12.0,0.0,0.0,1.54,0.0,0.0,,28.5,0.0,0.0,,4.0,0.5,0.5,0.04,-0.5,-0.5,Matches,,,,,,,,,,,,,,,,,,,,,,,,,,
2017-2018,EPL,Swansea City,Wilfried Bony,ci CIV,FW,28.0,7.9,2.0,20.0,6.0,30.0,2.55,0.76,0.1,0.33,18.0,0.0,0.0,,0.0,1.6,1.6,0.08,0.4,0.4,Matches,,,,,,,,,,,,,,,,,,,,,,,,,,
2017-2018,EPL,Swansea City,Luciano Narsingh,nl NED,"FW,MF",26.0,6.9,1.0,9.0,5.0,55.6,1.3,0.72,0.11,0.2,15.9,0.0,0.0,,0.0,0.8,0.8,0.09,0.2,0.2,Matches,,,,,,,,,,,,,,,,,,,,,,,,,,
2017-2018,EPL,Swansea City,Wayne Routledge,eng ENG,"MF,FW",32.0,4.8,0.0,5.0,2.0,40.0,1.05,0.42,0.0,0.0,14.6,0.0,0.0,,0.0,0.4,0.4,0.08,-0.4,-0.4,Matches,,,,,,,,,,,,,,,,,,,,,,,,,,
2017-2018,EPL,Swansea City,Leon Britton,eng ENG,MF,34.0,3.4,0.0,0.0,0.0,,0.0,0.0,,,,0.0,0.0,,0.0,0.0,0.0,,0.0,0.0,Matches,,,,,,,,,,,,,,,,,,,,,,,,,,
2017-2018,EPL,Swansea City,Connor Roberts,wls WAL,DF,21.0,3.0,0.0,0.0,0.0,,0.0,0.0,,,,0.0,0.0,,0.0,0.0,0.0,,0.0,0.0,Matches,,,,,,,,,,,,,,,,,,,,,,,,,,
2017-2018,EPL,Swansea City,Oliver McBurnie,sct SCO,"FW,MF",21.0,3.1,0.0,5.0,3.0,60.0,1.63,0.98,0.0,0.0,10.7,0.0,0.0,,0.0,0.4,0.4,0.08,-0.4,-0.4,Matches,,,,,,,,,,,,,,,,,,,,,,,,,,
2017-2018,EPL,Swansea City,Kyle Bartley,eng ENG,DF,26.0,2.6,0.0,2.0,0.0,0.0,0.77,0.0,0.0,,9.5,0.0,0.0,,0.0,0.1,0.1,0.07,-0.1,-0.1,Matches,,,,,,,,,,,,,,,,,,,,,,,,,,
2017-2018,EPL,Swansea City,Àngel Rangel,es ESP,DF,34.0,1.7,0.0,0.0,0.0,,0.0,0.0,,,,0.0,0.0,,0.0,0.0,0.0,,0.0,0.0,Matches,,,,,,,,,,,,,,,,,,,,,,,,,,
2017-2018,EPL,Swansea City,Jay Fulton,sct SCO,MF,23.0,0.2,0.0,0.0,0.0,,0.0,0.0,,,,0.0,0.0,,0.0,0.0,0.0,,0.0,0.0,Matches,,,,,,,,,,,,,,,,,,,,,,,,,,
2017-2018,EPL,Swansea City,Squad Total,,,27.2,38.0,27.0,338.0,95.0,28.1,8.89,2.5,0.08,0.27,18.2,1.0,1.0,,15.0,31.6,30.8,0.1,-4.6,-4.8,,,,,,,,,,,,,,,,,,,,,,,,,,,
2017-2018,EPL,Swansea City,Opponent Total,,,27.1,38.0,54.0,533.0,184.0,34.5,14.03,4.84,0.1,0.28,17.7,3.0,6.0,,16.0,58.6,53.8,0.1,-4.6,-2.8,,,,,,,,,,,,,,,,,,,,,,,,,,,
2017-2018,EPL,Stoke City,Joe Allen,wls WAL,MF,27.0,34.9,2.0,24.0,4.0,16.7,0.69,0.11,0.08,0.5,18.4,0.0,0.0,,0.0,1.8,1.8,0.08,0.2,0.2,Matches,,,,,,,,,,,,,,,,,,,,,,,,,,
2017-2018,EPL,Stoke City,Xherdan Shaqiri,ch SUI,"MF,FW",25.0,33.8,8.0,68.0,30.0,44.1,2.01,0.89,0.12,0.27,22.3,0.0,1.0,,8.0,5.0,4.2,0.06,3.0,3.8,Matches,,,,,,,,,,,,,,,,,,,,,,,,,,
2017-2018,EPL,Stoke City,Jack Butland,eng ENG,GK,24.0,35.0,0.0,0.0,0.0,,0.0,0.0,,,,0.0,0.0,,0.0,0.0,0.0,,0.0,0.0,Matches,,,,,,,,,,,,,,,,,,,,,,,,,,
2017-2018,EPL,Stoke City,Kurt Zouma,fr FRA,DF,22.0,32.1,1.0,20.0,7.0,35.0,0.62,0.22,0.05,0.14,21.0,0.0,0.0,,0.0,1.3,1.2,0.06,-0.3,-0.2,Matches,,,,,,,,,,,,,,,,,,,,,,,,,,
2017-2018,EPL,Stoke City,Erik Pieters,nl NED,DF,28.0,30.2,0.0,3.0,1.0,33.3,0.1,0.03,0.0,0.0,20.2,0.0,0.0,,0.0,0.1,0.1,0.03,-0.1,-0.1,Matches,,,,,,,,,,,,,,,,,,,,,,,,,,
2017-2018,EPL,Stoke City,Mame Biram Diouf,sn SEN,"FW,DF",29.0,28.8,6.0,59.0,19.0,32.2,2.05,0.66,0.1,0.32,13.5,0.0,0.0,,0.0,6.5,6.5,0.11,-0.5,-0.5,Matches,,,,,,,,,,,,,,,,,,,,,,,,,,
2017-2018,EPL,Stoke City,Ryan Shawcross,eng ENG,DF,29.0,26.3,1.0,24.0,8.0,33.3,0.91,0.3,0.04,0.13,10.0,0.0,0.0,,0.0,2.5,2.5,0.1,-1.5,-1.5,Matches,,,,,,,,,,,,,,,,,,,,,,,,,,
2017-2018,EPL,Stoke City,Eric Maxim Choupo-Moting,cm CMR,"FW,MF",28.0,25.7,5.0,60.0,18.0,30.0,2.33,0.7,0.08,0.28,16.3,0.0,0.0,,0.0,5.9,5.9,0.1,-0.9,-0.9,Matches,,,,,,,,,,,,,,,,,,,,,,,,,,
2017-2018,EPL,Stoke City,Darren Fletcher,sct SCO,MF,33.0,24.7,1.0,11.0,2.0,18.2,0.45,0.08,0.09,0.5,25.8,0.0,0.0,,0.0,0.4,0.4,0.03,0.6,0.6,Matches,,,,,,,,,,,,,,,,,,,,,,,,,,
2017-2018,EPL,Stoke City,Geoff Cameron,us USA,"DF,MF",32.0,16.9,0.0,5.0,0.0,0.0,0.3,0.0,0.0,,14.1,0.0,0.0,,0.0,0.3,0.3,0.06,-0.3,-0.3,Matches,,,,,,,,,,,,,,,,,,,,,,,,,,
2017-2018,EPL,Stoke City,Moritz Bauer,at AUT,"DF,MF",25.0,14.5,0.0,3.0,1.0,33.3,0.21,0.07,0.0,0.0,17.1,0.0,0.0,,0.0,0.2,0.2,0.06,-0.2,-0.2,Matches,,,,,,,,,,,,,,,,,,,,,,,,,,
2017-2018,EPL,Stoke City,Peter Crouch,eng ENG,FW,36.0,17.4,5.0,23.0,9.0,39.1,1.32,0.52,0.22,0.56,13.3,0.0,0.0,,0.0,4.2,4.2,0.18,0.8,0.8,Matches,,,,,,,,,,,,,,,,,,,,,,,,,,
2017-2018,EPL,Stoke City,Kevin Wimmer,at AUT,DF,24.0,14.7,0.0,1.0,0.0,0.0,0.07,0.0,0.0,,16.2,0.0,0.0,,0.0,0.1,0.1,0.07,-0.1,-0.1,Matches,,,,,,,,,,,,,,,,,,,,,,,,,,
2017-2018,EPL,Stoke City,Bruno Martins Indi,nl NED,DF,25.0,13.8,0.0,4.0,0.0,0.0,0.29,0.0,0.0,,11.2,0.0,0.0,,0.0,1.0,1.0,0.25,-1.0,-1.0,Matches,,,,,,,,,,,,,,,,,,,,,,,,,,
2017-2018,EPL,Stoke City,Badou Ndiaye,sn SEN,MF,26.0,12.6,2.0,19.0,6.0,31.6,1.5,0.47,0.11,0.33,23.7,0.0,0.0,,0.0,1.6,1.6,0.08,0.4,0.4,Matches,,,,,,,,,,,,,,,,,,,,,,,,,,
2017-2018,EPL,Stoke City,Ramadan Sobhi,eg EGY,"MF,FW",20.0,13.8,2.0,13.0,6.0,46.2,0.95,0.44,0.15,0.33,18.2,0.0,0.0,,0.0,1.2,1.2,0.1,0.8,0.8,Matches,,,,,,,,,,,,,,,,,,,,,,,,,,
2017-2018,EPL,Stoke City,Jesé,es ESP,"FW,MF",24.0,6.8,1.0,12.0,4.0,33.3,1.76,0.59,0.08,0.25,18.8,0.0,0.0,,0.0,0.9,0.9,0.08,0.1,0.1,Matches,,,,,,,,,,,,,,,,,,,,,,,,,,
2017-2018,EPL,Stoke City,Glen Johnson,eng ENG,DF,32.0,6.1,0.0,2.0,1.0,50.0,0.33,0.16,0.0,0.0,21.0,0.0,0.0,,0.0,0.1,0.1,0.04,-0.1,-0.1,Matches,,,,,,,,,,,,,,,,,,,,,,,,,,
2017-2018,EPL,Stoke City,Tom Edwards,eng ENG,"DF,MF",18.0,5.3,0.0,1.0,0.0,0.0,0.19,0.0,0.0,,34.1,0.0,0.0,,0.0,0.0,0.0,0.01,0.0,0.0,Matches,,,,,,,,,,,,,,,,,,,,,,,,,,
2017-2018,EPL,Stoke City,Charlie Adam,sct SCO,MF,31.0,4.6,0.0,9.0,2.0,22.2,1.97,0.44,0.0,0.0,31.5,0.0,1.0,,3.0,1.6,0.9,0.09,-1.6,-0.9,Matches,,,,,,,,,,,,,,,,,,,,,,,,,,
2017-2018,EPL,Stoke City,Kostas Stafylidis,gr GRE,"DF,MF",23.0,3.7,0.0,4.0,0.0,0.0,1.07,0.0,0.0,,27.1,0.0,0.0,,0.0,0.1,0.1,0.03,-0.1,-0.1,Matches,,,,,,,,,,,,,,,,,,,,,,,,,,
2017-2018,EPL,Stoke City,Saido Berahino,bi BDI,FW,23.0,5.5,0.0,9.0,3.0,33.3,1.64,0.55,0.0,0.0,18.9,0.0,1.0,,0.0,2.0,1.2,0.14,-2.0,-1.2,Matches,,,,,,,,,,,,,,,,,,,,,,,,,,
2017-2018,EPL,Stoke City,Lee Grant,eng ENG,GK,34.0,3.0,0.0,0.0,0.0,,0.0,0.0,,,,0.0,0.0,,0.0,0.0,0.0,,0.0,0.0,Matches,,,,,,,,,,,,,,,,,,,,,,,,,,
2017-2018,EPL,Stoke City,Josh Tymon,eng ENG,DF,18.0,1.8,0.0,0.0,0.0,,0.0,0.0,,,,0.0,0.0,,0.0,0.0,0.0,,0.0,0.0,Matches,,,,,,,,,,,,,,,,,,,,,,,,,,
2017-2018,EPL,Stoke City,Ibrahim Afellay,nl NED,MF,31.0,1.8,0.0,0.0,0.0,,0.0,0.0,,,,0.0,0.0,,0.0,0.0,0.0,,0.0,0.0,Matches,,,,,,,,,,,,,,,,,,,,,,,,,,
2017-2018,EPL,Stoke City,Stephen Ireland,ie IRL,"MF,FW",30.0,1.5,0.0,3.0,0.0,0.0,2.06,0.0,0.0,,18.5,0.0,0.0,,0.0,0.4,0.4,0.12,-0.4,-0.4,Matches,,,,,,,,,,,,,,,,,,,,,,,,,,
2017-2018,EPL,Stoke City,Lasse Sørensen,dk DEN,MF,17.0,0.8,0.0,0.0,0.0,,0.0,0.0,,,,0.0,0.0,,0.0,0.0,0.0,,0.0,0.0,Matches,,,,,,,,,,,,,,,,,,,,,,,,,,
2017-2018,EPL,Stoke City,Bojan Krkić,es ESP,MF,26.0,0.8,0.0,1.0,0.0,0.0,1.27,0.0,0.0,,20.5,0.0,0.0,,0.0,0.0,0.0,0.03,0.0,0.0,Matches,,,,,,,,,,,,,,,,,,,,,,,,,,
2017-2018,EPL,Stoke City,Tyrese Campbell,eng ENG,FW,17.0,0.9,0.0,2.0,1.0,50.0,2.28,1.14,0.0,0.0,12.1,0.0,0.0,,0.0,0.2,0.2,0.1,-0.2,-0.2,Matches,,,,,,,,,,,,,,,,,,,,,,,,,,
2017-2018,EPL,Stoke City,Julien Ngoy,be BEL,MF,19.0,0.2,0.0,0.0,0.0,,0.0,0.0,,,,0.0,0.0,,0.0,0.0,0.0,,0.0,0.0,Matches,,,,,,,,,,,,,,,,,,,,,,,,,,
2017-2018,EPL,Stoke City,Squad Total,,,27.5,38.0,34.0,380.0,122.0,32.1,10.0,3.21,0.09,0.28,18.1,0.0,3.0,,11.0,36.5,34.1,0.09,-2.5,-0.1,,,,,,,,,,,,,,,,,,,,,,,,,,,
2017-2018,EPL,Stoke City,Opponent Total,,,26.9,38.0,66.0,574.0,211.0,36.8,15.11,5.55,0.11,0.29,17.7,5.0,5.0,,26.0,62.5,58.6,0.11,3.5,2.4,,,,,,,,,,,,,,,,,,,,,,,,,,,
2017-2018,EPL,West Brom,Ahmed Hegazi,eg EGY,DF,26.0,37.6,2.0,14.0,4.0,28.6,0.37,0.11,0.14,0.5,10.8,0.0,0.0,,0.0,1.7,1.7,0.12,0.3,0.3,Matches,,,,,,,,,,,,,,,,,,,,,,,,,,
2017-2018,EPL,West Brom,Ben Foster,eng ENG,GK,34.0,37.0,0.0,0.0,0.0,,0.0,0.0,,,,0.0,0.0,,0.0,0.0,0.0,,0.0,0.0,Matches,,,,,,,,,,,,,,,,,,,,,,,,,,
2017-2018,EPL,West Brom,Kieran Gibbs,eng ENG,DF,27.0,31.4,0.0,9.0,1.0,11.1,0.29,0.03,0.0,0.0,18.6,0.0,0.0,,0.0,0.4,0.4,0.04,-0.4,-0.4,Matches,,,,,,,,,,,,,,,,,,,,,,,,,,
2017-2018,EPL,West Brom,Salomón Rondón,ve VEN,FW,27.0,30.7,7.0,79.0,29.0,36.7,2.57,0.94,0.09,0.24,16.6,0.0,0.0,,1.0,7.0,7.0,0.09,0.0,0.0,Matches,,,,,,,,,,,,,,,,,,,,,,,,,,
2017-2018,EPL,West Brom,Jay Rodriguez,eng ENG,"FW,MF",28.0,31.2,7.0,68.0,23.0,33.8,2.18,0.74,0.09,0.26,17.6,1.0,1.0,,0.0,8.4,7.6,0.11,-1.4,-1.6,Matches,,,,,,,,,,,,,,,,,,,,,,,,,,
2017-2018,EPL,West Brom,Jake Livermore,eng ENG,MF,27.0,29.7,2.0,15.0,4.0,26.7,0.5,0.13,0.13,0.5,18.2,0.0,0.0,,0.0,2.3,2.3,0.16,-0.3,-0.3,Matches,,,,,,,,,,,,,,,,,,,,,,,,,,
2017-2018,EPL,West Brom,Craig Dawson,eng ENG,DF,27.0,27.9,2.0,16.0,4.0,25.0,0.57,0.14,0.13,0.5,10.1,0.0,0.0,,0.0,2.3,2.3,0.15,-0.3,-0.3,Matches,,,,,,,,,,,,,,,,,,,,,,,,,,
2017-2018,EPL,West Brom,Jonny Evans,nir NIR,DF,29.0,25.2,2.0,10.0,5.0,50.0,0.4,0.2,0.2,0.4,7.8,0.0,0.0,,0.0,2.1,2.1,0.22,-0.1,-0.1,Matches,,,,,,,,,,,,,,,,,,,,,,,,,,
2017-2018,EPL,West Brom,Allan Nyom,cm CMR,DF,29.0,25.7,0.0,3.0,0.0,0.0,0.12,0.0,0.0,,35.3,0.0,0.0,,0.0,0.1,0.1,0.02,-0.1,-0.1,Matches,,,,,,,,,,,,,,,,,,,,,,,,,,
2017-2018,EPL,West Brom,Matt Phillips,sct SCO,"MF,DF",26.0,23.3,2.0,28.0,7.0,25.0,1.2,0.3,0.07,0.29,20.3,0.0,0.0,,1.0,2.4,2.4,0.09,-0.4,-0.4,Matches,,,,,,,,,,,,,,,,,,,,,,,,,,
2017-2018,EPL,West Brom,Gareth Barry,eng ENG,MF,36.0,21.4,1.0,16.0,6.0,37.5,0.75,0.28,0.06,0.17,18.2,0.0,0.0,,1.0,1.6,1.6,0.1,-0.6,-0.6,Matches,,,,,,,,,,,,,,,,,,,,,,,,,,
2017-2018,EPL,West Brom,Chris Brunt,nir NIR,"MF,DF",32.0,21.3,0.0,25.0,5.0,20.0,1.17,0.23,0.0,0.0,26.4,0.0,0.0,,8.0,1.8,1.8,0.07,-1.8,-1.8,Matches,,,,,,,,,,,,,,,,,,,,,,,,,,
2017-2018,EPL,West Brom,Grzegorz Krychowiak,pl POL,MF,27.0,18.2,0.0,17.0,3.0,17.6,0.93,0.16,0.0,0.0,23.3,0.0,0.0,,1.0,0.8,0.8,0.05,-0.8,-0.8,Matches,,,,,,,,,,,,,,,,,,,,,,,,,,
2017-2018,EPL,West Brom,James McClean,ie IRL,"MF,FW",28.0,15.6,1.0,30.0,6.0,20.0,1.92,0.38,0.03,0.17,20.3,0.0,0.0,,1.0,1.8,1.8,0.06,-0.8,-0.8,Matches,,,,,,,,,,,,,,,,,,,,,,,,,,
2017-2018,EPL,West Brom,Claudio Yacob,ar ARG,MF,30.0,10.0,0.0,8.0,1.0,12.5,0.8,0.1,0.0,0.0,16.7,0.0,0.0,,0.0,0.5,0.5,0.06,-0.5,-0.5,Matches,,,,,,,,,,,,,,,,,,,,,,,,,,
2017-2018,EPL,West Brom,Hal Robson-Kanu,wls WAL,"FW,MF",28.0,9.2,2.0,19.0,8.0,42.1,2.07,0.87,0.11,0.25,13.5,0.0,0.0,,0.0,2.4,2.4,0.13,-0.4,-0.4,Matches,,,,,,,,,,,,,,,,,,,,,,,,,,
2017-2018,EPL,West Brom,Sam Field,eng ENG,MF,19.0,6.0,1.0,5.0,1.0,20.0,0.84,0.17,0.2,1.0,11.4,0.0,0.0,,0.0,0.5,0.5,0.11,0.5,0.5,Matches,,,,,,,,,,,,,,,,,,,,,,,,,,
2017-2018,EPL,West Brom,Gareth McAuley,nir NIR,DF,37.0,5.1,0.0,0.0,0.0,,0.0,0.0,,,,0.0,0.0,,0.0,0.0,0.0,,0.0,0.0,Matches,,,,,,,,,,,,,,,,,,,,,,,,,,
2017-2018,EPL,West Brom,Oliver Burke,sct SCO,"FW,MF",20.0,4.1,0.0,4.0,0.0,0.0,0.98,0.0,0.0,,15.2,0.0,0.0,,0.0,0.5,0.5,0.12,-0.5,-0.5,Matches,,,,,,,,,,,,,,,,,,,,,,,,,,
2017-2018,EPL,West Brom,Nacer Chadli,be BEL,"FW,MF",27.0,2.9,1.0,4.0,2.0,50.0,1.38,0.69,0.25,0.5,27.1,0.0,0.0,,2.0,0.2,0.2,0.05,0.8,0.8,Matches,,,,,,,,,,,,,,,,,,,,,,,,,,
2017-2018,EPL,West Brom,James Morrison,sct SCO,MF,31.0,2.3,1.0,4.0,2.0,50.0,1.74,0.87,0.25,0.5,9.1,0.0,0.0,,0.0,1.0,1.0,0.26,0.0,0.0,Matches,,,,,,,,,,,,,,,,,,,,,,,,,,
2017-2018,EPL,West Brom,Daniel Sturridge,eng ENG,FW,27.0,1.3,0.0,3.0,0.0,0.0,2.29,0.0,0.0,,19.0,0.0,0.0,,0.0,0.1,0.1,0.05,-0.1,-0.1,Matches,,,,,,,,,,,,,,,,,,,,,,,,,,
2017-2018,EPL,West Brom,Boaz Myhill,wls WAL,GK,34.0,1.0,0.0,0.0,0.0,,0.0,0.0,,,,0.0,0.0,,0.0,0.0,0.0,,0.0,0.0,Matches,,,,,,,,,,,,,,,,,,,,,,,,,,
2017-2018,EPL,West Brom,Rekeem Harper,eng ENG,MF,17.0,0.2,0.0,0.0,0.0,,0.0,0.0,,,,0.0,0.0,,0.0,0.0,0.0,,0.0,0.0,Matches,,,,,,,,,,,,,,,,,,,,,,,,,,
2017-2018,EPL,West Brom,Squad Total,,,29.1,38.0,31.0,377.0,111.0,29.4,9.92,2.92,0.08,0.27,17.7,1.0,1.0,,15.0,36.5,35.7,0.1,-5.5,-5.7,,,,,,,,,,,,,,,,,,,,,,,,,,,
2017-2018,EPL,West Brom,Opponent Total,,,26.9,38.0,54.0,515.0,153.0,29.7,13.55,4.03,0.1,0.35,18.9,1.0,1.0,,28.0,47.9,47.1,0.09,6.1,5.9,,,,,,,,,,,,,,,,,,,,,,,,,,,
