Season,League,Team,Unnamed: 0_level_0_Player,Unnamed: 1_level_0_Nation,Unnamed: 2_level_0_Pos,Unnamed: 3_level_0_Age,Unnamed: 4_level_0_90s,Performance_CrdY,Performance_CrdR,Performance_2CrdY,Performance_Fls,Performance_Fld,Performance_Off,Performance_Crs,Performance_Int,Performance_TklW,Performance_PKwon,Performance_PKcon,Performance_OG,Unnamed: 17_level_0_Matches,Performance_Recov,Aerial Duels_Won,Aerial Duels_Lost,Aerial Duels_Won%,Unnamed: 21_level_0_Matches,S_e,L_e,T_e,U_n,U_n.1,U_n.2,U_n.3,U_n.4,P_e,P_e.1,P_e.2,P_e.3,P_e.4,P_e.5,P_e.6,P_e.7,P_e.8,P_e.9,P_e.10,P_e.11,P_e.12,A_e,A_e.1,A_e.2,U_n.5
2000-2001,Bundesliga,Bayern Munich,Oliver Kahn,de GER,GK,31.0,32.0,4.0,1.0,,,,,,,,,,,Matches,,,,,,,,,,,,,,,,,,,,,,,,,,,,,,
2000-2001,Bundesliga,Bayern Munich,Thomas Linke,de GER,DF,30.0,25.5,6.0,0.0,,,,,,,,,,,Matches,,,,,,,,,,,,,,,,,,,,,,,,,,,,,,
2000-2001,Bundesliga,Bayern Munich,Hasan Salihamidžić,ba BIH,"DF,MF",23.0,27.0,10.0,0.0,,,,,,,,,,,Matches,,,,,,,,,,,,,,,,,,,,,,,,,,,,,,
2000-2001,Bundesliga,Bayern Munich,Mehmet Scholl,de GER,MF,29.0,23.5,7.0,0.0,,,,,,,,,,,Matches,,,,,,,,,,,,,,,,,,,,,,,,,,,,,,
2000-2001,Bundesliga,Bayern Munich,Giovane Élber,br BRA,FW,28.0,22.8,5.0,0.0,,,,,,,,,,,Matches,,,,,,,,,,,,,,,,,,,,,,,,,,,,,,
2000-2001,Bundesliga,Bayern Munich,Samuel Kuffour,gh GHA,DF,23.0,20.7,5.0,0.0,,,,,,,,,,,Matches,,,,,,,,,,,,,,,,,,,,,,,,,,,,,,
2000-2001,Bundesliga,Bayern Munich,Willy Sagnol,fr FRA,DF,23.0,24.3,5.0,0.0,,,,,,,,,,,Matches,,,,,,,,,,,,,,,,,,,,,,,,,,,,,,
2000-2001,Bundesliga,Bayern Munich,Thorsten Fink,de GER,MF,32.0,20.0,4.0,0.0,,,,,,,,,,,Matches,,,,,,,,,,,,,,,,,,,,,,,,,,,,,,
2000-2001,Bundesliga,Bayern Munich,Patrik Andersson,se SWE,DF,28.0,20.5,0.0,0.0,,,,,,,,,,,Matches,,,,,,,,,,,,,,,,,,,,,,,,,,,,,,
2000-2001,Bundesliga,Bayern Munich,Stefan Effenberg,de GER,MF,31.0,19.3,8.0,1.0,,,,,,,,,,,Matches,,,,,,,,,,,,,,,,,,,,,,,,,,,,,,
2000-2001,Bundesliga,Bayern Munich,Jens Jeremies,de GER,MF,26.0,18.9,10.0,0.0,,,,,,,,,,,Matches,,,,,,,,,,,,,,,,,,,,,,,,,,,,,,
2000-2001,Bundesliga,Bayern Munich,Michael Tarnat,de GER,"DF,MF",30.0,18.8,6.0,0.0,,,,,,,,,,,Matches,,,,,,,,,,,,,,,,,,,,,,,,,,,,,,
2000-2001,Bundesliga,Bayern Munich,Ciriaco Sforza,ch SUI,"DF,MF",30.0,18.4,2.0,0.0,,,,,,,,,,,Matches,,,,,,,,,,,,,,,,,,,,,,,,,,,,,,
2000-2001,Bundesliga,Bayern Munich,Carsten Jancker,de GER,FW,25.0,16.4,8.0,0.0,,,,,,,,,,,Matches,,,,,,,,,,,,,,,,,,,,,,,,,,,,,,
2000-2001,Bundesliga,Bayern Munich,Paulo Sérgio,br BRA,"FW,MF",31.0,16.3,3.0,0.0,,,,,,,,,,,Matches,,,,,,,,,,,,,,,,,,,,,,,,,,,,,,
2000-2001,Bundesliga,Bayern Munich,Bixente Lizarazu,fr FRA,DF,30.0,12.4,4.0,1.0,,,,,,,,,,,Matches,,,,,,,,,,,,,,,,,,,,,,,,,,,,,,
2000-2001,Bundesliga,Bayern Munich,Roque Santa Cruz,py PAR,FW,18.0,11.7,1.0,0.0,,,,,,,,,,,Matches,,,,,,,,,,,,,,,,,,,,,,,,,,,,,,
2000-2001,Bundesliga,Bayern Munich,Alexander Zickler,de GER,FW,26.0,9.6,1.0,0.0,,,,,,,,,,,Matches,,,,,,,,,,,,,,,,,,,,,,,,,,,,,,
2000-2001,Bundesliga,Bayern Munich,Owen Hargreaves,eng ENG,MF,19.0,7.5,1.0,0.0,,,,,,,,,,,Matches,,,,,,,,,,,,,,,,,,,,,,,,,,,,,,
2000-2001,Bundesliga,Bayern Munich,Michael Wiesinger,de GER,MF,27.0,3.3,0.0,0.0,,,,,,,,,,,Matches,,,,,,,,,,,,,,,,,,,,,,,,,,,,,,
2000-2001,Bundesliga,Bayern Munich,Thomas Strunz,de GER,MF,32.0,3.1,0.0,0.0,,,,,,,,,,,Matches,,,,,,,,,,,,,,,,,,,,,,,,,,,,,,
2000-2001,Bundesliga,Bayern Munich,Bernd Dreher,de GER,GK,33.0,1.0,0.0,0.0,,,,,,,,,,,Matches,,,,,,,,,,,,,,,,,,,,,,,,,,,,,,
2000-2001,Bundesliga,Bayern Munich,Stefan Wessels,de GER,GK,21.0,1.0,0.0,0.0,,,,,,,,,,,Matches,,,,,,,,,,,,,,,,,,,,,,,,,,,,,,
2000-2001,Bundesliga,Bayern Munich,Antonio Di Salvo,de GER,FW,21.0,1.1,0.0,0.0,,,,,,,,,,,Matches,,,,,,,,,,,,,,,,,,,,,,,,,,,,,,
2000-2001,Bundesliga,Bayern Munich,Berkant Göktan,tr TUR,FW,19.0,0.1,0.0,0.0,,,,,,,,,,,Matches,,,,,,,,,,,,,,,,,,,,,,,,,,,,,,
2000-2001,Bundesliga,Bayern Munich,Squad Total,,,28.1,,88.0,3.0,,,,,,,,,,,,,,,,,,,,,,,,,,,,,,,,,,,,,,,,,
2000-2001,Bundesliga,Bayern Munich,Opponent Total,,,27.3,,,,,,,,,,,,,,,,,,,,,,,,,,,,,,,,,,,,,,,,,,,,
2000-2001,Bundesliga,Schalke 04,Oliver Reck,de GER,GK,35.0,33.0,1.0,0.0,,,,,,,,,,,Matches,,,,,,,,,,,,,,,,,,,,,,,,,,,,,,
2000-2001,Bundesliga,Schalke 04,Ebbe Sand,dk DEN,FW,28.0,31.7,3.0,0.0,,,,,,,,,,,Matches,,,,,,,,,,,,,,,,,,,,,,,,,,,,,,
2000-2001,Bundesliga,Schalke 04,Tomasz Hajto,pl POL,DF,27.0,31.7,10.0,0.0,,,,,,,,,,,Matches,,,,,,,,,,,,,,,,,,,,,,,,,,,,,,
2000-2001,Bundesliga,Schalke 04,Andreas Möller,de GER,MF,32.0,31.7,3.0,0.0,,,,,,,,,,,Matches,,,,,,,,,,,,,,,,,,,,,,,,,,,,,,
2000-2001,Bundesliga,Schalke 04,Jiří Němec,cz CZE,MF,34.0,29.9,7.0,0.0,,,,,,,,,,,Matches,,,,,,,,,,,,,,,,,,,,,,,,,,,,,,
2000-2001,Bundesliga,Schalke 04,Jörg Böhme,de GER,MF,26.0,29.1,10.0,1.0,,,,,,,,,,,Matches,,,,,,,,,,,,,,,,,,,,,,,,,,,,,,
2000-2001,Bundesliga,Schalke 04,Tomasz Wałdoch,pl POL,DF,29.0,28.3,5.0,0.0,,,,,,,,,,,Matches,,,,,,,,,,,,,,,,,,,,,,,,,,,,,,
2000-2001,Bundesliga,Schalke 04,Émile Mpenza,be BEL,FW,22.0,24.1,3.0,0.0,,,,,,,,,,,Matches,,,,,,,,,,,,,,,,,,,,,,,,,,,,,,
2000-2001,Bundesliga,Schalke 04,Marco van Hoogdalem,nl NED,DF,28.0,21.8,7.0,0.0,,,,,,,,,,,Matches,,,,,,,,,,,,,,,,,,,,,,,,,,,,,,
2000-2001,Bundesliga,Schalke 04,Radoslav Látal,cz CZE,MF,30.0,21.2,6.0,0.0,,,,,,,,,,,Matches,,,,,,,,,,,,,,,,,,,,,,,,,,,,,,
2000-2001,Bundesliga,Schalke 04,Gerald Asamoah,de GER,"FW,MF",21.0,22.7,7.0,0.0,,,,,,,,,,,Matches,,,,,,,,,,,,,,,,,,,,,,,,,,,,,,
2000-2001,Bundesliga,Schalke 04,Nico Van Kerckhoven,be BEL,"DF,FW",29.0,20.6,2.0,1.0,,,,,,,,,,,Matches,,,,,,,,,,,,,,,,,,,,,,,,,,,,,,
2000-2001,Bundesliga,Schalke 04,Mike Büskens,de GER,MF,32.0,15.4,4.0,0.0,,,,,,,,,,,Matches,,,,,,,,,,,,,,,,,,,,,,,,,,,,,,
2000-2001,Bundesliga,Schalke 04,Niels Oude Kamphuis,nl NED,"DF,MF",22.0,14.1,2.0,0.0,,,,,,,,,,,Matches,,,,,,,,,,,,,,,,,,,,,,,,,,,,,,
2000-2001,Bundesliga,Schalke 04,Markus Happe,de GER,DF,28.0,6.6,0.0,0.0,,,,,,,,,,,Matches,,,,,,,,,,,,,,,,,,,,,,,,,,,,,,
2000-2001,Bundesliga,Schalke 04,Sven Kmetsch,de GER,MF,29.0,3.1,3.0,0.0,,,,,,,,,,,Matches,,,,,,,,,,,,,,,,,,,,,,,,,,,,,,
2000-2001,Bundesliga,Schalke 04,Youri Mulder,nl NED,FW,31.0,4.4,1.0,0.0,,,,,,,,,,,Matches,,,,,,,,,,,,,,,,,,,,,,,,,,,,,,
2000-2001,Bundesliga,Schalke 04,Olaf Thon,de GER,"DF,MF",34.0,1.7,0.0,0.0,,,,,,,,,,,Matches,,,,,,,,,,,,,,,,,,,,,,,,,,,,,,
2000-2001,Bundesliga,Schalke 04,Ünal Alpuğan,de GER,MF,26.0,1.0,0.0,0.0,,,,,,,,,,,Matches,,,,,,,,,,,,,,,,,,,,,,,,,,,,,,
2000-2001,Bundesliga,Schalke 04,Frode Grodås,no NOR,GK,35.0,1.0,0.0,0.0,,,,,,,,,,,Matches,,,,,,,,,,,,,,,,,,,,,,,,,,,,,,
2000-2001,Bundesliga,Schalke 04,Christian Mikolajczak,de GER,MF,19.0,1.2,0.0,0.0,,,,,,,,,,,Matches,,,,,,,,,,,,,,,,,,,,,,,,,,,,,,
2000-2001,Bundesliga,Schalke 04,Yves Eigenrauch,de GER,DF,29.0,1.1,1.0,0.0,,,,,,,,,,,Matches,,,,,,,,,,,,,,,,,,,,,,,,,,,,,,
2000-2001,Bundesliga,Schalke 04,Oliver Held,de GER,"DF,MF",27.0,0.0,0.0,0.0,,,,,,,,,,,Matches,,,,,,,,,,,,,,,,,,,,,,,,,,,,,,
2000-2001,Bundesliga,Schalke 04,Squad Total,,,29.1,,73.0,2.0,,,,,,,,,,,,,,,,,,,,,,,,,,,,,,,,,,,,,,,,,
2000-2001,Bundesliga,Schalke 04,Opponent Total,,,27.3,,,,,,,,,,,,,,,,,,,,,,,,,,,,,,,,,,,,,,,,,,,,
2000-2001,Bundesliga,Dortmund,Jens Lehmann,de GER,GK,30.0,31.0,5.0,0.0,,,,,,,,,,,Matches,,,,,,,,,,,,,,,,,,,,,,,,,,,,,,
2000-2001,Bundesliga,Dortmund,Dedê,br BRA,DF,22.0,30.7,7.0,0.0,,,,,,,,,,,Matches,,,,,,,,,,,,,,,,,,,,,,,,,,,,,,
2000-2001,Bundesliga,Dortmund,Jörg Heinrich,de GER,"DF,MF",30.0,29.9,7.0,2.0,,,,,,,,,,,Matches,,,,,,,,,,,,,,,,,,,,,,,,,,,,,,
2000-2001,Bundesliga,Dortmund,Evanílson,br BRA,"DF,FW",24.0,27.1,8.0,1.0,,,,,,,,,,,Matches,,,,,,,,,,,,,,,,,,,,,,,,,,,,,,
2000-2001,Bundesliga,Dortmund,Jürgen Kohler,de GER,DF,34.0,26.8,3.0,0.0,,,,,,,,,,,Matches,,,,,,,,,,,,,,,,,,,,,,,,,,,,,,
2000-2001,Bundesliga,Dortmund,Lars Ricken,de GER,"FW,MF",24.0,25.5,5.0,1.0,,,,,,,,,,,Matches,,,,,,,,,,,,,,,,,,,,,,,,,,,,,,
2000-2001,Bundesliga,Dortmund,Otto Addo,gh GHA,MF,25.0,25.2,6.0,0.0,,,,,,,,,,,Matches,,,,,,,,,,,,,,,,,,,,,,,,,,,,,,
2000-2001,Bundesliga,Dortmund,Giuseppe Reina,de GER,FW,28.0,23.2,3.0,0.0,,,,,,,,,,,Matches,,,,,,,,,,,,,,,,,,,,,,,,,,,,,,
2000-2001,Bundesliga,Dortmund,Christian Wörns,de GER,DF,28.0,22.1,2.0,0.0,,,,,,,,,,,Matches,,,,,,,,,,,,,,,,,,,,,,,,,,,,,,
2000-2001,Bundesliga,Dortmund,Sunday Oliseh,ng NGA,"DF,MF",25.0,20.2,7.0,0.0,,,,,,,,,,,Matches,,,,,,,,,,,,,,,,,,,,,,,,,,,,,,
2000-2001,Bundesliga,Dortmund,Fredi Bobic,de GER,FW,28.0,20.1,2.0,0.0,,,,,,,,,,,Matches,,,,,,,,,,,,,,,,,,,,,,,,,,,,,,
2000-2001,Bundesliga,Dortmund,Miroslav Stević,rs SRB,MF,30.0,20.1,7.0,0.0,,,,,,,,,,,Matches,,,,,,,,,,,,,,,,,,,,,,,,,,,,,,
2000-2001,Bundesliga,Dortmund,Christoph Metzelder,de GER,DF,19.0,14.8,1.0,0.0,,,,,,,,,,,Matches,,,,,,,,,,,,,,,,,,,,,,,,,,,,,,
2000-2001,Bundesliga,Dortmund,Tomáš Rosický,cz CZE,MF,19.0,13.8,2.0,0.0,,,,,,,,,,,Matches,,,,,,,,,,,,,,,,,,,,,,,,,,,,,,
2000-2001,Bundesliga,Dortmund,Christian Nerlinger,de GER,MF,27.0,9.5,4.0,0.0,,,,,,,,,,,Matches,,,,,,,,,,,,,,,,,,,,,,,,,,,,,,
2000-2001,Bundesliga,Dortmund,Heiko Herrlich,de GER,FW,28.0,8.4,1.0,0.0,,,,,,,,,,,Matches,,,,,,,,,,,,,,,,,,,,,,,,,,,,,,
2000-2001,Bundesliga,Dortmund,Victor Ikpeba,ng NGA,FW,27.0,6.2,1.0,0.0,,,,,,,,,,,Matches,,,,,,,,,,,,,,,,,,,,,,,,,,,,,,
2000-2001,Bundesliga,Dortmund,Stefan Reuter,de GER,"DF,MF",33.0,4.9,1.0,0.0,,,,,,,,,,,Matches,,,,,,,,,,,,,,,,,,,,,,,,,,,,,,
2000-2001,Bundesliga,Dortmund,Alfred Nijhuis,nl NED,DF,34.0,4.5,1.0,0.0,,,,,,,,,,,Matches,,,,,,,,,,,,,,,,,,,,,,,,,,,,,,
2000-2001,Bundesliga,Dortmund,Philipp Laux,de GER,GK,27.0,3.0,0.0,0.0,,,,,,,,,,,Matches,,,,,,,,,,,,,,,,,,,,,,,,,,,,,,
2000-2001,Bundesliga,Dortmund,Jan-Derek Sørensen,no NOR,"FW,MF",28.0,2.5,0.0,0.0,,,,,,,,,,,Matches,,,,,,,,,,,,,,,,,,,,,,,,,,,,,,
2000-2001,Bundesliga,Dortmund,Sead Kapetanović,ba BIH,"DF,MF",28.0,2.3,1.0,0.0,,,,,,,,,,,Matches,,,,,,,,,,,,,,,,,,,,,,,,,,,,,,
2000-2001,Bundesliga,Dortmund,Ibrahim Tanko,gh GHA,FW,23.0,2.2,0.0,0.0,,,,,,,,,,,Matches,,,,,,,,,,,,,,,,,,,,,,,,,,,,,,
2000-2001,Bundesliga,Dortmund,Emmanuel Krontiris,de GER,FW,17.0,0.6,0.0,0.0,,,,,,,,,,,Matches,,,,,,,,,,,,,,,,,,,,,,,,,,,,,,
2000-2001,Bundesliga,Dortmund,Squad Total,,,27.3,,70.0,4.0,,,,,,,,,,,,,,,,,,,,,,,,,,,,,,,,,,,,,,,,,
2000-2001,Bundesliga,Dortmund,Opponent Total,,,27.4,,,,,,,,,,,,,,,,,,,,,,,,,,,,,,,,,,,,,,,,,,,,
2000-2001,Bundesliga,Leverkusen,Oliver Neuville,de GER,FW,27.0,32.4,4.0,0.0,,,,,,,,,,,Matches,,,,,,,,,,,,,,,,,,,,,,,,,,,,,,
2000-2001,Bundesliga,Leverkusen,Carsten Ramelow,de GER,"DF,MF",26.0,31.4,12.0,0.0,,,,,,,,,,,Matches,,,,,,,,,,,,,,,,,,,,,,,,,,,,,,
2000-2001,Bundesliga,Leverkusen,Robert Kovač,hr CRO,DF,26.0,30.4,13.0,1.0,,,,,,,,,,,Matches,,,,,,,,,,,,,,,,,,,,,,,,,,,,,,
2000-2001,Bundesliga,Leverkusen,Boris Živković,hr CRO,DF,24.0,29.2,3.0,0.0,,,,,,,,,,,Matches,,,,,,,,,,,,,,,,,,,,,,,,,,,,,,
2000-2001,Bundesliga,Leverkusen,Ulf Kirsten,de GER,FW,34.0,23.8,8.0,1.0,,,,,,,,,,,Matches,,,,,,,,,,,,,,,,,,,,,,,,,,,,,,
2000-2001,Bundesliga,Leverkusen,Jens Nowotny,de GER,DF,26.0,26.3,11.0,0.0,,,,,,,,,,,Matches,,,,,,,,,,,,,,,,,,,,,,,,,,,,,,
2000-2001,Bundesliga,Leverkusen,Michael Ballack,de GER,MF,23.0,25.5,12.0,1.0,,,,,,,,,,,Matches,,,,,,,,,,,,,,,,,,,,,,,,,,,,,,
2000-2001,Bundesliga,Leverkusen,Zé Roberto,br BRA,"DF,MF",26.0,22.6,5.0,0.0,,,,,,,,,,,Matches,,,,,,,,,,,,,,,,,,,,,,,,,,,,,,
2000-2001,Bundesliga,Leverkusen,Adam Matysek,pl POL,GK,32.0,15.0,1.0,0.0,,,,,,,,,,,Matches,,,,,,,,,,,,,,,,,,,,,,,,,,,,,,
2000-2001,Bundesliga,Leverkusen,Lúcio,br BRA,DF,22.0,15.0,2.0,0.0,,,,,,,,,,,Matches,,,,,,,,,,,,,,,,,,,,,,,,,,,,,,
2000-2001,Bundesliga,Leverkusen,Jörg Reeb,de GER,"DF,MF",28.0,14.0,2.0,0.0,,,,,,,,,,,Matches,,,,,,,,,,,,,,,,,,,,,,,,,,,,,,
2000-2001,Bundesliga,Leverkusen,Bernd Schneider,de GER,"DF,MF",26.0,16.6,4.0,0.0,,,,,,,,,,,Matches,,,,,,,,,,,,,,,,,,,,,,,,,,,,,,
2000-2001,Bundesliga,Leverkusen,Pascal Zuberbühler,ch SUI,GK,29.0,13.0,1.0,1.0,,,,,,,,,,,Matches,,,,,,,,,,,,,,,,,,,,,,,,,,,,,,
2000-2001,Bundesliga,Leverkusen,Jurica Vranješ,hr CRO,MF,20.0,12.8,1.0,1.0,,,,,,,,,,,Matches,,,,,,,,,,,,,,,,,,,,,,,,,,,,,,
2000-2001,Bundesliga,Leverkusen,Paulo Rink,de GER,"FW,MF",27.0,12.6,3.0,1.0,,,,,,,,,,,Matches,,,,,,,,,,,,,,,,,,,,,,,,,,,,,,
2000-2001,Bundesliga,Leverkusen,Diego Placente,ar ARG,DF,23.0,10.5,3.0,0.0,,,,,,,,,,,Matches,,,,,,,,,,,,,,,,,,,,,,,,,,,,,,
2000-2001,Bundesliga,Leverkusen,Pascal Ojigwe,ng NGA,"DF,MF",23.0,8.0,1.0,0.0,,,,,,,,,,,Matches,,,,,,,,,,,,,,,,,,,,,,,,,,,,,,
2000-2001,Bundesliga,Leverkusen,Frank Juric,au AUS,GK,26.0,6.0,0.0,0.0,,,,,,,,,,,Matches,,,,,,,,,,,,,,,,,,,,,,,,,,,,,,
2000-2001,Bundesliga,Leverkusen,Vratislav Greško,sk SVK,DF,23.0,5.0,0.0,0.0,,,,,,,,,,,Matches,,,,,,,,,,,,,,,,,,,,,,,,,,,,,,
2000-2001,Bundesliga,Leverkusen,Thomas Brdarić,de GER,FW,25.0,7.8,2.0,0.0,,,,,,,,,,,Matches,,,,,,,,,,,,,,,,,,,,,,,,,,,,,,
2000-2001,Bundesliga,Leverkusen,Andreas Neuendorf,de GER,MF,25.0,3.8,3.0,0.0,,,,,,,,,,,Matches,,,,,,,,,,,,,,,,,,,,,,,,,,,,,,
2000-2001,Bundesliga,Leverkusen,Frankie Hejduk,us USA,"DF,MF",25.0,2.4,2.0,1.0,,,,,,,,,,,Matches,,,,,,,,,,,,,,,,,,,,,,,,,,,,,,
2000-2001,Bundesliga,Leverkusen,Robson Ponte,br BRA,"FW,MF",23.0,3.2,1.0,1.0,,,,,,,,,,,Matches,,,,,,,,,,,,,,,,,,,,,,,,,,,,,,
2000-2001,Bundesliga,Leverkusen,Dimitar Berbatov,bg BUL,FW,19.0,1.4,0.0,0.0,,,,,,,,,,,Matches,,,,,,,,,,,,,,,,,,,,,,,,,,,,,,
2000-2001,Bundesliga,Leverkusen,Marko Babić,hr CRO,"DF,MF",19.0,0.9,1.0,0.0,,,,,,,,,,,Matches,,,,,,,,,,,,,,,,,,,,,,,,,,,,,,
2000-2001,Bundesliga,Leverkusen,Markus Daun,de GER,FW,19.0,0.3,0.0,0.0,,,,,,,,,,,Matches,,,,,,,,,,,,,,,,,,,,,,,,,,,,,,
2000-2001,Bundesliga,Leverkusen,Anel Džaka,de GER,MF,19.0,0.0,0.0,0.0,,,,,,,,,,,Matches,,,,,,,,,,,,,,,,,,,,,,,,,,,,,,
2000-2001,Bundesliga,Leverkusen,Squad Total,,,26.5,,86.0,8.0,,,,,,,,,,,,,,,,,,,,,,,,,,,,,,,,,,,,,,,,,
2000-2001,Bundesliga,Leverkusen,Opponent Total,,,27.4,,,,,,,,,,,,,,,,,,,,,,,,,,,,,,,,,,,,,,,,,,,,
2000-2001,Bundesliga,Hertha BSC,Gábor Király,hu HUN,GK,24.0,34.0,3.0,0.0,,,,,,,,,,,Matches,,,,,,,,,,,,,,,,,,,,,,,,,,,,,,
2000-2001,Bundesliga,Hertha BSC,Michael Hartmann,de GER,"DF,MF",26.0,32.8,5.0,0.0,,,,,,,,,,,Matches,,,,,,,,,,,,,,,,,,,,,,,,,,,,,,
2000-2001,Bundesliga,Hertha BSC,Michael Preetz,de GER,FW,32.0,31.9,2.0,0.0,,,,,,,,,,,Matches,,,,,,,,,,,,,,,,,,,,,,,,,,,,,,
2000-2001,Bundesliga,Hertha BSC,Andreas Schmidt,de GER,"DF,MF",26.0,27.2,3.0,0.0,,,,,,,,,,,Matches,,,,,,,,,,,,,,,,,,,,,,,,,,,,,,
2000-2001,Bundesliga,Hertha BSC,Dick van Burik,nl NED,DF,26.0,25.7,5.0,0.0,,,,,,,,,,,Matches,,,,,,,,,,,,,,,,,,,,,,,,,,,,,,
2000-2001,Bundesliga,Hertha BSC,Eyjólfur,is ISL,"DF,MF",31.0,25.4,8.0,0.0,,,,,,,,,,,Matches,,,,,,,,,,,,,,,,,,,,,,,,,,,,,,
2000-2001,Bundesliga,Hertha BSC,Sebastian Deisler,de GER,MF,20.0,22.2,9.0,2.0,,,,,,,,,,,Matches,,,,,,,,,,,,,,,,,,,,,,,,,,,,,,
2000-2001,Bundesliga,Hertha BSC,René Tretschok,de GER,MF,31.0,23.6,4.0,0.0,,,,,,,,,,,Matches,,,,,,,,,,,,,,,,,,,,,,,,,,,,,,
2000-2001,Bundesliga,Hertha BSC,Marko Rehmer,de GER,DF,28.0,20.4,2.0,0.0,,,,,,,,,,,Matches,,,,,,,,,,,,,,,,,,,,,,,,,,,,,,
2000-2001,Bundesliga,Hertha BSC,Alex Alves,br BRA,FW,25.0,19.2,2.0,1.0,,,,,,,,,,,Matches,,,,,,,,,,,,,,,,,,,,,,,,,,,,,,
2000-2001,Bundesliga,Hertha BSC,Dariusz Wosz,de GER,MF,31.0,18.7,5.0,0.0,,,,,,,,,,,Matches,,,,,,,,,,,,,,,,,,,,,,,,,,,,,,
2000-2001,Bundesliga,Hertha BSC,Kostas Konstantinidis,gr GRE,DF,27.0,17.9,6.0,0.0,,,,,,,,,,,Matches,,,,,,,,,,,,,,,,,,,,,,,,,,,,,,
2000-2001,Bundesliga,Hertha BSC,Pál Dárdai,hu HUN,MF,24.0,18.4,6.0,1.0,,,,,,,,,,,Matches,,,,,,,,,,,,,,,,,,,,,,,,,,,,,,
2000-2001,Bundesliga,Hertha BSC,Stefan Beinlich,de GER,MF,28.0,14.4,2.0,0.0,,,,,,,,,,,Matches,,,,,,,,,,,,,,,,,,,,,,,,,,,,,,
2000-2001,Bundesliga,Hertha BSC,Tony Sanneh,us USA,"DF,MF",29.0,6.6,0.0,0.0,,,,,,,,,,,Matches,,,,,,,,,,,,,,,,,,,,,,,,,,,,,,
2000-2001,Bundesliga,Hertha BSC,Josip Šimunić,hr CRO,DF,22.0,7.6,3.0,0.0,,,,,,,,,,,Matches,,,,,,,,,,,,,,,,,,,,,,,,,,,,,,
2000-2001,Bundesliga,Hertha BSC,Sixten Veit,de GER,MF,30.0,6.4,1.0,0.0,,,,,,,,,,,Matches,,,,,,,,,,,,,,,,,,,,,,,,,,,,,,
2000-2001,Bundesliga,Hertha BSC,Ali Daei,ir IRN,FW,31.0,8.2,0.0,0.0,,,,,,,,,,,Matches,,,,,,,,,,,,,,,,,,,,,,,,,,,,,,
2000-2001,Bundesliga,Hertha BSC,Rob Maas,nl NED,"DF,MF",30.0,3.3,1.0,1.0,,,,,,,,,,,Matches,,,,,,,,,,,,,,,,,,,,,,,,,,,,,,
2000-2001,Bundesliga,Hertha BSC,Piotr Reiss,pl POL,FW,28.0,3.4,0.0,0.0,,,,,,,,,,,Matches,,,,,,,,,,,,,,,,,,,,,,,,,,,,,,
2000-2001,Bundesliga,Hertha BSC,Bryan Roy,nl NED,"FW,MF",30.0,2.5,0.0,0.0,,,,,,,,,,,Matches,,,,,,,,,,,,,,,,,,,,,,,,,,,,,,
2000-2001,Bundesliga,Hertha BSC,Kai Michalke,de GER,FW,24.0,1.5,0.0,0.0,,,,,,,,,,,Matches,,,,,,,,,,,,,,,,,,,,,,,,,,,,,,
2000-2001,Bundesliga,Hertha BSC,Andreas Thom,de GER,FW,34.0,0.5,0.0,0.0,,,,,,,,,,,Matches,,,,,,,,,,,,,,,,,,,,,,,,,,,,,,
2000-2001,Bundesliga,Hertha BSC,Sead Zilić,ba BIH,FW,17.0,0.5,1.0,0.0,,,,,,,,,,,Matches,,,,,,,,,,,,,,,,,,,,,,,,,,,,,,
2000-2001,Bundesliga,Hertha BSC,Benjamin Köhler,de GER,MF,19.0,0.1,0.0,0.0,,,,,,,,,,,Matches,,,,,,,,,,,,,,,,,,,,,,,,,,,,,,
2000-2001,Bundesliga,Hertha BSC,Thorben Marx,de GER,MF,19.0,0.0,0.0,0.0,,,,,,,,,,,Matches,,,,,,,,,,,,,,,,,,,,,,,,,,,,,,
2000-2001,Bundesliga,Hertha BSC,Squad Total,,,27.7,,62.0,5.0,,,,,,,,,,,,,,,,,,,,,,,,,,,,,,,,,,,,,,,,,
2000-2001,Bundesliga,Hertha BSC,Opponent Total,,,27.2,,,,,,,,,,,,,,,,,,,,,,,,,,,,,,,,,,,,,,,,,,,,
2000-2001,Bundesliga,Freiburg,Richard Golz,de GER,GK,32.0,34.0,1.0,0.0,,,,,,,,,,,Matches,,,,,,,,,,,,,,,,,,,,,,,,,,,,,,
2000-2001,Bundesliga,Freiburg,Boubacar Diarra,ml MLI,DF,21.0,32.5,3.0,0.0,,,,,,,,,,,Matches,,,,,,,,,,,,,,,,,,,,,,,,,,,,,,
2000-2001,Bundesliga,Freiburg,Levan Kobiashvili,ge GEO,"DF,MF",23.0,29.2,7.0,0.0,,,,,,,,,,,Matches,,,,,,,,,,,,,,,,,,,,,,,,,,,,,,
2000-2001,Bundesliga,Freiburg,Andreas Zeyer,de GER,MF,32.0,28.7,7.0,1.0,,,,,,,,,,,Matches,,,,,,,,,,,,,,,,,,,,,,,,,,,,,,
2000-2001,Bundesliga,Freiburg,Sebastian Kehl,de GER,"DF,MF",20.0,24.5,9.0,1.0,,,,,,,,,,,Matches,,,,,,,,,,,,,,,,,,,,,,,,,,,,,,
2000-2001,Bundesliga,Freiburg,Aleksandre Iashvili,ge GEO,"FW,MF",22.0,23.6,1.0,0.0,,,,,,,,,,,Matches,,,,,,,,,,,,,,,,,,,,,,,,,,,,,,
2000-2001,Bundesliga,Freiburg,Tobias Willi,de GER,MF,20.0,19.0,6.0,0.0,,,,,,,,,,,Matches,,,,,,,,,,,,,,,,,,,,,,,,,,,,,,
2000-2001,Bundesliga,Freiburg,Vladimir But,ru RUS,MF,22.0,21.4,4.0,0.0,,,,,,,,,,,Matches,,,,,,,,,,,,,,,,,,,,,,,,,,,,,,
2000-2001,Bundesliga,Freiburg,Adel Sellimi,tn TUN,FW,27.0,20.6,2.0,0.0,,,,,,,,,,,Matches,,,,,,,,,,,,,,,,,,,,,,,,,,,,,,
2000-2001,Bundesliga,Freiburg,Soumaila Coulibaly,ml MLI,MF,22.0,19.9,7.0,0.0,,,,,,,,,,,Matches,,,,,,,,,,,,,,,,,,,,,,,,,,,,,,
2000-2001,Bundesliga,Freiburg,Zoubeir Baya,tn TUN,MF,29.0,19.1,6.0,0.0,,,,,,,,,,,Matches,,,,,,,,,,,,,,,,,,,,,,,,,,,,,,
2000-2001,Bundesliga,Freiburg,Levan Tskitishvili,ge GEO,MF,23.0,15.8,2.0,0.0,,,,,,,,,,,Matches,,,,,,,,,,,,,,,,,,,,,,,,,,,,,,
2000-2001,Bundesliga,Freiburg,Abder Ramdane,fr FRA,"FW,MF",26.0,16.6,7.0,0.0,,,,,,,,,,,Matches,,,,,,,,,,,,,,,,,,,,,,,,,,,,,,
2000-2001,Bundesliga,Freiburg,Daniel Schumann,de GER,DF,23.0,15.5,3.0,0.0,,,,,,,,,,,Matches,,,,,,,,,,,,,,,,,,,,,,,,,,,,,,
2000-2001,Bundesliga,Freiburg,Oumar Kondé,cg CGO,DF,20.0,12.4,7.0,1.0,,,,,,,,,,,Matches,,,,,,,,,,,,,,,,,,,,,,,,,,,,,,
2000-2001,Bundesliga,Freiburg,Stefan Müller,de GER,DF,26.0,10.4,1.0,0.0,,,,,,,,,,,Matches,,,,,,,,,,,,,,,,,,,,,,,,,,,,,,
2000-2001,Bundesliga,Freiburg,Marco Weißhaupt,de GER,MF,28.0,9.5,2.0,0.0,,,,,,,,,,,Matches,,,,,,,,,,,,,,,,,,,,,,,,,,,,,,
2000-2001,Bundesliga,Freiburg,Lars Hermel,de GER,DF,29.0,5.6,1.0,0.0,,,,,,,,,,,Matches,,,,,,,,,,,,,,,,,,,,,,,,,,,,,,
2000-2001,Bundesliga,Freiburg,Ibrahim Tanko,gh GHA,FW,23.0,3.1,0.0,0.0,,,,,,,,,,,Matches,,,,,,,,,,,,,,,,,,,,,,,,,,,,,,
2000-2001,Bundesliga,Freiburg,Björn Dreyer,de GER,MF,23.0,1.9,1.0,0.0,,,,,,,,,,,Matches,,,,,,,,,,,,,,,,,,,,,,,,,,,,,,
2000-2001,Bundesliga,Freiburg,Ferydoon Zandi,ir IRN,MF,21.0,3.7,0.0,0.0,,,,,,,,,,,Matches,,,,,,,,,,,,,,,,,,,,,,,,,,,,,,
2000-2001,Bundesliga,Freiburg,Ralf Kohl,de GER,"DF,MF",34.0,2.9,1.0,0.0,,,,,,,,,,,Matches,,,,,,,,,,,,,,,,,,,,,,,,,,,,,,
2000-2001,Bundesliga,Freiburg,Régis Dorn,fr FRA,FW,20.0,4.1,2.0,0.0,,,,,,,,,,,Matches,,,,,,,,,,,,,,,,,,,,,,,,,,,,,,
2000-2001,Bundesliga,Freiburg,Florian Bruns,de GER,MF,20.0,0.7,0.0,0.0,,,,,,,,,,,Matches,,,,,,,,,,,,,,,,,,,,,,,,,,,,,,
2000-2001,Bundesliga,Freiburg,Squad Total,,,25.1,,75.0,3.0,,,,,,,,,,,,,,,,,,,,,,,,,,,,,,,,,,,,,,,,,
2000-2001,Bundesliga,Freiburg,Opponent Total,,,27.4,,,,,,,,,,,,,,,,,,,,,,,,,,,,,,,,,,,,,,,,,,,,
2000-2001,Bundesliga,Werder Bremen,Frank Rost,de GER,GK,27.0,34.0,2.0,0.0,,,,,,,,,,,Matches,,,,,,,,,,,,,,,,,,,,,,,,,,,,,,
2000-2001,Bundesliga,Werder Bremen,Andreas Herzog,at AUT,MF,31.0,28.9,1.0,0.0,,,,,,,,,,,Matches,,,,,,,,,,,,,,,,,,,,,,,,,,,,,,
2000-2001,Bundesliga,Werder Bremen,Frank Baumann,de GER,"DF,MF",24.0,29.1,7.0,0.0,,,,,,,,,,,Matches,,,,,,,,,,,,,,,,,,,,,,,,,,,,,,
2000-2001,Bundesliga,Werder Bremen,Dieter Eilts,de GER,MF,35.0,25.7,2.0,0.0,,,,,,,,,,,Matches,,,,,,,,,,,,,,,,,,,,,,,,,,,,,,
2000-2001,Bundesliga,Werder Bremen,Torsten Frings,de GER,MF,23.0,27.1,12.0,0.0,,,,,,,,,,,Matches,,,,,,,,,,,,,,,,,,,,,,,,,,,,,,
2000-2001,Bundesliga,Werder Bremen,Aílton Gonçalves,br BRA,FW,27.0,26.1,7.0,1.0,,,,,,,,,,,Matches,,,,,,,,,,,,,,,,,,,,,,,,,,,,,,
2000-2001,Bundesliga,Werder Bremen,Marco Bode,de GER,"FW,MF",31.0,25.0,3.0,0.0,,,,,,,,,,,Matches,,,,,,,,,,,,,,,,,,,,,,,,,,,,,,
2000-2001,Bundesliga,Werder Bremen,Fabian Ernst,de GER,MF,21.0,23.4,7.0,1.0,,,,,,,,,,,Matches,,,,,,,,,,,,,,,,,,,,,,,,,,,,,,
2000-2001,Bundesliga,Werder Bremen,Claudio Pizarro,pe PER,FW,21.0,26.5,5.0,0.0,,,,,,,,,,,Matches,,,,,,,,,,,,,,,,,,,,,,,,,,,,,,
2000-2001,Bundesliga,Werder Bremen,Paul Stalteri,ca CAN,"DF,MF",22.0,23.7,4.0,1.0,,,,,,,,,,,Matches,,,,,,,,,,,,,,,,,,,,,,,,,,,,,,
2000-2001,Bundesliga,Werder Bremen,Mladen Krstajić,rs SRB,DF,26.0,22.9,6.0,0.0,,,,,,,,,,,Matches,,,,,,,,,,,,,,,,,,,,,,,,,,,,,,
2000-2001,Bundesliga,Werder Bremen,Frank Verlaat,nl NED,DF,32.0,17.5,7.0,0.0,,,,,,,,,,,Matches,,,,,,,,,,,,,,,,,,,,,,,,,,,,,,
2000-2001,Bundesliga,Werder Bremen,Raphaël Wicky,ch SUI,"DF,MF",23.0,12.9,3.0,0.0,,,,,,,,,,,Matches,,,,,,,,,,,,,,,,,,,,,,,,,,,,,,
2000-2001,Bundesliga,Werder Bremen,Razundara Tjikuzu,na NAM,"DF,MF",20.0,10.5,3.0,0.0,,,,,,,,,,,Matches,,,,,,,,,,,,,,,,,,,,,,,,,,,,,,
2000-2001,Bundesliga,Werder Bremen,Ivica Banović,hr CRO,MF,19.0,8.7,2.0,0.0,,,,,,,,,,,Matches,,,,,,,,,,,,,,,,,,,,,,,,,,,,,,
2000-2001,Bundesliga,Werder Bremen,Viktor Skrypnyk,ua UKR,"DF,MF",30.0,6.8,1.0,0.0,,,,,,,,,,,Matches,,,,,,,,,,,,,,,,,,,,,,,,,,,,,,
2000-2001,Bundesliga,Werder Bremen,Mike Barten,de GER,DF,26.0,6.0,1.0,0.0,,,,,,,,,,,Matches,,,,,,,,,,,,,,,,,,,,,,,,,,,,,,
2000-2001,Bundesliga,Werder Bremen,Rade Bogdanović,rs SRB,FW,30.0,5.4,3.0,0.0,,,,,,,,,,,Matches,,,,,,,,,,,,,,,,,,,,,,,,,,,,,,
2000-2001,Bundesliga,Werder Bremen,Andree Wiedener,de GER,DF,30.0,2.8,1.0,0.0,,,,,,,,,,,Matches,,,,,,,,,,,,,,,,,,,,,,,,,,,,,,
2000-2001,Bundesliga,Werder Bremen,Bernhard Trares,de GER,"DF,MF",34.0,4.5,0.0,0.0,,,,,,,,,,,Matches,,,,,,,,,,,,,,,,,,,,,,,,,,,,,,
2000-2001,Bundesliga,Werder Bremen,Yuriy Maksymov,ua UKR,MF,31.0,2.2,0.0,0.0,,,,,,,,,,,Matches,,,,,,,,,,,,,,,,,,,,,,,,,,,,,,
2000-2001,Bundesliga,Werder Bremen,Björn Schierenbeck,de GER,"DF,MF",26.0,1.0,0.0,0.0,,,,,,,,,,,Matches,,,,,,,,,,,,,,,,,,,,,,,,,,,,,,
2000-2001,Bundesliga,Werder Bremen,Lee Dong-gook,kr KOR,FW,21.0,1.4,0.0,0.0,,,,,,,,,,,Matches,,,,,,,,,,,,,,,,,,,,,,,,,,,,,,
2000-2001,Bundesliga,Werder Bremen,Christoph Dabrowski,de GER,MF,21.0,1.1,1.0,0.0,,,,,,,,,,,Matches,,,,,,,,,,,,,,,,,,,,,,,,,,,,,,
2000-2001,Bundesliga,Werder Bremen,Dirk Flock,de GER,MF,28.0,0.3,0.0,0.0,,,,,,,,,,,Matches,,,,,,,,,,,,,,,,,,,,,,,,,,,,,,
2000-2001,Bundesliga,Werder Bremen,Squad Total,,,26.8,,75.0,3.0,,,,,,,,,,,,,,,,,,,,,,,,,,,,,,,,,,,,,,,,,
2000-2001,Bundesliga,Werder Bremen,Opponent Total,,,27.5,,,,,,,,,,,,,,,,,,,,,,,,,,,,,,,,,,,,,,,,,,,,
2000-2001,Bundesliga,Kaiserslautern,Georg Koch,de GER,GK,28.0,31.0,7.0,0.0,,,,,,,,,,,Matches,,,,,,,,,,,,,,,,,,,,,,,,,,,,,,
2000-2001,Bundesliga,Kaiserslautern,Jeff Strasser,lu LUX,DF,25.0,28.8,7.0,0.0,,,,,,,,,,,Matches,,,,,,,,,,,,,,,,,,,,,,,,,,,,,,
2000-2001,Bundesliga,Kaiserslautern,Marian Hristov,bg BUL,MF,27.0,28.3,10.0,0.0,,,,,,,,,,,Matches,,,,,,,,,,,,,,,,,,,,,,,,,,,,,,
2000-2001,Bundesliga,Kaiserslautern,Harry Koch,de GER,DF,30.0,27.3,7.0,1.0,,,,,,,,,,,Matches,,,,,,,,,,,,,,,,,,,,,,,,,,,,,,
2000-2001,Bundesliga,Kaiserslautern,Hany Ramzy,eg EGY,DF,31.0,24.9,7.0,1.0,,,,,,,,,,,Matches,,,,,,,,,,,,,,,,,,,,,,,,,,,,,,
2000-2001,Bundesliga,Kaiserslautern,Miroslav Klose,de GER,FW,22.0,24.5,4.0,1.0,,,,,,,,,,,Matches,,,,,,,,,,,,,,,,,,,,,,,,,,,,,,
2000-2001,Bundesliga,Kaiserslautern,Vratislav Lokvenc,cz CZE,FW,26.0,22.8,5.0,0.0,,,,,,,,,,,Matches,,,,,,,,,,,,,,,,,,,,,,,,,,,,,,
2000-2001,Bundesliga,Kaiserslautern,Youri Djorkaeff,fr FRA,"FW,MF",32.0,21.8,5.0,0.0,,,,,,,,,,,Matches,,,,,,,,,,,,,,,,,,,,,,,,,,,,,,
2000-2001,Bundesliga,Kaiserslautern,Tomasz Kłos,pl POL,DF,27.0,21.1,5.0,1.0,,,,,,,,,,,Matches,,,,,,,,,,,,,,,,,,,,,,,,,,,,,,
2000-2001,Bundesliga,Kaiserslautern,Mario Basler,de GER,"FW,MF",31.0,19.6,4.0,0.0,,,,,,,,,,,Matches,,,,,,,,,,,,,,,,,,,,,,,,,,,,,,
2000-2001,Bundesliga,Kaiserslautern,Dimitrios Grammozis,gr GRE,MF,22.0,19.5,8.0,1.0,,,,,,,,,,,Matches,,,,,,,,,,,,,,,,,,,,,,,,,,,,,,
2000-2001,Bundesliga,Kaiserslautern,Jörgen Pettersson,se SWE,FW,24.0,18.8,3.0,0.0,,,,,,,,,,,Matches,,,,,,,,,,,,,,,,,,,,,,,,,,,,,,
2000-2001,Bundesliga,Kaiserslautern,Andreas Buck,de GER,MF,32.0,15.3,2.0,0.0,,,,,,,,,,,Matches,,,,,,,,,,,,,,,,,,,,,,,,,,,,,,
2000-2001,Bundesliga,Kaiserslautern,Slobodan Komljenović,rs SRB,DF,29.0,11.6,0.0,0.0,,,,,,,,,,,Matches,,,,,,,,,,,,,,,,,,,,,,,,,,,,,,
2000-2001,Bundesliga,Kaiserslautern,Nenad Bjelica,hr CRO,MF,28.0,9.2,2.0,0.0,,,,,,,,,,,Matches,,,,,,,,,,,,,,,,,,,,,,,,,,,,,,
2000-2001,Bundesliga,Kaiserslautern,Michael Schjønberg,dk DEN,"DF,MF",33.0,8.3,3.0,0.0,,,,,,,,,,,Matches,,,,,,,,,,,,,,,,,,,,,,,,,,,,,,
2000-2001,Bundesliga,Kaiserslautern,Murat Yakin,ch SUI,DF,25.0,7.6,2.0,0.0,,,,,,,,,,,Matches,,,,,,,,,,,,,,,,,,,,,,,,,,,,,,
2000-2001,Bundesliga,Kaiserslautern,Ratinho,br BRA,MF,29.0,7.6,3.0,0.0,,,,,,,,,,,Matches,,,,,,,,,,,,,,,,,,,,,,,,,,,,,,
2000-2001,Bundesliga,Kaiserslautern,José Dominguez,pt POR,MF,26.0,4.2,3.0,0.0,,,,,,,,,,,Matches,,,,,,,,,,,,,,,,,,,,,,,,,,,,,,
2000-2001,Bundesliga,Kaiserslautern,Olaf Marschall,de GER,FW,34.0,4.5,1.0,0.0,,,,,,,,,,,Matches,,,,,,,,,,,,,,,,,,,,,,,,,,,,,,
2000-2001,Bundesliga,Kaiserslautern,Roman Weidenfeller,de GER,GK,19.0,3.0,0.0,0.0,,,,,,,,,,,Matches,,,,,,,,,,,,,,,,,,,,,,,,,,,,,,
2000-2001,Bundesliga,Kaiserslautern,Rainer Hauck,de GER,DF,22.0,1.7,1.0,0.0,,,,,,,,,,,Matches,,,,,,,,,,,,,,,,,,,,,,,,,,,,,,
2000-2001,Bundesliga,Kaiserslautern,Marco Reich,de GER,"FW,MF",22.0,6.4,1.0,0.0,,,,,,,,,,,Matches,,,,,,,,,,,,,,,,,,,,,,,,,,,,,,
2000-2001,Bundesliga,Kaiserslautern,Silvio Adzic,de GER,"FW,MF",19.0,1.8,0.0,0.0,,,,,,,,,,,Matches,,,,,,,,,,,,,,,,,,,,,,,,,,,,,,
2000-2001,Bundesliga,Kaiserslautern,Igli Tare,al ALB,FW,27.0,1.7,0.0,0.0,,,,,,,,,,,Matches,,,,,,,,,,,,,,,,,,,,,,,,,,,,,,
2000-2001,Bundesliga,Kaiserslautern,Rüdiger Ziehl,de GER,MF,22.0,1.6,1.0,0.0,,,,,,,,,,,Matches,,,,,,,,,,,,,,,,,,,,,,,,,,,,,,
2000-2001,Bundesliga,Kaiserslautern,Axel Roos,de GER,"DF,FW",35.0,0.7,1.0,0.0,,,,,,,,,,,Matches,,,,,,,,,,,,,,,,,,,,,,,,,,,,,,
2000-2001,Bundesliga,Kaiserslautern,Marco Toppmöller,de GER,FW,22.0,0.2,0.0,0.0,,,,,,,,,,,Matches,,,,,,,,,,,,,,,,,,,,,,,,,,,,,,
2000-2001,Bundesliga,Kaiserslautern,Marco Stark,de GER,DF,19.0,0.1,0.0,0.0,,,,,,,,,,,Matches,,,,,,,,,,,,,,,,,,,,,,,,,,,,,,
2000-2001,Bundesliga,Kaiserslautern,Squad Total,,,27.9,,88.0,5.0,,,,,,,,,,,,,,,,,,,,,,,,,,,,,,,,,,,,,,,,,
2000-2001,Bundesliga,Kaiserslautern,Opponent Total,,,27.3,,,,,,,,,,,,,,,,,,,,,,,,,,,,,,,,,,,,,,,,,,,,
2000-2001,Bundesliga,Wolfsburg,Claus Reitmaier,de GER,GK,36.0,34.0,1.0,0.0,,,,,,,,,,,Matches,,,,,,,,,,,,,,,,,,,,,,,,,,,,,,
2000-2001,Bundesliga,Wolfsburg,Patrick Weiser,de GER,"DF,MF",28.0,31.2,4.0,0.0,,,,,,,,,,,Matches,,,,,,,,,,,,,,,,,,,,,,,,,,,,,,
2000-2001,Bundesliga,Wolfsburg,Thomas Hengen,de GER,DF,25.0,30.4,2.0,0.0,,,,,,,,,,,Matches,,,,,,,,,,,,,,,,,,,,,,,,,,,,,,
2000-2001,Bundesliga,Wolfsburg,Dietmar Kühbauer,at AUT,MF,29.0,26.0,10.0,0.0,,,,,,,,,,,Matches,,,,,,,,,,,,,,,,,,,,,,,,,,,,,,
2000-2001,Bundesliga,Wolfsburg,Andrzej Juskowiak,pl POL,FW,29.0,25.9,4.0,0.0,,,,,,,,,,,Matches,,,,,,,,,,,,,,,,,,,,,,,,,,,,,,
2000-2001,Bundesliga,Wolfsburg,Charles Akonnor,gh GHA,MF,26.0,25.5,7.0,0.0,,,,,,,,,,,Matches,,,,,,,,,,,,,,,,,,,,,,,,,,,,,,
2000-2001,Bundesliga,Wolfsburg,Waldemar Kryger,pl POL,DF,31.0,22.3,4.0,0.0,,,,,,,,,,,Matches,,,,,,,,,,,,,,,,,,,,,,,,,,,,,,
2000-2001,Bundesliga,Wolfsburg,Zoltán Sebescen,de GER,"DF,MF",24.0,21.5,7.0,0.0,,,,,,,,,,,Matches,,,,,,,,,,,,,,,,,,,,,,,,,,,,,,
2000-2001,Bundesliga,Wolfsburg,Dorinel Munteanu,ro ROU,MF,32.0,17.3,1.0,0.0,,,,,,,,,,,Matches,,,,,,,,,,,,,,,,,,,,,,,,,,,,,,
2000-2001,Bundesliga,Wolfsburg,Frank Greiner,de GER,"DF,MF",34.0,17.2,6.0,0.0,,,,,,,,,,,Matches,,,,,,,,,,,,,,,,,,,,,,,,,,,,,,
2000-2001,Bundesliga,Wolfsburg,Krzysztof Nowak,pl POL,MF,24.0,16.4,3.0,0.0,,,,,,,,,,,Matches,,,,,,,,,,,,,,,,,,,,,,,,,,,,,,
2000-2001,Bundesliga,Wolfsburg,Marino Biliškov,hr CRO,DF,24.0,15.0,3.0,1.0,,,,,,,,,,,Matches,,,,,,,,,,,,,,,,,,,,,,,,,,,,,,
2000-2001,Bundesliga,Wolfsburg,Jonathan Akpoborie,ng NGA,FW,31.0,13.4,3.0,0.0,,,,,,,,,,,Matches,,,,,,,,,,,,,,,,,,,,,,,,,,,,,,
2000-2001,Bundesliga,Wolfsburg,Stefan Schnoor,de GER,DF,29.0,13.4,2.0,0.0,,,,,,,,,,,Matches,,,,,,,,,,,,,,,,,,,,,,,,,,,,,,
2000-2001,Bundesliga,Wolfsburg,Tomislav Marić,hr CRO,FW,27.0,16.6,2.0,0.0,,,,,,,,,,,Matches,,,,,,,,,,,,,,,,,,,,,,,,,,,,,,
2000-2001,Bundesliga,Wolfsburg,Jürgen Rische,de GER,FW,29.0,12.8,1.0,0.0,,,,,,,,,,,Matches,,,,,,,,,,,,,,,,,,,,,,,,,,,,,,
2000-2001,Bundesliga,Wolfsburg,Brian O'Neil,sct SCO,MF,27.0,8.0,2.0,0.0,,,,,,,,,,,Matches,,,,,,,,,,,,,,,,,,,,,,,,,,,,,,
2000-2001,Bundesliga,Wolfsburg,Emeka Ifejiagwa,ng NGA,DF,22.0,7.0,3.0,0.0,,,,,,,,,,,Matches,,,,,,,,,,,,,,,,,,,,,,,,,,,,,,
2000-2001,Bundesliga,Wolfsburg,Marcel Maltritz,de GER,"DF,MF",21.0,5.3,0.0,0.0,,,,,,,,,,,Matches,,,,,,,,,,,,,,,,,,,,,,,,,,,,,,
2000-2001,Bundesliga,Wolfsburg,Claus Thomsen,dk DEN,DF,30.0,4.0,0.0,0.0,,,,,,,,,,,Matches,,,,,,,,,,,,,,,,,,,,,,,,,,,,,,
2000-2001,Bundesliga,Wolfsburg,Sven Müller,de GER,"DF,MF",20.0,7.4,3.0,0.0,,,,,,,,,,,Matches,,,,,,,,,,,,,,,,,,,,,,,,,,,,,,
2000-2001,Bundesliga,Wolfsburg,Andreas Voss,de GER,MF,21.0,2.5,2.0,0.0,,,,,,,,,,,Matches,,,,,,,,,,,,,,,,,,,,,,,,,,,,,,
2000-2001,Bundesliga,Wolfsburg,Martin Wagner,de GER,"DF,MF",32.0,1.3,0.0,0.0,,,,,,,,,,,Matches,,,,,,,,,,,,,,,,,,,,,,,,,,,,,,
2000-2001,Bundesliga,Wolfsburg,Benjamin Siegert,de GER,MF,19.0,0.1,0.0,0.0,,,,,,,,,,,Matches,,,,,,,,,,,,,,,,,,,,,,,,,,,,,,
2000-2001,Bundesliga,Wolfsburg,Joshua Kennedy,au AUS,FW,17.0,0.1,0.0,0.0,,,,,,,,,,,Matches,,,,,,,,,,,,,,,,,,,,,,,,,,,,,,
2000-2001,Bundesliga,Wolfsburg,Squad Total,,,28.8,,71.0,1.0,,,,,,,,,,,,,,,,,,,,,,,,,,,,,,,,,,,,,,,,,
2000-2001,Bundesliga,Wolfsburg,Opponent Total,,,27.4,,,,,,,,,,,,,,,,,,,,,,,,,,,,,,,,,,,,,,,,,,,,
2000-2001,Bundesliga,Köln,Christian Timm,de GER,FW,21.0,31.4,1.0,0.0,,,,,,,,,,,Matches,,,,,,,,,,,,,,,,,,,,,,,,,,,,,,
2000-2001,Bundesliga,Köln,Markus Pröll,de GER,GK,20.0,29.0,1.0,0.0,,,,,,,,,,,Matches,,,,,,,,,,,,,,,,,,,,,,,,,,,,,,
2000-2001,Bundesliga,Köln,Christian Springer,de GER,MF,29.0,28.4,10.0,1.0,,,,,,,,,,,Matches,,,,,,,,,,,,,,,,,,,,,,,,,,,,,,
2000-2001,Bundesliga,Köln,Jens Keller,de GER,DF,29.0,27.8,7.0,1.0,,,,,,,,,,,Matches,,,,,,,,,,,,,,,,,,,,,,,,,,,,,,
2000-2001,Bundesliga,Köln,Dirk Lottner,de GER,"DF,MF",28.0,27.0,4.0,1.0,,,,,,,,,,,Matches,,,,,,,,,,,,,,,,,,,,,,,,,,,,,,
2000-2001,Bundesliga,Köln,Matthias Scherz,de GER,FW,28.0,26.6,4.0,0.0,,,,,,,,,,,Matches,,,,,,,,,,,,,,,,,,,,,,,,,,,,,,
2000-2001,Bundesliga,Köln,Carsten Cullmann,de GER,DF,24.0,25.0,4.0,0.0,,,,,,,,,,,Matches,,,,,,,,,,,,,,,,,,,,,,,,,,,,,,
2000-2001,Bundesliga,Köln,Moses Sichone,zm ZAM,DF,23.0,23.8,8.0,2.0,,,,,,,,,,,Matches,,,,,,,,,,,,,,,,,,,,,,,,,,,,,,
2000-2001,Bundesliga,Köln,Alexander Voigt,de GER,DF,22.0,23.6,9.0,1.0,,,,,,,,,,,Matches,,,,,,,,,,,,,,,,,,,,,,,,,,,,,,
2000-2001,Bundesliga,Köln,Thomas Cichon,de GER,DF,24.0,21.3,5.0,0.0,,,,,,,,,,,Matches,,,,,,,,,,,,,,,,,,,,,,,,,,,,,,
2000-2001,Bundesliga,Köln,Janosch Dziwior,de GER,"DF,MF",25.0,20.5,6.0,0.0,,,,,,,,,,,Matches,,,,,,,,,,,,,,,,,,,,,,,,,,,,,,
2000-2001,Bundesliga,Köln,Markus Kurth,de GER,FW,27.0,18.1,7.0,0.0,,,,,,,,,,,Matches,,,,,,,,,,,,,,,,,,,,,,,,,,,,,,
2000-2001,Bundesliga,Köln,Markus Kreuz,de GER,MF,23.0,17.6,1.0,0.0,,,,,,,,,,,Matches,,,,,,,,,,,,,,,,,,,,,,,,,,,,,,
2000-2001,Bundesliga,Köln,Archil Arveladze,ge GEO,FW,27.0,14.4,1.0,0.0,,,,,,,,,,,Matches,,,,,,,,,,,,,,,,,,,,,,,,,,,,,,
2000-2001,Bundesliga,Köln,Spasoje Bulajič,si SVN,DF,24.0,9.6,2.0,0.0,,,,,,,,,,,Matches,,,,,,,,,,,,,,,,,,,,,,,,,,,,,,
2000-2001,Bundesliga,Köln,Miroslav Baranek,cz CZE,MF,26.0,7.0,1.0,1.0,,,,,,,,,,,Matches,,,,,,,,,,,,,,,,,,,,,,,,,,,,,,
2000-2001,Bundesliga,Köln,Ralf Hauptmann,dd GDR,"DF,MF",31.0,6.5,1.0,0.0,,,,,,,,,,,Matches,,,,,,,,,,,,,,,,,,,,,,,,,,,,,,
2000-2001,Bundesliga,Köln,Alexander Bade,de GER,GK,29.0,5.0,0.0,0.0,,,,,,,,,,,Matches,,,,,,,,,,,,,,,,,,,,,,,,,,,,,,
2000-2001,Bundesliga,Köln,Andrew Sinkala,zm ZAM,MF,21.0,4.6,1.0,0.0,,,,,,,,,,,Matches,,,,,,,,,,,,,,,,,,,,,,,,,,,,,,
2000-2001,Bundesliga,Köln,Georgi Donkov,bg BUL,FW,30.0,3.2,0.0,0.0,,,,,,,,,,,Matches,,,,,,,,,,,,,,,,,,,,,,,,,,,,,,
2000-2001,Bundesliga,Köln,Ivan Vukomanović,rs SRB,MF,23.0,0.7,0.0,0.0,,,,,,,,,,,Matches,,,,,,,,,,,,,,,,,,,,,,,,,,,,,,
2000-2001,Bundesliga,Köln,Darko Pivaljević,rs SRB,FW,25.0,1.4,1.0,0.0,,,,,,,,,,,Matches,,,,,,,,,,,,,,,,,,,,,,,,,,,,,,
2000-2001,Bundesliga,Köln,Markus Dworrak,de GER,"FW,MF",22.0,0.3,0.0,0.0,,,,,,,,,,,Matches,,,,,,,,,,,,,,,,,,,,,,,,,,,,,,
2000-2001,Bundesliga,Köln,Alassane Ouédraogo,bf BFA,MF,19.0,0.3,0.0,0.0,,,,,,,,,,,Matches,,,,,,,,,,,,,,,,,,,,,,,,,,,,,,
2000-2001,Bundesliga,Köln,Claus-Dieter Wollitz,de GER,MF,35.0,0.3,0.0,0.0,,,,,,,,,,,Matches,,,,,,,,,,,,,,,,,,,,,,,,,,,,,,
2000-2001,Bundesliga,Köln,Ivica Grlić,ba BIH,MF,24.0,0.0,0.0,0.0,,,,,,,,,,,Matches,,,,,,,,,,,,,,,,,,,,,,,,,,,,,,
2000-2001,Bundesliga,Köln,Squad Total,,,25.5,,66.0,7.0,,,,,,,,,,,,,,,,,,,,,,,,,,,,,,,,,,,,,,,,,
2000-2001,Bundesliga,Köln,Opponent Total,,,27.6,,,,,,,,,,,,,,,,,,,,,,,,,,,,,,,,,,,,,,,,,,,,
2000-2001,Bundesliga,1860 Munich,Thomas Häßler,de GER,MF,34.0,30.7,4.0,0.0,,,,,,,,,,,Matches,,,,,,,,,,,,,,,,,,,,,,,,,,,,,,
2000-2001,Bundesliga,1860 Munich,Martin Max,de GER,FW,31.0,28.5,6.0,0.0,,,,,,,,,,,Matches,,,,,,,,,,,,,,,,,,,,,,,,,,,,,,
2000-2001,Bundesliga,1860 Munich,Ned Zelić,au AUS,"DF,MF",29.0,23.8,6.0,0.0,,,,,,,,,,,Matches,,,,,,,,,,,,,,,,,,,,,,,,,,,,,,
2000-2001,Bundesliga,1860 Munich,Simon Jentzsch,de GER,GK,24.0,26.7,0.0,0.0,,,,,,,,,,,Matches,,,,,,,,,,,,,,,,,,,,,,,,,,,,,,
2000-2001,Bundesliga,1860 Munich,Marco Kurz,de GER,DF,31.0,21.8,7.0,0.0,,,,,,,,,,,Matches,,,,,,,,,,,,,,,,,,,,,,,,,,,,,,
2000-2001,Bundesliga,1860 Munich,Harald Cerny,at AUT,MF,26.0,21.8,3.0,1.0,,,,,,,,,,,Matches,,,,,,,,,,,,,,,,,,,,,,,,,,,,,,
2000-2001,Bundesliga,1860 Munich,Martin Stranzl,at AUT,"DF,MF",20.0,19.6,7.0,2.0,,,,,,,,,,,Matches,,,,,,,,,,,,,,,,,,,,,,,,,,,,,,
2000-2001,Bundesliga,1860 Munich,Daniel Bierofka,de GER,MF,21.0,19.6,6.0,0.0,,,,,,,,,,,Matches,,,,,,,,,,,,,,,,,,,,,,,,,,,,,,
2000-2001,Bundesliga,1860 Munich,Vidar Riseth,no NOR,"DF,MF",28.0,19.5,4.0,1.0,,,,,,,,,,,Matches,,,,,,,,,,,,,,,,,,,,,,,,,,,,,,
2000-2001,Bundesliga,1860 Munich,Erik Mykland,no NOR,"DF,MF",29.0,18.1,5.0,0.0,,,,,,,,,,,Matches,,,,,,,,,,,,,,,,,,,,,,,,,,,,,,
2000-2001,Bundesliga,1860 Munich,Paul Agostino,au AUS,FW,25.0,19.3,2.0,0.0,,,,,,,,,,,Matches,,,,,,,,,,,,,,,,,,,,,,,,,,,,,,
2000-2001,Bundesliga,1860 Munich,Torben Hoffmann,de GER,DF,25.0,17.6,1.0,0.0,,,,,,,,,,,Matches,,,,,,,,,,,,,,,,,,,,,,,,,,,,,,
2000-2001,Bundesliga,1860 Munich,Roman Týce,cz CZE,"DF,MF",23.0,18.5,3.0,0.0,,,,,,,,,,,Matches,,,,,,,,,,,,,,,,,,,,,,,,,,,,,,
2000-2001,Bundesliga,1860 Munich,Daniel Borimirov,bg BUL,MF,30.0,18.0,10.0,1.0,,,,,,,,,,,Matches,,,,,,,,,,,,,,,,,,,,,,,,,,,,,,
2000-2001,Bundesliga,1860 Munich,Markus Schroth,de GER,FW,25.0,11.5,1.0,0.0,,,,,,,,,,,Matches,,,,,,,,,,,,,,,,,,,,,,,,,,,,,,
2000-2001,Bundesliga,1860 Munich,Michael Hofmann,de GER,GK,27.0,7.3,0.0,0.0,,,,,,,,,,,Matches,,,,,,,,,,,,,,,,,,,,,,,,,,,,,,
2000-2001,Bundesliga,1860 Munich,Markus Beierle,de GER,FW,28.0,9.6,3.0,0.0,,,,,,,,,,,Matches,,,,,,,,,,,,,,,,,,,,,,,,,,,,,,
2000-2001,Bundesliga,1860 Munich,Stephan Paßlack,de GER,DF,29.0,5.9,1.0,0.0,,,,,,,,,,,Matches,,,,,,,,,,,,,,,,,,,,,,,,,,,,,,
2000-2001,Bundesliga,1860 Munich,Tomáš Votava,cz CZE,DF,26.0,5.1,0.0,0.0,,,,,,,,,,,Matches,,,,,,,,,,,,,,,,,,,,,,,,,,,,,,
2000-2001,Bundesliga,1860 Munich,Thomas Riedl,de GER,"DF,MF",24.0,6.7,4.0,0.0,,,,,,,,,,,Matches,,,,,,,,,,,,,,,,,,,,,,,,,,,,,,
2000-2001,Bundesliga,1860 Munich,Filip Tapalović,hr CRO,MF,23.0,6.2,2.0,0.0,,,,,,,,,,,Matches,,,,,,,,,,,,,,,,,,,,,,,,,,,,,,
2000-2001,Bundesliga,1860 Munich,Uwe Ehlers,de GER,DF,25.0,9.3,3.0,0.0,,,,,,,,,,,Matches,,,,,,,,,,,,,,,,,,,,,,,,,,,,,,
2000-2001,Bundesliga,1860 Munich,Achim Pfuderer,de GER,DF,24.0,4.6,1.0,0.0,,,,,,,,,,,Matches,,,,,,,,,,,,,,,,,,,,,,,,,,,,,,
2000-2001,Bundesliga,1860 Munich,Bernhard Winkler,de GER,FW,34.0,3.2,1.0,0.0,,,,,,,,,,,Matches,,,,,,,,,,,,,,,,,,,,,,,,,,,,,,
2000-2001,Bundesliga,1860 Munich,Marcus Pürk,at AUT,"FW,MF",25.0,2.9,0.0,0.0,,,,,,,,,,,Matches,,,,,,,,,,,,,,,,,,,,,,,,,,,,,,
2000-2001,Bundesliga,1860 Munich,Holger Greilich,de GER,DF,29.0,1.5,0.0,0.0,,,,,,,,,,,Matches,,,,,,,,,,,,,,,,,,,,,,,,,,,,,,
2000-2001,Bundesliga,1860 Munich,Squad Total,,,27.4,,74.0,5.0,,,,,,,,,,,,,,,,,,,,,,,,,,,,,,,,,,,,,,,,,
2000-2001,Bundesliga,1860 Munich,Opponent Total,,,27.5,,,,,,,,,,,,,,,,,,,,,,,,,,,,,,,,,,,,,,,,,,,,
2000-2001,Bundesliga,Hansa Rostock,Andreas Jakobsson,se SWE,"DF,MF",27.0,34.0,2.0,0.0,,,,,,,,,,,Matches,,,,,,,,,,,,,,,,,,,,,,,,,,,,,,
2000-2001,Bundesliga,Hansa Rostock,Martin Pieckenhagen,de GER,GK,28.0,34.0,1.0,0.0,,,,,,,,,,,Matches,,,,,,,,,,,,,,,,,,,,,,,,,,,,,,
2000-2001,Bundesliga,Hansa Rostock,Peter Wibrån,se SWE,MF,30.0,29.8,3.0,1.0,,,,,,,,,,,Matches,,,,,,,,,,,,,,,,,,,,,,,,,,,,,,
2000-2001,Bundesliga,Hansa Rostock,René Rydlewicz,de GER,"FW,MF",27.0,29.9,12.0,0.0,,,,,,,,,,,Matches,,,,,,,,,,,,,,,,,,,,,,,,,,,,,,
2000-2001,Bundesliga,Hansa Rostock,Rayk Schröder,de GER,DF,25.0,27.4,5.0,1.0,,,,,,,,,,,Matches,,,,,,,,,,,,,,,,,,,,,,,,,,,,,,
2000-2001,Bundesliga,Hansa Rostock,Marcus Lantz,se SWE,MF,24.0,25.2,11.0,1.0,,,,,,,,,,,Matches,,,,,,,,,,,,,,,,,,,,,,,,,,,,,,
2000-2001,Bundesliga,Hansa Rostock,Mohamed Emara,eg EGY,"DF,MF",26.0,21.2,3.0,0.0,,,,,,,,,,,Matches,,,,,,,,,,,,,,,,,,,,,,,,,,,,,,
2000-2001,Bundesliga,Hansa Rostock,Kai Oswald,de GER,DF,22.0,21.6,4.0,1.0,,,,,,,,,,,Matches,,,,,,,,,,,,,,,,,,,,,,,,,,,,,,
2000-2001,Bundesliga,Hansa Rostock,Magnus Arvidsson,se SWE,FW,27.0,21.3,3.0,0.0,,,,,,,,,,,Matches,,,,,,,,,,,,,,,,,,,,,,,,,,,,,,
2000-2001,Bundesliga,Hansa Rostock,Victor Agali,ng NGA,FW,21.0,20.6,9.0,1.0,,,,,,,,,,,Matches,,,,,,,,,,,,,,,,,,,,,,,,,,,,,,
2000-2001,Bundesliga,Hansa Rostock,Steffen Baumgart,de GER,FW,28.0,18.9,5.0,0.0,,,,,,,,,,,Matches,,,,,,,,,,,,,,,,,,,,,,,,,,,,,,
2000-2001,Bundesliga,Hansa Rostock,Christian Brand,de GER,MF,28.0,15.2,3.0,0.0,,,,,,,,,,,Matches,,,,,,,,,,,,,,,,,,,,,,,,,,,,,,
2000-2001,Bundesliga,Hansa Rostock,Sven Benken,de GER,"DF,MF",30.0,16.1,7.0,2.0,,,,,,,,,,,Matches,,,,,,,,,,,,,,,,,,,,,,,,,,,,,,
2000-2001,Bundesliga,Hansa Rostock,Sławomir Majak,pl POL,"FW,MF",31.0,14.2,5.0,1.0,,,,,,,,,,,Matches,,,,,,,,,,,,,,,,,,,,,,,,,,,,,,
2000-2001,Bundesliga,Hansa Rostock,Yasser Radwan,eg EGY,"DF,MF",28.0,10.7,4.0,1.0,,,,,,,,,,,Matches,,,,,,,,,,,,,,,,,,,,,,,,,,,,,,
2000-2001,Bundesliga,Hansa Rostock,Bachirou Salou,tg TOG,FW,29.0,10.3,1.0,0.0,,,,,,,,,,,Matches,,,,,,,,,,,,,,,,,,,,,,,,,,,,,,
2000-2001,Bundesliga,Hansa Rostock,Timo Lange,de GER,MF,32.0,8.2,3.0,0.0,,,,,,,,,,,Matches,,,,,,,,,,,,,,,,,,,,,,,,,,,,,,
2000-2001,Bundesliga,Hansa Rostock,Marco Zallmann,de GER,DF,32.0,5.8,1.0,0.0,,,,,,,,,,,Matches,,,,,,,,,,,,,,,,,,,,,,,,,,,,,,
2000-2001,Bundesliga,Hansa Rostock,Matthias Breitkreutz,de GER,MF,29.0,4.2,1.0,0.0,,,,,,,,,,,Matches,,,,,,,,,,,,,,,,,,,,,,,,,,,,,,
2000-2001,Bundesliga,Hansa Rostock,Kreso Kovacec,de GER,FW,31.0,2.9,0.0,0.0,,,,,,,,,,,Matches,,,,,,,,,,,,,,,,,,,,,,,,,,,,,,
2000-2001,Bundesliga,Hansa Rostock,René Schneider,de GER,DF,27.0,0.9,1.0,0.0,,,,,,,,,,,Matches,,,,,,,,,,,,,,,,,,,,,,,,,,,,,,
2000-2001,Bundesliga,Hansa Rostock,Abdelaziz Ahanfouf,ma MAR,FW,22.0,0.7,1.0,1.0,,,,,,,,,,,Matches,,,,,,,,,,,,,,,,,,,,,,,,,,,,,,
2000-2001,Bundesliga,Hansa Rostock,Hilmar Weilandt,de GER,"DF,MF",33.0,0.3,0.0,0.0,,,,,,,,,,,Matches,,,,,,,,,,,,,,,,,,,,,,,,,,,,,,
2000-2001,Bundesliga,Hansa Rostock,Henri Fuchs,de GER,FW,30.0,0.2,0.0,0.0,,,,,,,,,,,Matches,,,,,,,,,,,,,,,,,,,,,,,,,,,,,,
2000-2001,Bundesliga,Hansa Rostock,Squad Total,,,27.5,,71.0,10.0,,,,,,,,,,,,,,,,,,,,,,,,,,,,,,,,,,,,,,,,,
2000-2001,Bundesliga,Hansa Rostock,Opponent Total,,,27.5,,,,,,,,,,,,,,,,,,,,,,,,,,,,,,,,,,,,,,,,,,,,
2000-2001,Bundesliga,Hamburger SV,Hans-Jörg Butt,de GER,GK,26.0,31.1,0.0,0.0,,,,,,,,,,,Matches,,,,,,,,,,,,,,,,,,,,,,,,,,,,,,
2000-2001,Bundesliga,Hamburger SV,Nico-Jan Hoogma,nl NED,DF,31.0,30.2,4.0,0.0,,,,,,,,,,,Matches,,,,,,,,,,,,,,,,,,,,,,,,,,,,,,
2000-2001,Bundesliga,Hamburger SV,Sergej Barbarez,ba BIH,"FW,MF",28.0,27.7,13.0,2.0,,,,,,,,,,,Matches,,,,,,,,,,,,,,,,,,,,,,,,,,,,,,
2000-2001,Bundesliga,Hamburger SV,Bernd Hollerbach,de GER,"DF,MF",30.0,24.5,16.0,1.0,,,,,,,,,,,Matches,,,,,,,,,,,,,,,,,,,,,,,,,,,,,,
2000-2001,Bundesliga,Hamburger SV,Mehdi Mahdavikia,ir IRN,"DF,MF",23.0,25.2,1.0,0.0,,,,,,,,,,,Matches,,,,,,,,,,,,,,,,,,,,,,,,,,,,,,
2000-2001,Bundesliga,Hamburger SV,Stig Tøfting,dk DEN,MF,30.0,24.6,7.0,0.0,,,,,,,,,,,Matches,,,,,,,,,,,,,,,,,,,,,,,,,,,,,,
2000-2001,Bundesliga,Hamburger SV,Niko Kovač,hr CRO,MF,28.0,23.8,9.0,0.0,,,,,,,,,,,Matches,,,,,,,,,,,,,,,,,,,,,,,,,,,,,,
2000-2001,Bundesliga,Hamburger SV,Andrej Panadić,yu YUG,DF,31.0,22.4,8.0,1.0,,,,,,,,,,,Matches,,,,,,,,,,,,,,,,,,,,,,,,,,,,,,
2000-2001,Bundesliga,Hamburger SV,Ingo Hertzsch,de GER,DF,23.0,24.6,4.0,0.0,,,,,,,,,,,Matches,,,,,,,,,,,,,,,,,,,,,,,,,,,,,,
2000-2001,Bundesliga,Hamburger SV,Roy Präger,de GER,FW,28.0,20.2,3.0,0.0,,,,,,,,,,,Matches,,,,,,,,,,,,,,,,,,,,,,,,,,,,,,
2000-2001,Bundesliga,Hamburger SV,Tomáš Ujfaluši,cz CZE,DF,22.0,18.6,4.0,0.0,,,,,,,,,,,Matches,,,,,,,,,,,,,,,,,,,,,,,,,,,,,,
2000-2001,Bundesliga,Hamburger SV,Marek Heinz,cz CZE,"FW,MF",22.0,18.5,4.0,0.0,,,,,,,,,,,Matches,,,,,,,,,,,,,,,,,,,,,,,,,,,,,,
2000-2001,Bundesliga,Hamburger SV,Tony Yeboah,gh GHA,FW,34.0,10.4,0.0,0.0,,,,,,,,,,,Matches,,,,,,,,,,,,,,,,,,,,,,,,,,,,,,
2000-2001,Bundesliga,Hamburger SV,Martin Groth,de GER,MF,30.0,9.3,2.0,0.0,,,,,,,,,,,Matches,,,,,,,,,,,,,,,,,,,,,,,,,,,,,,
2000-2001,Bundesliga,Hamburger SV,Marcel Ketelaer,de GER,"FW,MF",22.0,9.2,2.0,0.0,,,,,,,,,,,Matches,,,,,,,,,,,,,,,,,,,,,,,,,,,,,,
2000-2001,Bundesliga,Hamburger SV,Erik Meijer,nl NED,FW,30.0,9.7,4.0,0.0,,,,,,,,,,,Matches,,,,,,,,,,,,,,,,,,,,,,,,,,,,,,
2000-2001,Bundesliga,Hamburger SV,Rodolfo Cardoso,ar ARG,MF,31.0,6.6,1.0,1.0,,,,,,,,,,,Matches,,,,,,,,,,,,,,,,,,,,,,,,,,,,,,
2000-2001,Bundesliga,Hamburger SV,Jochen Kientz,de GER,DF,27.0,8.2,1.0,0.0,,,,,,,,,,,Matches,,,,,,,,,,,,,,,,,,,,,,,,,,,,,,
2000-2001,Bundesliga,Hamburger SV,Milan Fukal,cz CZE,"DF,MF",25.0,7.0,5.0,0.0,,,,,,,,,,,Matches,,,,,,,,,,,,,,,,,,,,,,,,,,,,,,
2000-2001,Bundesliga,Hamburger SV,Marinus Bester,de GER,FW,31.0,4.3,0.0,0.0,,,,,,,,,,,Matches,,,,,,,,,,,,,,,,,,,,,,,,,,,,,,
2000-2001,Bundesliga,Hamburger SV,Jan Sandmann,de GER,DF,22.0,3.1,0.0,0.0,,,,,,,,,,,Matches,,,,,,,,,,,,,,,,,,,,,,,,,,,,,,
2000-2001,Bundesliga,Hamburger SV,Andreas Fischer,de GER,"DF,MF",35.0,3.6,1.0,0.0,,,,,,,,,,,Matches,,,,,,,,,,,,,,,,,,,,,,,,,,,,,,
2000-2001,Bundesliga,Hamburger SV,Mathias Schober,de GER,GK,24.0,2.9,0.0,0.0,,,,,,,,,,,Matches,,,,,,,,,,,,,,,,,,,,,,,,,,,,,,
2000-2001,Bundesliga,Hamburger SV,Ronald Maul,de GER,MF,27.0,1.8,0.0,0.0,,,,,,,,,,,Matches,,,,,,,,,,,,,,,,,,,,,,,,,,,,,,
2000-2001,Bundesliga,Hamburger SV,Mahmut Yılmaz,de GER,FW,20.0,2.8,0.0,0.0,,,,,,,,,,,Matches,,,,,,,,,,,,,,,,,,,,,,,,,,,,,,
2000-2001,Bundesliga,Hamburger SV,Thomas Doll,de GER,"FW,MF",34.0,1.1,0.0,0.0,,,,,,,,,,,Matches,,,,,,,,,,,,,,,,,,,,,,,,,,,,,,
2000-2001,Bundesliga,Hamburger SV,Harald Spörl,de GER,MF,33.0,0.6,0.0,0.0,,,,,,,,,,,Matches,,,,,,,,,,,,,,,,,,,,,,,,,,,,,,
2000-2001,Bundesliga,Hamburger SV,Benjamin Kruse,de GER,DF,22.0,0.6,0.0,0.0,,,,,,,,,,,Matches,,,,,,,,,,,,,,,,,,,,,,,,,,,,,,
2000-2001,Bundesliga,Hamburger SV,Vahid Hashemian,ir IRN,"FW,MF",24.0,0.2,0.0,1.0,,,,,,,,,,,Matches,,,,,,,,,,,,,,,,,,,,,,,,,,,,,,
2000-2001,Bundesliga,Hamburger SV,Squad Total,,,27.9,,84.0,6.0,,,,,,,,,,,,,,,,,,,,,,,,,,,,,,,,,,,,,,,,,
2000-2001,Bundesliga,Hamburger SV,Opponent Total,,,27.3,,,,,,,,,,,,,,,,,,,,,,,,,,,,,,,,,,,,,,,,,,,,
2000-2001,Bundesliga,Energie Cottbus,Tomislav Piplica,ba BIH,GK,31.0,34.0,1.0,0.0,,,,,,,,,,,Matches,,,,,,,,,,,,,,,,,,,,,,,,,,,,,,
2000-2001,Bundesliga,Energie Cottbus,Bruno Akrapović,ba BIH,MF,32.0,29.1,5.0,0.0,,,,,,,,,,,Matches,,,,,,,,,,,,,,,,,,,,,,,,,,,,,,
2000-2001,Bundesliga,Energie Cottbus,Vasile Miriuță,hu HUN,MF,31.0,29.0,4.0,1.0,,,,,,,,,,,Matches,,,,,,,,,,,,,,,,,,,,,,,,,,,,,,
2000-2001,Bundesliga,Energie Cottbus,Rudi Vata,al ALB,"DF,MF",31.0,27.5,8.0,0.0,,,,,,,,,,,Matches,,,,,,,,,,,,,,,,,,,,,,,,,,,,,,
2000-2001,Bundesliga,Energie Cottbus,Laurențiu Reghecampf,ro ROU,MF,24.0,24.2,6.0,0.0,,,,,,,,,,,Matches,,,,,,,,,,,,,,,,,,,,,,,,,,,,,,
2000-2001,Bundesliga,Energie Cottbus,Faruk Hujdurović,ba BIH,DF,30.0,23.9,9.0,1.0,,,,,,,,,,,Matches,,,,,,,,,,,,,,,,,,,,,,,,,,,,,,
2000-2001,Bundesliga,Energie Cottbus,Sebastian Helbig,de GER,"FW,MF",23.0,23.4,8.0,0.0,,,,,,,,,,,Matches,,,,,,,,,,,,,,,,,,,,,,,,,,,,,,
2000-2001,Bundesliga,Energie Cottbus,Vilmos Sebők,hu HUN,DF,27.0,23.2,7.0,0.0,,,,,,,,,,,Matches,,,,,,,,,,,,,,,,,,,,,,,,,,,,,,
2000-2001,Bundesliga,Energie Cottbus,Antun Labak,hr CRO,FW,30.0,19.0,2.0,0.0,,,,,,,,,,,Matches,,,,,,,,,,,,,,,,,,,,,,,,,,,,,,
2000-2001,Bundesliga,Energie Cottbus,János Mátyus,hu HUN,DF,25.0,19.0,3.0,0.0,,,,,,,,,,,Matches,,,,,,,,,,,,,,,,,,,,,,,,,,,,,,
2000-2001,Bundesliga,Energie Cottbus,Andrzej Kobylański,pl POL,"FW,MF",30.0,19.8,4.0,0.0,,,,,,,,,,,Matches,,,,,,,,,,,,,,,,,,,,,,,,,,,,,,
2000-2001,Bundesliga,Energie Cottbus,Moussa Latoundji,bj BEN,MF,21.0,17.0,3.0,0.0,,,,,,,,,,,Matches,,,,,,,,,,,,,,,,,,,,,,,,,,,,,,
2000-2001,Bundesliga,Energie Cottbus,Christian Beeck,de GER,DF,28.0,15.3,3.0,0.0,,,,,,,,,,,Matches,,,,,,,,,,,,,,,,,,,,,,,,,,,,,,
2000-2001,Bundesliga,Energie Cottbus,Ronny Thielemann,de GER,MF,26.0,14.7,5.0,0.0,,,,,,,,,,,Matches,,,,,,,,,,,,,,,,,,,,,,,,,,,,,,
2000-2001,Bundesliga,Energie Cottbus,Franklin,br BRA,FW,31.0,14.6,5.0,0.0,,,,,,,,,,,Matches,,,,,,,,,,,,,,,,,,,,,,,,,,,,,,
2000-2001,Bundesliga,Energie Cottbus,Jörg Scherbe,de GER,MF,22.0,14.4,3.0,0.0,,,,,,,,,,,Matches,,,,,,,,,,,,,,,,,,,,,,,,,,,,,,
2000-2001,Bundesliga,Energie Cottbus,Toni Mičevski,mk MKD,MF,30.0,10.5,1.0,0.0,,,,,,,,,,,Matches,,,,,,,,,,,,,,,,,,,,,,,,,,,,,,
2000-2001,Bundesliga,Energie Cottbus,Tsanko Tsvetanov,bg BUL,DF,30.0,3.9,1.0,0.0,,,,,,,,,,,Matches,,,,,,,,,,,,,,,,,,,,,,,,,,,,,,
2000-2001,Bundesliga,Energie Cottbus,Ferenc Horváth,hu HUN,FW,27.0,3.3,0.0,0.0,,,,,,,,,,,Matches,,,,,,,,,,,,,,,,,,,,,,,,,,,,,,
2000-2001,Bundesliga,Energie Cottbus,Sabin Ilie,ro ROU,FW,25.0,3.1,0.0,0.0,,,,,,,,,,,Matches,,,,,,,,,,,,,,,,,,,,,,,,,,,,,,
2000-2001,Bundesliga,Energie Cottbus,Witold Wawrzyczek,pl POL,"DF,MF",27.0,2.3,0.0,0.0,,,,,,,,,,,Matches,,,,,,,,,,,,,,,,,,,,,,,,,,,,,,
2000-2001,Bundesliga,Energie Cottbus,Kevin McKenna,ca CAN,"DF,FW",20.0,0.9,1.0,0.0,,,,,,,,,,,Matches,,,,,,,,,,,,,,,,,,,,,,,,,,,,,,
2000-2001,Bundesliga,Energie Cottbus,Steffen Heidrich,de GER,MF,33.0,0.8,0.0,0.0,,,,,,,,,,,Matches,,,,,,,,,,,,,,,,,,,,,,,,,,,,,,
2000-2001,Bundesliga,Energie Cottbus,Jonny Rödlund,se SWE,MF,28.0,1.6,0.0,0.0,,,,,,,,,,,Matches,,,,,,,,,,,,,,,,,,,,,,,,,,,,,,
2000-2001,Bundesliga,Energie Cottbus,Squad Total,,,28.6,,77.0,1.0,,,,,,,,,,,,,,,,,,,,,,,,,,,,,,,,,,,,,,,,,
2000-2001,Bundesliga,Energie Cottbus,Opponent Total,,,27.3,,,,,,,,,,,,,,,,,,,,,,,,,,,,,,,,,,,,,,,,,,,,
2000-2001,Bundesliga,Stuttgart,Timo Hildebrand,de GER,GK,21.0,32.0,4.0,0.0,,,,,,,,,,,Matches,,,,,,,,,,,,,,,,,,,,,,,,,,,,,,
2000-2001,Bundesliga,Stuttgart,Pablo Thiam,gn GUI,"DF,MF",26.0,27.7,4.0,0.0,,,,,,,,,,,Matches,,,,,,,,,,,,,,,,,,,,,,,,,,,,,,
2000-2001,Bundesliga,Stuttgart,Zvonimir Soldo,hr CRO,"DF,MF",32.0,26.8,6.0,0.0,,,,,,,,,,,Matches,,,,,,,,,,,,,,,,,,,,,,,,,,,,,,
2000-2001,Bundesliga,Stuttgart,Marcelo Bordon,br BRA,DF,24.0,25.7,2.0,0.0,,,,,,,,,,,Matches,,,,,,,,,,,,,,,,,,,,,,,,,,,,,,
2000-2001,Bundesliga,Stuttgart,Krasimir Balakov,bg BUL,MF,34.0,25.9,5.0,2.0,,,,,,,,,,,Matches,,,,,,,,,,,,,,,,,,,,,,,,,,,,,,
2000-2001,Bundesliga,Stuttgart,Ionel Ganea,ro ROU,FW,26.0,21.8,6.0,0.0,,,,,,,,,,,Matches,,,,,,,,,,,,,,,,,,,,,,,,,,,,,,
2000-2001,Bundesliga,Stuttgart,Sean Dundee,de GER,FW,27.0,24.3,0.0,0.0,,,,,,,,,,,Matches,,,,,,,,,,,,,,,,,,,,,,,,,,,,,,
2000-2001,Bundesliga,Stuttgart,Bradley Carnell,za RSA,"DF,MF",23.0,17.9,2.0,0.0,,,,,,,,,,,Matches,,,,,,,,,,,,,,,,,,,,,,,,,,,,,,
2000-2001,Bundesliga,Stuttgart,Heiko Gerber,de GER,"DF,MF",28.0,17.2,4.0,0.0,,,,,,,,,,,Matches,,,,,,,,,,,,,,,,,,,,,,,,,,,,,,
2000-2001,Bundesliga,Stuttgart,Krisztián Lisztes,hu HUN,MF,24.0,17.8,6.0,1.0,,,,,,,,,,,Matches,,,,,,,,,,,,,,,,,,,,,,,,,,,,,,
2000-2001,Bundesliga,Stuttgart,Silvio Meißner,de GER,MF,27.0,15.7,3.0,0.0,,,,,,,,,,,Matches,,,,,,,,,,,,,,,,,,,,,,,,,,,,,,
2000-2001,Bundesliga,Stuttgart,Thomas Schneider,de GER,DF,27.0,14.7,2.0,0.0,,,,,,,,,,,Matches,,,,,,,,,,,,,,,,,,,,,,,,,,,,,,
2000-2001,Bundesliga,Stuttgart,Roberto Pinto,pt POR,MF,21.0,14.9,1.0,0.0,,,,,,,,,,,Matches,,,,,,,,,,,,,,,,,,,,,,,,,,,,,,
2000-2001,Bundesliga,Stuttgart,Jochen Seitz,de GER,"DF,MF",23.0,13.6,3.0,0.0,,,,,,,,,,,Matches,,,,,,,,,,,,,,,,,,,,,,,,,,,,,,
2000-2001,Bundesliga,Stuttgart,Jens Todt,de GER,"DF,MF",30.0,11.4,5.0,0.0,,,,,,,,,,,Matches,,,,,,,,,,,,,,,,,,,,,,,,,,,,,,
2000-2001,Bundesliga,Stuttgart,Rui Marques,ao ANG,DF,22.0,10.5,2.0,0.0,,,,,,,,,,,Matches,,,,,,,,,,,,,,,,,,,,,,,,,,,,,,
2000-2001,Bundesliga,Stuttgart,Rüdiger Kauf,de GER,MF,25.0,9.0,1.0,0.0,,,,,,,,,,,Matches,,,,,,,,,,,,,,,,,,,,,,,,,,,,,,
2000-2001,Bundesliga,Stuttgart,Adhemar,br BRA,FW,28.0,7.3,4.0,0.0,,,,,,,,,,,Matches,,,,,,,,,,,,,,,,,,,,,,,,,,,,,,
2000-2001,Bundesliga,Stuttgart,Timo Wenzel,de GER,DF,22.0,7.0,0.0,0.0,,,,,,,,,,,Matches,,,,,,,,,,,,,,,,,,,,,,,,,,,,,,
2000-2001,Bundesliga,Stuttgart,Ahmed Salah Hosny,eg EGY,FW,21.0,7.2,1.0,0.0,,,,,,,,,,,Matches,,,,,,,,,,,,,,,,,,,,,,,,,,,,,,
2000-2001,Bundesliga,Stuttgart,Kristijan Đorđević,rs SRB,MF,24.0,5.6,1.0,0.0,,,,,,,,,,,Matches,,,,,,,,,,,,,,,,,,,,,,,,,,,,,,
2000-2001,Bundesliga,Stuttgart,Jochen Endreß,de GER,DF,27.0,5.7,1.0,0.0,,,,,,,,,,,Matches,,,,,,,,,,,,,,,,,,,,,,,,,,,,,,
2000-2001,Bundesliga,Stuttgart,Stefan Blank,de GER,DF,23.0,4.3,0.0,0.0,,,,,,,,,,,Matches,,,,,,,,,,,,,,,,,,,,,,,,,,,,,,
2000-2001,Bundesliga,Stuttgart,Alexander Hleb,by BLR,MF,19.0,3.2,0.0,0.0,,,,,,,,,,,Matches,,,,,,,,,,,,,,,,,,,,,,,,,,,,,,
2000-2001,Bundesliga,Stuttgart,Andreas Hinkel,de GER,DF,18.0,2.6,0.0,0.0,,,,,,,,,,,Matches,,,,,,,,,,,,,,,,,,,,,,,,,,,,,,
2000-2001,Bundesliga,Stuttgart,Thomas Ernst,de GER,GK,32.0,2.0,0.0,0.0,,,,,,,,,,,Matches,,,,,,,,,,,,,,,,,,,,,,,,,,,,,,
2000-2001,Bundesliga,Stuttgart,Christian Tiffert,de GER,MF,18.0,2.0,1.0,0.0,,,,,,,,,,,Matches,,,,,,,,,,,,,,,,,,,,,,,,,,,,,,
2000-2001,Bundesliga,Stuttgart,Angelo Vaccaro,it ITA,FW,18.0,0.3,0.0,0.0,,,,,,,,,,,Matches,,,,,,,,,,,,,,,,,,,,,,,,,,,,,,
2000-2001,Bundesliga,Stuttgart,Squad Total,,,26.3,,62.0,3.0,,,,,,,,,,,,,,,,,,,,,,,,,,,,,,,,,,,,,,,,,
2000-2001,Bundesliga,Stuttgart,Opponent Total,,,27.5,,,,,,,,,,,,,,,,,,,,,,,,,,,,,,,,,,,,,,,,,,,,
2000-2001,Bundesliga,Unterhaching,Danny Schwarz,de GER,MF,25.0,32.4,2.0,0.0,,,,,,,,,,,Matches,,,,,,,,,,,,,,,,,,,,,,,,,,,,,,
2000-2001,Bundesliga,Unterhaching,Alexander Strehmel,de GER,"DF,MF",32.0,32.0,3.0,0.0,,,,,,,,,,,Matches,,,,,,,,,,,,,,,,,,,,,,,,,,,,,,
2000-2001,Bundesliga,Unterhaching,Gerhard Tremmel,de GER,GK,21.0,32.0,0.0,0.0,,,,,,,,,,,Matches,,,,,,,,,,,,,,,,,,,,,,,,,,,,,,
2000-2001,Bundesliga,Unterhaching,Matthias Zimmermann,de GER,MF,29.0,30.7,1.0,0.0,,,,,,,,,,,Matches,,,,,,,,,,,,,,,,,,,,,,,,,,,,,,
2000-2001,Bundesliga,Unterhaching,Marco Haber,de GER,MF,28.0,27.3,3.0,1.0,,,,,,,,,,,Matches,,,,,,,,,,,,,,,,,,,,,,,,,,,,,,
2000-2001,Bundesliga,Unterhaching,Jan Seifert,de GER,DF,31.0,26.5,2.0,0.0,,,,,,,,,,,Matches,,,,,,,,,,,,,,,,,,,,,,,,,,,,,,
2000-2001,Bundesliga,Unterhaching,Oliver Straube,de GER,MF,28.0,24.4,4.0,0.0,,,,,,,,,,,Matches,,,,,,,,,,,,,,,,,,,,,,,,,,,,,,
2000-2001,Bundesliga,Unterhaching,André Breitenreiter,de GER,"FW,MF",26.0,23.7,3.0,0.0,,,,,,,,,,,Matches,,,,,,,,,,,,,,,,,,,,,,,,,,,,,,
2000-2001,Bundesliga,Unterhaching,Altin Rraklli,al ALB,FW,30.0,19.8,3.0,0.0,,,,,,,,,,,Matches,,,,,,,,,,,,,,,,,,,,,,,,,,,,,,
2000-2001,Bundesliga,Unterhaching,Markus Oberleitner,de GER,MF,26.0,16.9,1.0,0.0,,,,,,,,,,,Matches,,,,,,,,,,,,,,,,,,,,,,,,,,,,,,
2000-2001,Bundesliga,Unterhaching,Hendrik Herzog,de GER,DF,31.0,16.9,5.0,1.0,,,,,,,,,,,Matches,,,,,,,,,,,,,,,,,,,,,,,,,,,,,,
2000-2001,Bundesliga,Unterhaching,Dietmar Hirsch,de GER,"DF,MF",28.0,17.4,3.0,0.0,,,,,,,,,,,Matches,,,,,,,,,,,,,,,,,,,,,,,,,,,,,,
2000-2001,Bundesliga,Unterhaching,Mirosław Spiżak,pl POL,FW,21.0,15.0,5.0,1.0,,,,,,,,,,,Matches,,,,,,,,,,,,,,,,,,,,,,,,,,,,,,
2000-2001,Bundesliga,Unterhaching,Dennis Grassow,de GER,DF,28.0,13.6,5.0,1.0,,,,,,,,,,,Matches,,,,,,,,,,,,,,,,,,,,,,,,,,,,,,
2000-2001,Bundesliga,Unterhaching,David Zdrilic,au AUS,FW,26.0,8.2,2.0,0.0,,,,,,,,,,,Matches,,,,,,,,,,,,,,,,,,,,,,,,,,,,,,
2000-2001,Bundesliga,Unterhaching,Martin Čížek,cz CZE,MF,26.0,7.1,0.0,0.0,,,,,,,,,,,Matches,,,,,,,,,,,,,,,,,,,,,,,,,,,,,,
2000-2001,Bundesliga,Unterhaching,Ralf Bucher,de GER,DF,28.0,5.2,1.0,0.0,,,,,,,,,,,Matches,,,,,,,,,,,,,,,,,,,,,,,,,,,,,,
2000-2001,Bundesliga,Unterhaching,Alexander Bugera,de GER,DF,21.0,4.0,1.0,0.0,,,,,,,,,,,Matches,,,,,,,,,,,,,,,,,,,,,,,,,,,,,,
2000-2001,Bundesliga,Unterhaching,Francisco Copado,es ESP,"FW,MF",26.0,3.7,0.0,0.0,,,,,,,,,,,Matches,,,,,,,,,,,,,,,,,,,,,,,,,,,,,,
2000-2001,Bundesliga,Unterhaching,Džoni Novak,si SVN,MF,30.0,3.8,2.0,0.0,,,,,,,,,,,Matches,,,,,,,,,,,,,,,,,,,,,,,,,,,,,,
2000-2001,Bundesliga,Unterhaching,Jörg Bergen,de GER,DF,34.0,2.6,0.0,0.0,,,,,,,,,,,Matches,,,,,,,,,,,,,,,,,,,,,,,,,,,,,,
2000-2001,Bundesliga,Unterhaching,Ludwig Kögl,de GER,"FW,MF",34.0,2.6,0.0,0.0,,,,,,,,,,,Matches,,,,,,,,,,,,,,,,,,,,,,,,,,,,,,
2000-2001,Bundesliga,Unterhaching,Jürgen Wittmann,de GER,GK,33.0,2.0,0.0,0.0,,,,,,,,,,,Matches,,,,,,,,,,,,,,,,,,,,,,,,,,,,,,
2000-2001,Bundesliga,Unterhaching,Abdelaziz Ahanfouf,ma MAR,FW,22.0,2.9,4.0,0.0,,,,,,,,,,,Matches,,,,,,,,,,,,,,,,,,,,,,,,,,,,,,
2000-2001,Bundesliga,Unterhaching,Alfonso Garcia,es ESP,FW,30.0,1.3,0.0,0.0,,,,,,,,,,,Matches,,,,,,,,,,,,,,,,,,,,,,,,,,,,,,
2000-2001,Bundesliga,Unterhaching,Björn Hertl,de GER,"DF,MF",23.0,1.1,0.0,0.0,,,,,,,,,,,Matches,,,,,,,,,,,,,,,,,,,,,,,,,,,,,,
2000-2001,Bundesliga,Unterhaching,Squad Total,,,28.0,,48.0,4.0,,,,,,,,,,,,,,,,,,,,,,,,,,,,,,,,,,,,,,,,,
2000-2001,Bundesliga,Unterhaching,Opponent Total,,,27.3,,,,,,,,,,,,,,,,,,,,,,,,,,,,,,,,,,,,,,,,,,,,
2000-2001,Bundesliga,Eint Frankfurt,Horst Heldt,de GER,MF,30.0,31.4,1.0,0.0,,,,,,,,,,,Matches,,,,,,,,,,,,,,,,,,,,,,,,,,,,,,
2000-2001,Bundesliga,Eint Frankfurt,Torsten Kracht,de GER,DF,32.0,31.7,9.0,1.0,,,,,,,,,,,Matches,,,,,,,,,,,,,,,,,,,,,,,,,,,,,,
2000-2001,Bundesliga,Eint Frankfurt,Dirk Heinen,de GER,GK,29.0,29.0,2.0,0.0,,,,,,,,,,,Matches,,,,,,,,,,,,,,,,,,,,,,,,,,,,,,
2000-2001,Bundesliga,Eint Frankfurt,Alexander Schur,de GER,MF,29.0,21.6,10.0,1.0,,,,,,,,,,,Matches,,,,,,,,,,,,,,,,,,,,,,,,,,,,,,
2000-2001,Bundesliga,Eint Frankfurt,Alexander Kutschera,de GER,DF,32.0,19.8,1.0,0.0,,,,,,,,,,,Matches,,,,,,,,,,,,,,,,,,,,,,,,,,,,,,
2000-2001,Bundesliga,Eint Frankfurt,Gerd Wimmer,at AUT,"DF,MF",23.0,17.0,5.0,1.0,,,,,,,,,,,Matches,,,,,,,,,,,,,,,,,,,,,,,,,,,,,,
2000-2001,Bundesliga,Eint Frankfurt,Thomas Reichenberger,de GER,FW,25.0,19.2,3.0,0.0,,,,,,,,,,,Matches,,,,,,,,,,,,,,,,,,,,,,,,,,,,,,
2000-2001,Bundesliga,Eint Frankfurt,Petar Hubchev,bg BUL,DF,36.0,17.2,3.0,1.0,,,,,,,,,,,Matches,,,,,,,,,,,,,,,,,,,,,,,,,,,,,,
2000-2001,Bundesliga,Eint Frankfurt,Michael Mutzel,de GER,MF,20.0,14.2,5.0,0.0,,,,,,,,,,,Matches,,,,,,,,,,,,,,,,,,,,,,,,,,,,,,
2000-2001,Bundesliga,Eint Frankfurt,Rolf-Christel Guié-Mien,cg CGO,MF,22.0,17.9,1.0,1.0,,,,,,,,,,,Matches,,,,,,,,,,,,,,,,,,,,,,,,,,,,,,
2000-2001,Bundesliga,Eint Frankfurt,Christoph Preuß,de GER,"DF,MF",19.0,15.8,0.0,1.0,,,,,,,,,,,Matches,,,,,,,,,,,,,,,,,,,,,,,,,,,,,,
2000-2001,Bundesliga,Eint Frankfurt,Marco Gebhardt,de GER,"DF,MF",27.0,14.2,5.0,0.0,,,,,,,,,,,Matches,,,,,,,,,,,,,,,,,,,,,,,,,,,,,,
2000-2001,Bundesliga,Eint Frankfurt,Paweł Kryszałowicz,pl POL,FW,26.0,15.1,0.0,0.0,,,,,,,,,,,Matches,,,,,,,,,,,,,,,,,,,,,,,,,,,,,,
2000-2001,Bundesliga,Eint Frankfurt,Serge Branco,cm CMR,"DF,MF",19.0,14.4,4.0,1.0,,,,,,,,,,,Matches,,,,,,,,,,,,,,,,,,,,,,,,,,,,,,
2000-2001,Bundesliga,Eint Frankfurt,Chen Yang,cn CHN,MF,23.0,12.8,7.0,1.0,,,,,,,,,,,Matches,,,,,,,,,,,,,,,,,,,,,,,,,,,,,,
2000-2001,Bundesliga,Eint Frankfurt,Thomas Sobotzik,de GER,MF,25.0,12.7,2.0,0.0,,,,,,,,,,,Matches,,,,,,,,,,,,,,,,,,,,,,,,,,,,,,
2000-2001,Bundesliga,Eint Frankfurt,Karel Rada,cz CZE,DF,29.0,10.9,1.0,0.0,,,,,,,,,,,Matches,,,,,,,,,,,,,,,,,,,,,,,,,,,,,,
2000-2001,Bundesliga,Eint Frankfurt,Markus Lösch,de GER,MF,28.0,9.1,5.0,0.0,,,,,,,,,,,Matches,,,,,,,,,,,,,,,,,,,,,,,,,,,,,,
2000-2001,Bundesliga,Eint Frankfurt,Uwe Bindewald,de GER,DF,31.0,9.8,4.0,0.0,,,,,,,,,,,Matches,,,,,,,,,,,,,,,,,,,,,,,,,,,,,,
2000-2001,Bundesliga,Eint Frankfurt,Jan Åge Fjørtoft,no NOR,FW,33.0,8.2,3.0,0.0,,,,,,,,,,,Matches,,,,,,,,,,,,,,,,,,,,,,,,,,,,,,
2000-2001,Bundesliga,Eint Frankfurt,Saša Ćirić,mk MKD,FW,32.0,6.3,0.0,0.0,,,,,,,,,,,Matches,,,,,,,,,,,,,,,,,,,,,,,,,,,,,,
2000-2001,Bundesliga,Eint Frankfurt,Jens Rasiejewski,de GER,DF,25.0,7.2,2.0,0.0,,,,,,,,,,,Matches,,,,,,,,,,,,,,,,,,,,,,,,,,,,,,
2000-2001,Bundesliga,Eint Frankfurt,Oka Nikolov,mk MKD,GK,26.0,3.7,0.0,0.0,,,,,,,,,,,Matches,,,,,,,,,,,,,,,,,,,,,,,,,,,,,,
2000-2001,Bundesliga,Eint Frankfurt,Giuseppe Gemiti,de GER,"DF,MF",19.0,2.3,0.0,0.0,,,,,,,,,,,Matches,,,,,,,,,,,,,,,,,,,,,,,,,,,,,,
2000-2001,Bundesliga,Eint Frankfurt,Tommy Berntsen,no NOR,DF,26.0,2.0,0.0,0.0,,,,,,,,,,,Matches,,,,,,,,,,,,,,,,,,,,,,,,,,,,,,
2000-2001,Bundesliga,Eint Frankfurt,Vladimir Maljković,hr CRO,DF,17.0,2.3,0.0,0.0,,,,,,,,,,,Matches,,,,,,,,,,,,,,,,,,,,,,,,,,,,,,
2000-2001,Bundesliga,Eint Frankfurt,Alexander Rosen,de GER,MF,21.0,1.6,0.0,0.0,,,,,,,,,,,Matches,,,,,,,,,,,,,,,,,,,,,,,,,,,,,,
2000-2001,Bundesliga,Eint Frankfurt,Sven Schmitt,de GER,GK,23.0,1.4,0.0,0.0,,,,,,,,,,,Matches,,,,,,,,,,,,,,,,,,,,,,,,,,,,,,
2000-2001,Bundesliga,Eint Frankfurt,Jermaine Jones,us USA,MF,18.0,0.6,0.0,0.0,0.0,,,,,,,,,0.0,Matches,,,,,,,,,,,,,,,,,,,,,,,,,,,,,,
2000-2001,Bundesliga,Eint Frankfurt,Albert Streit,de GER,MF,20.0,1.1,0.0,0.0,,,,,,,,,,,Matches,,,,,,,,,,,,,,,,,,,,,,,,,,,,,,
2000-2001,Bundesliga,Eint Frankfurt,Erol Bulut,tr TUR,"DF,MF",25.0,0.6,0.0,0.0,,,,,,,,,,,Matches,,,,,,,,,,,,,,,,,,,,,,,,,,,,,,
2000-2001,Bundesliga,Eint Frankfurt,Peter Deißenberger,de GER,MF,23.0,0.4,0.0,0.0,0.0,,,,,,,,,0.0,Matches,,,,,,,,,,,,,,,,,,,,,,,,,,,,,,
2000-2001,Bundesliga,Eint Frankfurt,Stefan Zinnow,de GER,MF,20.0,0.3,0.0,0.0,0.0,,,,,,,,,0.0,Matches,,,,,,,,,,,,,,,,,,,,,,,,,,,,,,
2000-2001,Bundesliga,Eint Frankfurt,Ralf Schmitt,de GER,FW,23.0,0.0,0.0,0.0,0.0,,,,,,,,,0.0,Matches,,,,,,,,,,,,,,,,,,,,,,,,,,,,,,
2000-2001,Bundesliga,Eint Frankfurt,Squad Total,,,27.7,,67.0,8.0,,,,,,,,,,,,,,,,,,,,,,,,,,,,,,,,,,,,,,,,,
2000-2001,Bundesliga,Eint Frankfurt,Opponent Total,,,27.3,,,,,,,,,,,,,,,,,,,,,,,,,,,,,,,,,,,,,,,,,,,,
2000-2001,Bundesliga,Bochum,Rein van Duijnhoven,nl NED,GK,32.0,32.4,3.0,1.0,,,,,,,,,,,Matches,,,,,,,,,,,,,,,,,,,,,,,,,,,,,,
2000-2001,Bundesliga,Bochum,Sebastian Schindzielorz,de GER,MF,21.0,28.0,5.0,0.0,,,,,,,,,,,Matches,,,,,,,,,,,,,,,,,,,,,,,,,,,,,,
2000-2001,Bundesliga,Bochum,Yıldıray Baştürk,tr TUR,MF,21.0,28.3,10.0,2.0,,,,,,,,,,,Matches,,,,,,,,,,,,,,,,,,,,,,,,,,,,,,
2000-2001,Bundesliga,Bochum,Marijo Marić,hr CRO,FW,23.0,20.6,4.0,0.0,,,,,,,,,,,Matches,,,,,,,,,,,,,,,,,,,,,,,,,,,,,,
2000-2001,Bundesliga,Bochum,Zoran Mamić,hr CRO,"DF,MF",28.0,19.0,0.0,0.0,,,,,,,,,,,Matches,,,,,,,,,,,,,,,,,,,,,,,,,,,,,,
2000-2001,Bundesliga,Bochum,Sergei Mandreko,xc CIS,MF,28.0,17.8,7.0,1.0,,,,,,,,,,,Matches,,,,,,,,,,,,,,,,,,,,,,,,,,,,,,
2000-2001,Bundesliga,Bochum,Martin Meichelbeck,de GER,DF,23.0,15.4,3.0,0.0,,,,,,,,,,,Matches,,,,,,,,,,,,,,,,,,,,,,,,,,,,,,
2000-2001,Bundesliga,Bochum,Damir Milinović,hr CRO,DF,27.0,16.9,4.0,1.0,,,,,,,,,,,Matches,,,,,,,,,,,,,,,,,,,,,,,,,,,,,,
2000-2001,Bundesliga,Bochum,Mirko Dickhaut,de GER,"DF,MF",29.0,16.8,5.0,0.0,,,,,,,,,,,Matches,,,,,,,,,,,,,,,,,,,,,,,,,,,,,,
2000-2001,Bundesliga,Bochum,Peter Peschel,de GER,MF,28.0,15.3,4.0,1.0,,,,,,,,,,,Matches,,,,,,,,,,,,,,,,,,,,,,,,,,,,,,
2000-2001,Bundesliga,Bochum,Paul Freier,de GER,MF,21.0,16.3,2.0,0.0,,,,,,,,,,,Matches,,,,,,,,,,,,,,,,,,,,,,,,,,,,,,
2000-2001,Bundesliga,Bochum,Søren Colding,dk DEN,DF,27.0,16.0,3.0,0.0,,,,,,,,,,,Matches,,,,,,,,,,,,,,,,,,,,,,,,,,,,,,
2000-2001,Bundesliga,Bochum,Delron Buckley,za RSA,"FW,MF",22.0,14.0,4.0,0.0,,,,,,,,,,,Matches,,,,,,,,,,,,,,,,,,,,,,,,,,,,,,
2000-2001,Bundesliga,Bochum,Thomas Reis,de GER,"DF,MF",26.0,11.7,3.0,0.0,,,,,,,,,,,Matches,,,,,,,,,,,,,,,,,,,,,,,,,,,,,,
2000-2001,Bundesliga,Bochum,Michał Bemben,de GER,"DF,MF",24.0,11.1,3.0,0.0,,,,,,,,,,,Matches,,,,,,,,,,,,,,,,,,,,,,,,,,,,,,
2000-2001,Bundesliga,Bochum,Frank Fahrenhorst,de GER,DF,22.0,11.5,3.0,1.0,,,,,,,,,,,Matches,,,,,,,,,,,,,,,,,,,,,,,,,,,,,,
2000-2001,Bundesliga,Bochum,Thomas Stickroth,de GER,"DF,MF",35.0,9.1,0.0,0.0,,,,,,,,,,,Matches,,,,,,,,,,,,,,,,,,,,,,,,,,,,,,
2000-2001,Bundesliga,Bochum,Hilko Ristau,de GER,DF,26.0,9.9,1.0,0.0,,,,,,,,,,,Matches,,,,,,,,,,,,,,,,,,,,,,,,,,,,,,
2000-2001,Bundesliga,Bochum,Zdravko Drinčić,me MNE,FW,28.0,9.2,3.0,2.0,,,,,,,,,,,Matches,,,,,,,,,,,,,,,,,,,,,,,,,,,,,,
2000-2001,Bundesliga,Bochum,Thomas Christiansen,es ESP,FW,27.0,7.6,2.0,1.0,,,,,,,,,,,Matches,,,,,,,,,,,,,,,,,,,,,,,,,,,,,,
2000-2001,Bundesliga,Bochum,Samir Toplak,hr CRO,DF,30.0,8.5,1.0,0.0,,,,,,,,,,,Matches,,,,,,,,,,,,,,,,,,,,,,,,,,,,,,
2000-2001,Bundesliga,Bochum,Rouven Schröder,de GER,DF,24.0,7.5,4.0,0.0,,,,,,,,,,,Matches,,,,,,,,,,,,,,,,,,,,,,,,,,,,,,
2000-2001,Bundesliga,Bochum,Axel Sundermann,de GER,DF,32.0,7.6,2.0,0.0,,,,,,,,,,,Matches,,,,,,,,,,,,,,,,,,,,,,,,,,,,,,
2000-2001,Bundesliga,Bochum,Achim Weber,de GER,FW,31.0,5.8,3.0,0.0,,,,,,,,,,,Matches,,,,,,,,,,,,,,,,,,,,,,,,,,,,,,
2000-2001,Bundesliga,Bochum,Olaf Schreiber,de GER,MF,30.0,4.1,1.0,0.0,,,,,,,,,,,Matches,,,,,,,,,,,,,,,,,,,,,,,,,,,,,,
2000-2001,Bundesliga,Bochum,Henryk Bałuszyński,pl POL,FW,28.0,4.9,0.0,0.0,,,,,,,,,,,Matches,,,,,,,,,,,,,,,,,,,,,,,,,,,,,,
2000-2001,Bundesliga,Bochum,Matthias Lust,de GER,MF,30.0,1.4,0.0,0.0,,,,,,,,,,,Matches,,,,,,,,,,,,,,,,,,,,,,,,,,,,,,
2000-2001,Bundesliga,Bochum,Christian Vander,de GER,GK,19.0,1.2,0.0,0.0,,,,,,,,,,,Matches,,,,,,,,,,,,,,,,,,,,,,,,,,,,,,
2000-2001,Bundesliga,Bochum,Ante Čović,hr CRO,MF,24.0,1.8,1.0,0.0,,,,,,,,,,,Matches,,,,,,,,,,,,,,,,,,,,,,,,,,,,,,
2000-2001,Bundesliga,Bochum,Mike Rietpietsch,de GER,MF,26.0,1.6,1.0,0.0,,,,,,,,,,,Matches,,,,,,,,,,,,,,,,,,,,,,,,,,,,,,
2000-2001,Bundesliga,Bochum,Sascha Siebert,de GER,FW,22.0,0.5,0.0,0.0,0.0,,,,,,,,,0.0,Matches,,,,,,,,,,,,,,,,,,,,,,,,,,,,,,
2000-2001,Bundesliga,Bochum,René Müller,de GER,FW,26.0,0.0,0.0,0.0,0.0,,,,,,,,,0.0,Matches,,,,,,,,,,,,,,,,,,,,,,,,,,,,,,
2000-2001,Bundesliga,Bochum,Squad Total,,,26.6,,71.0,10.0,,,,,,,,,,,,,,,,,,,,,,,,,,,,,,,,,,,,,,,,,
2000-2001,Bundesliga,Bochum,Opponent Total,,,27.5,,,,,,,,,,,,,,,,,,,,,,,,,,,,,,,,,,,,,,,,,,,,
