season,league,team,player,player_nation,player_position,player_age,mp,playing_time_starts,playing_time_min,playing_time_90s,performance_gls,performance_ast,performance_g+a,performance_g-pk,performance_pk,performance_pkatt,performance_crdy,performance_crdr,progression_prgc,progression_prgp,progression_prgr,per_90_minutes_gls,per_90_minutes_ast,per_90_minutes_g+a,per_90_minutes_g-pk,per_90_minutes_g+a-pk,matches,playing_time_mp
2006-2007,LaLiga,Real Madrid,Iker Casillas,es ESP,GK,25.0,0.0,38.0,3420.0,38.0,0.0,0.0,0.0,0.0,0.0,0.0,2.0,0.0,0.0,0.0,0.0,0.0,0.0,0.0,0.0,0.0,Matches,38.0
2006-2007,LaLiga,Real Madrid,Ruud van Nistelrooy,nl NED,FW,30.0,0.0,36.0,3166.0,35.2,25.0,4.0,29.0,23.0,2.0,3.0,4.0,0.0,0.0,0.0,0.0,0.71,0.11,0.82,0.65,0.77,Matches,37.0
2006-2007,LaLiga,Real Madrid,Sergio Ramos,es ESP,DF,20.0,0.0,33.0,2892.0,32.1,5.0,3.0,8.0,5.0,0.0,0.0,15.0,1.0,0.0,0.0,0.0,0.16,0.09,0.25,0.16,0.25,Matches,33.0
2006-2007,LaLiga,Real Madrid,Fabio Cannavaro,it ITA,DF,32.0,0.0,32.0,2769.0,30.8,0.0,1.0,1.0,0.0,0.0,0.0,14.0,2.0,0.0,0.0,0.0,0.0,0.03,0.03,0.0,0.03,Matches,32.0
2006-2007,LaLiga,Real Madrid,Raúl,es ESP,FW,29.0,0.0,32.0,2668.0,29.6,8.0,5.0,13.0,8.0,0.0,0.0,0.0,0.0,0.0,0.0,0.0,0.27,0.17,0.44,0.27,0.44,Matches,35.0
2006-2007,LaLiga,Real Madrid,Mahamadou Diarra,ml MLI,MF,25.0,0.0,30.0,2694.0,29.9,3.0,0.0,3.0,3.0,0.0,0.0,12.0,0.0,0.0,0.0,0.0,0.1,0.0,0.1,0.1,0.1,Matches,33.0
2006-2007,LaLiga,Real Madrid,Emerson,br BRA,MF,30.0,0.0,27.0,2211.0,24.6,1.0,4.0,5.0,1.0,0.0,0.0,3.0,0.0,0.0,0.0,0.0,0.04,0.16,0.2,0.04,0.2,Matches,28.0
2006-2007,LaLiga,Real Madrid,Roberto Carlos,br BRA,DF,33.0,0.0,22.0,1955.0,21.7,3.0,2.0,5.0,3.0,0.0,0.0,5.0,0.0,0.0,0.0,0.0,0.14,0.09,0.23,0.14,0.23,Matches,23.0
2006-2007,LaLiga,Real Madrid,Iván Helguera,es ESP,"DF,MF",31.0,0.0,21.0,1965.0,21.8,1.0,1.0,2.0,1.0,0.0,0.0,6.0,1.0,0.0,0.0,0.0,0.05,0.05,0.09,0.05,0.09,Matches,23.0
2006-2007,LaLiga,Real Madrid,Guti,es ESP,"FW,MF",29.0,0.0,21.0,1898.0,21.1,1.0,5.0,6.0,1.0,0.0,0.0,9.0,2.0,0.0,0.0,0.0,0.05,0.24,0.28,0.05,0.28,Matches,30.0
2006-2007,LaLiga,Real Madrid,Robinho,br BRA,"FW,MF",22.0,0.0,20.0,1997.0,22.2,6.0,3.0,9.0,6.0,0.0,0.0,4.0,1.0,0.0,0.0,0.0,0.27,0.14,0.41,0.27,0.41,Matches,32.0
2006-2007,LaLiga,Real Madrid,Miguel Torres,es ESP,DF,20.0,0.0,17.0,1476.0,16.4,0.0,2.0,2.0,0.0,0.0,0.0,3.0,0.0,0.0,0.0,0.0,0.0,0.12,0.12,0.0,0.12,Matches,18.0
2006-2007,LaLiga,Real Madrid,Míchel Salgado,es ESP,DF,30.0,0.0,15.0,1241.0,13.8,0.0,0.0,0.0,0.0,0.0,0.0,9.0,0.0,0.0,0.0,0.0,0.0,0.0,0.0,0.0,0.0,Matches,16.0
2006-2007,LaLiga,Real Madrid,David Beckham,eng ENG,MF,31.0,0.0,14.0,1420.0,15.8,3.0,7.0,10.0,3.0,0.0,0.0,13.0,1.0,0.0,0.0,0.0,0.19,0.44,0.63,0.19,0.63,Matches,23.0
2006-2007,LaLiga,Real Madrid,José Antonio Reyes,es ESP,MF,22.0,0.0,14.0,1244.0,13.8,6.0,1.0,7.0,6.0,0.0,0.0,3.0,0.0,0.0,0.0,0.0,0.43,0.07,0.51,0.43,0.51,Matches,30.0
2006-2007,LaLiga,Real Madrid,Gonzalo Higuaín,ar ARG,"FW,MF",18.0,0.0,13.0,1266.0,14.1,2.0,4.0,6.0,2.0,0.0,0.0,2.0,0.0,0.0,0.0,0.0,0.14,0.28,0.43,0.14,0.43,Matches,19.0
2006-2007,LaLiga,Real Madrid,Fernando Gago,ar ARG,MF,20.0,0.0,13.0,994.0,11.0,0.0,0.0,0.0,0.0,0.0,0.0,7.0,0.0,0.0,0.0,0.0,0.0,0.0,0.0,0.0,0.0,Matches,13.0
2006-2007,LaLiga,Real Madrid,Cicinho,br BRA,DF,26.0,0.0,5.0,364.0,4.0,0.0,0.0,0.0,0.0,0.0,0.0,0.0,0.0,0.0,0.0,0.0,0.0,0.0,0.0,0.0,0.0,Matches,7.0
2006-2007,LaLiga,Real Madrid,Antonio Cassano,it ITA,FW,24.0,0.0,5.0,315.0,3.5,1.0,1.0,2.0,1.0,0.0,0.0,3.0,0.0,0.0,0.0,0.0,0.29,0.29,0.57,0.29,0.57,Matches,7.0
2006-2007,LaLiga,Real Madrid,Raúl Bravo,es ESP,DF,25.0,0.0,3.0,441.0,4.9,0.0,0.0,0.0,0.0,0.0,0.0,1.0,0.0,0.0,0.0,0.0,0.0,0.0,0.0,0.0,0.0,Matches,8.0
2006-2007,LaLiga,Real Madrid,Álvaro Mejía,es ESP,DF,24.0,0.0,3.0,432.0,4.8,0.0,0.0,0.0,0.0,0.0,0.0,2.0,1.0,0.0,0.0,0.0,0.0,0.0,0.0,0.0,0.0,Matches,9.0
2006-2007,LaLiga,Real Madrid,Ronaldo,br BRA,FW,29.0,0.0,3.0,322.0,3.6,1.0,0.0,1.0,1.0,0.0,0.0,1.0,1.0,0.0,0.0,0.0,0.28,0.0,0.28,0.28,0.28,Matches,7.0
2006-2007,LaLiga,Real Madrid,Marcelo,br BRA,"DF,MF",18.0,0.0,1.0,174.0,1.9,0.0,0.0,0.0,0.0,0.0,0.0,0.0,0.0,0.0,0.0,0.0,0.0,0.0,0.0,0.0,0.0,Matches,6.0
2006-2007,LaLiga,Real Madrid,Rubén de la Red,es ESP,MF,21.0,0.0,0.0,164.0,1.8,0.0,0.0,0.0,0.0,0.0,0.0,1.0,0.0,0.0,0.0,0.0,0.0,0.0,0.0,0.0,0.0,Matches,7.0
2006-2007,LaLiga,Real Madrid,Miguel Ángel Nieto,es ESP,MF,20.0,0.0,0.0,31.0,0.3,0.0,0.0,0.0,0.0,0.0,0.0,0.0,0.0,0.0,0.0,0.0,0.0,0.0,0.0,0.0,0.0,Matches,2.0
2006-2007,LaLiga,Real Madrid,Squad Total,0,0,27.0,0.0,418.0,0.0,0.0,66.0,43.0,109.0,64.0,2.0,3.0,117.0,10.0,0.0,0.0,0.0,1.74,1.13,2.87,1.68,2.82,0,38.0
2006-2007,LaLiga,Real Madrid,Opponent Total,0,0,26.7,0.0,418.0,0.0,0.0,0.0,0.0,0.0,0.0,0.0,0.0,0.0,0.0,0.0,0.0,0.0,0.0,0.0,0.0,0.0,0.0,0,38.0
2006-2007,LaLiga,Barcelona,Víctor Valdés,es ESP,GK,24.0,38.0,38.0,3420.0,38.0,0.0,0.0,0.0,0.0,0.0,0.0,2.0,0.0,0.0,0.0,0.0,0.0,0.0,0.0,0.0,0.0,Matches,0.0
2006-2007,LaLiga,Barcelona,Carles Puyol,es ESP,DF,28.0,35.0,35.0,3028.0,33.6,2.0,0.0,2.0,2.0,0.0,0.0,3.0,0.0,0.0,0.0,0.0,0.06,0.0,0.06,0.06,0.06,Matches,0.0
2006-2007,LaLiga,Barcelona,Ronaldinho,br BRA,"FW,MF",26.0,32.0,32.0,2733.0,30.4,21.0,8.0,29.0,14.0,7.0,8.0,8.0,1.0,0.0,0.0,0.0,0.69,0.26,0.95,0.46,0.72,Matches,0.0
2006-2007,LaLiga,Barcelona,Xavi,es ESP,MF,26.0,35.0,31.0,2866.0,31.8,3.0,3.0,6.0,3.0,0.0,0.0,3.0,0.0,0.0,0.0,0.0,0.09,0.09,0.19,0.09,0.19,Matches,0.0
2006-2007,LaLiga,Barcelona,Deco,pt POR,MF,28.0,31.0,31.0,2473.0,27.5,1.0,9.0,10.0,1.0,0.0,0.0,14.0,1.0,0.0,0.0,0.0,0.04,0.33,0.36,0.04,0.36,Matches,0.0
2006-2007,LaLiga,Barcelona,Andrés Iniesta,es ESP,MF,22.0,37.0,28.0,2696.0,30.0,6.0,3.0,9.0,6.0,0.0,0.0,4.0,0.0,0.0,0.0,0.0,0.2,0.1,0.3,0.2,0.3,Matches,0.0
2006-2007,LaLiga,Barcelona,Gianluca Zambrotta,it ITA,DF,29.0,29.0,25.0,2313.0,25.7,3.0,3.0,6.0,3.0,0.0,0.0,9.0,1.0,0.0,0.0,0.0,0.12,0.12,0.23,0.12,0.23,Matches,0.0
2006-2007,LaLiga,Barcelona,Lionel Messi,ar ARG,"FW,MF",19.0,26.0,23.0,1983.0,22.0,14.0,3.0,17.0,14.0,0.0,0.0,2.0,0.0,0.0,0.0,0.0,0.64,0.14,0.77,0.64,0.77,Matches,0.0
2006-2007,LaLiga,Barcelona,Lilian Thuram,fr FRA,DF,34.0,23.0,23.0,1954.0,21.7,0.0,0.0,0.0,0.0,0.0,0.0,2.0,0.0,0.0,0.0,0.0,0.0,0.0,0.0,0.0,0.0,Matches,0.0
2006-2007,LaLiga,Barcelona,Edmílson,br BRA,"DF,MF",30.0,26.0,22.0,1809.0,20.1,0.0,0.0,0.0,0.0,0.0,0.0,5.0,0.0,0.0,0.0,0.0,0.0,0.0,0.0,0.0,0.0,Matches,0.0
2006-2007,LaLiga,Barcelona,Giovanni van Bronckhorst,nl NED,"DF,MF",31.0,23.0,20.0,1775.0,19.7,0.0,2.0,2.0,0.0,0.0,0.0,3.0,0.0,0.0,0.0,0.0,0.0,0.1,0.1,0.0,0.1,Matches,0.0
2006-2007,LaLiga,Barcelona,Rafael Márquez,mx MEX,"DF,MF",27.0,21.0,20.0,1720.0,19.1,1.0,0.0,1.0,1.0,0.0,0.0,7.0,0.0,0.0,0.0,0.0,0.05,0.0,0.05,0.05,0.05,Matches,0.0
2006-2007,LaLiga,Barcelona,Samuel Eto'o,cm CMR,FW,25.0,19.0,17.0,1477.0,16.4,11.0,7.0,18.0,11.0,0.0,0.0,4.0,0.0,0.0,0.0,0.0,0.67,0.43,1.1,0.67,1.1,Matches,0.0
2006-2007,LaLiga,Barcelona,Ludovic Giuly,fr FRA,"FW,MF",30.0,27.0,15.0,1468.0,16.3,3.0,2.0,5.0,3.0,0.0,0.0,0.0,1.0,0.0,0.0,0.0,0.18,0.12,0.31,0.18,0.31,Matches,0.0
2006-2007,LaLiga,Barcelona,Eiður Guðjohnsen,is ISL,"FW,MF",27.0,25.0,14.0,1171.0,13.0,5.0,2.0,7.0,5.0,0.0,0.0,1.0,0.0,0.0,0.0,0.0,0.38,0.15,0.54,0.38,0.54,Matches,0.0
2006-2007,LaLiga,Barcelona,Oleguer Presas,es ESP,DF,26.0,25.0,11.0,1238.0,13.8,0.0,0.0,0.0,0.0,0.0,0.0,3.0,1.0,0.0,0.0,0.0,0.0,0.0,0.0,0.0,0.0,Matches,0.0
2006-2007,LaLiga,Barcelona,Sylvinho,br BRA,DF,32.0,13.0,11.0,976.0,10.8,0.0,2.0,2.0,0.0,0.0,0.0,2.0,1.0,0.0,0.0,0.0,0.0,0.18,0.18,0.0,0.18,Matches,0.0
2006-2007,LaLiga,Barcelona,Juliano Belletti,br BRA,"DF,MF",30.0,13.0,9.0,808.0,9.0,0.0,1.0,1.0,0.0,0.0,0.0,2.0,0.0,0.0,0.0,0.0,0.0,0.11,0.11,0.0,0.11,Matches,0.0
2006-2007,LaLiga,Barcelona,Javier Saviola,ar ARG,FW,24.0,18.0,6.0,677.0,7.5,5.0,0.0,5.0,5.0,0.0,0.0,2.0,0.0,0.0,0.0,0.0,0.66,0.0,0.66,0.66,0.66,Matches,0.0
2006-2007,LaLiga,Barcelona,Thiago Motta,it ITA,MF,23.0,14.0,5.0,566.0,6.3,0.0,0.0,0.0,0.0,0.0,0.0,4.0,1.0,0.0,0.0,0.0,0.0,0.0,0.0,0.0,0.0,Matches,0.0
2006-2007,LaLiga,Barcelona,Santiago Ezquerro,es ESP,FW,29.0,9.0,2.0,274.0,3.0,1.0,0.0,1.0,1.0,0.0,0.0,0.0,0.0,0.0,0.0,0.0,0.33,0.0,0.33,0.33,0.33,Matches,0.0
2006-2007,LaLiga,Barcelona,Jesús Olmo,es ESP,DF,21.0,1.0,0.0,3.0,0.0,0.0,0.0,0.0,0.0,0.0,0.0,0.0,0.0,0.0,0.0,0.0,0.0,0.0,0.0,0.0,0.0,Matches,0.0
2006-2007,LaLiga,Barcelona,Squad Total,0,0,27.3,38.0,418.0,0.0,0.0,76.0,45.0,121.0,69.0,7.0,8.0,78.0,7.0,0.0,0.0,0.0,2.0,1.18,3.18,1.82,3.0,0,0.0
2006-2007,LaLiga,Barcelona,Opponent Total,0,0,26.7,38.0,418.0,0.0,0.0,0.0,0.0,0.0,0.0,0.0,0.0,0.0,0.0,0.0,0.0,0.0,0.0,0.0,0.0,0.0,0.0,0,0.0
2006-2007,LaLiga,Sevilla,Dani Alves,br BRA,"DF,MF",23.0,34.0,34.0,3015.0,33.5,3.0,11.0,14.0,3.0,0.0,0.0,16.0,0.0,0.0,0.0,0.0,0.09,0.33,0.42,0.09,0.42,Matches,0.0
2006-2007,LaLiga,Sevilla,Andrés Palop,es ESP,GK,32.0,34.0,34.0,3015.0,33.5,0.0,0.0,0.0,0.0,0.0,0.0,3.0,0.0,0.0,0.0,0.0,0.0,0.0,0.0,0.0,0.0,Matches,0.0
2006-2007,LaLiga,Sevilla,Frédéric Kanouté,ml MLI,FW,28.0,32.0,30.0,2571.0,28.6,21.0,4.0,25.0,16.0,5.0,6.0,2.0,0.0,0.0,0.0,0.0,0.74,0.14,0.88,0.56,0.7,Matches,0.0
2006-2007,LaLiga,Sevilla,Jesús Navas,es ESP,"DF,FW",20.0,29.0,29.0,2359.0,26.2,1.0,4.0,5.0,1.0,0.0,0.0,1.0,0.0,0.0,0.0,0.0,0.04,0.15,0.19,0.04,0.19,Matches,0.0
2006-2007,LaLiga,Sevilla,Julien Escudé,fr FRA,DF,26.0,30.0,28.0,2621.0,29.1,1.0,1.0,2.0,1.0,0.0,0.0,6.0,0.0,0.0,0.0,0.0,0.03,0.03,0.07,0.03,0.07,Matches,0.0
2006-2007,LaLiga,Sevilla,Christian Poulsen,dk DEN,MF,26.0,33.0,27.0,2461.0,27.3,1.0,0.0,1.0,1.0,0.0,0.0,10.0,0.0,0.0,0.0,0.0,0.04,0.0,0.04,0.04,0.04,Matches,0.0
2006-2007,LaLiga,Sevilla,Renato,br BRA,MF,27.0,33.0,27.0,2387.0,26.5,4.0,3.0,7.0,4.0,0.0,0.0,1.0,0.0,0.0,0.0,0.0,0.15,0.11,0.26,0.15,0.26,Matches,0.0
2006-2007,LaLiga,Sevilla,Adriano,br BRA,"DF,MF",21.0,26.0,25.0,1819.0,20.2,2.0,1.0,3.0,2.0,0.0,0.0,2.0,0.0,0.0,0.0,0.0,0.1,0.05,0.15,0.1,0.15,Matches,0.0
2006-2007,LaLiga,Sevilla,Javi Navarro,es ESP,"DF,MF",32.0,25.0,24.0,2050.0,22.8,0.0,0.0,0.0,0.0,0.0,0.0,11.0,1.0,0.0,0.0,0.0,0.0,0.0,0.0,0.0,0.0,Matches,0.0
2006-2007,LaLiga,Sevilla,Luís Fabiano,br BRA,FW,25.0,26.0,24.0,1795.0,19.9,10.0,5.0,15.0,8.0,2.0,3.0,9.0,0.0,0.0,0.0,0.0,0.5,0.25,0.75,0.4,0.65,Matches,0.0
2006-2007,LaLiga,Sevilla,Antonio Puerta,es ESP,"DF,MF",21.0,30.0,21.0,2005.0,22.3,2.0,2.0,4.0,2.0,0.0,0.0,7.0,0.0,0.0,0.0,0.0,0.09,0.09,0.18,0.09,0.18,Matches,0.0
2006-2007,LaLiga,Sevilla,Ivica Dragutinović,rs SRB,DF,30.0,25.0,21.0,1924.0,21.4,1.0,0.0,1.0,1.0,0.0,0.0,5.0,1.0,0.0,0.0,0.0,0.05,0.0,0.05,0.05,0.05,Matches,0.0
2006-2007,LaLiga,Sevilla,David Castedo,es ESP,DF,32.0,18.0,18.0,1511.0,16.8,0.0,0.0,0.0,0.0,0.0,0.0,2.0,0.0,0.0,0.0,0.0,0.0,0.0,0.0,0.0,0.0,Matches,0.0
2006-2007,LaLiga,Sevilla,Aitor Ocio,es ESP,DF,29.0,17.0,15.0,1288.0,14.3,0.0,0.0,0.0,0.0,0.0,0.0,3.0,3.0,0.0,0.0,0.0,0.0,0.0,0.0,0.0,0.0,Matches,0.0
2006-2007,LaLiga,Sevilla,José Luis Martí,es ESP,MF,31.0,30.0,14.0,1621.0,18.0,2.0,2.0,4.0,2.0,0.0,0.0,9.0,1.0,0.0,0.0,0.0,0.11,0.11,0.22,0.11,0.22,Matches,0.0
2006-2007,LaLiga,Sevilla,Enzo Maresca,it ITA,MF,26.0,25.0,13.0,1328.0,14.8,2.0,1.0,3.0,2.0,0.0,2.0,2.0,0.0,0.0,0.0,0.0,0.14,0.07,0.2,0.14,0.2,Matches,0.0
2006-2007,LaLiga,Sevilla,Aleksandr Kerzhakov,ru RUS,FW,23.0,15.0,8.0,773.0,8.6,5.0,2.0,7.0,5.0,0.0,0.0,2.0,0.0,0.0,0.0,0.0,0.58,0.23,0.82,0.58,0.82,Matches,0.0
2006-2007,LaLiga,Sevilla,Andreas Hinkel,de GER,DF,24.0,13.0,7.0,608.0,6.8,0.0,0.0,0.0,0.0,0.0,0.0,1.0,1.0,0.0,0.0,0.0,0.0,0.0,0.0,0.0,0.0,Matches,0.0
2006-2007,LaLiga,Sevilla,Javier Chevantón,uy URU,FW,25.0,17.0,6.0,667.0,7.4,4.0,1.0,5.0,4.0,0.0,0.0,6.0,0.0,0.0,0.0,0.0,0.54,0.13,0.67,0.54,0.67,Matches,0.0
2006-2007,LaLiga,Sevilla,Kepa Blanco,es ESP,FW,22.0,9.0,5.0,372.0,4.1,3.0,0.0,3.0,3.0,0.0,0.0,0.0,0.0,0.0,0.0,0.0,0.73,0.0,0.73,0.73,0.73,Matches,0.0
2006-2007,LaLiga,Sevilla,David Cobeño,es ESP,GK,24.0,5.0,4.0,405.0,4.5,0.0,0.0,0.0,0.0,0.0,0.0,0.0,0.0,0.0,0.0,0.0,0.0,0.0,0.0,0.0,0.0,Matches,0.0
2006-2007,LaLiga,Sevilla,Alejandro Alfaro,es ESP,"FW,MF",19.0,9.0,2.0,309.0,3.4,1.0,1.0,2.0,1.0,0.0,0.0,1.0,0.0,0.0,0.0,0.0,0.29,0.29,0.58,0.29,0.58,Matches,0.0
2006-2007,LaLiga,Sevilla,Duda,pt POR,"DF,FW",26.0,11.0,1.0,342.0,3.8,0.0,1.0,1.0,0.0,0.0,0.0,2.0,1.0,0.0,0.0,0.0,0.0,0.26,0.26,0.0,0.26,Matches,0.0
2006-2007,LaLiga,Sevilla,Bruno Herrero Arias,es ESP,MF,21.0,1.0,0.0,30.0,0.3,0.0,0.0,0.0,0.0,0.0,0.0,0.0,0.0,0.0,0.0,0.0,0.0,0.0,0.0,0.0,0.0,Matches,0.0
2006-2007,LaLiga,Sevilla,Squad Total,0,0,27.0,38.0,417.0,0.0,0.0,63.0,39.0,102.0,56.0,7.0,11.0,101.0,8.0,0.0,0.0,0.0,1.66,1.03,2.68,1.47,2.5,0,0.0
2006-2007,LaLiga,Sevilla,Opponent Total,0,0,26.7,38.0,417.0,0.0,0.0,0.0,0.0,0.0,0.0,0.0,0.0,0.0,0.0,0.0,0.0,0.0,0.0,0.0,0.0,0.0,0.0,0,0.0
2006-2007,LaLiga,Valencia,Raúl Albiol,es ESP,DF,20.0,36.0,35.0,3185.0,35.4,1.0,0.0,1.0,1.0,0.0,0.0,9.0,0.0,0.0,0.0,0.0,0.03,0.0,0.03,0.03,0.03,Matches,0.0
2006-2007,LaLiga,Valencia,David Villa,es ESP,"FW,MF",24.0,36.0,35.0,2921.0,32.5,16.0,11.0,27.0,13.0,3.0,4.0,9.0,0.0,0.0,0.0,0.0,0.49,0.34,0.83,0.4,0.74,Matches,0.0
2006-2007,LaLiga,Valencia,Santiago Cañizares,es ESP,GK,36.0,32.0,32.0,2786.0,31.0,0.0,0.0,0.0,0.0,0.0,0.0,3.0,1.0,0.0,0.0,0.0,0.0,0.0,0.0,0.0,0.0,Matches,0.0
2006-2007,LaLiga,Valencia,David Silva,es ESP,"FW,MF",20.0,36.0,31.0,2640.0,29.3,5.0,6.0,11.0,5.0,0.0,0.0,5.0,1.0,0.0,0.0,0.0,0.17,0.2,0.37,0.17,0.37,Matches,0.0
2006-2007,LaLiga,Valencia,Roberto Ayala,ar ARG,DF,33.0,29.0,29.0,2572.0,28.6,2.0,0.0,2.0,2.0,0.0,0.0,10.0,1.0,0.0,0.0,0.0,0.07,0.0,0.07,0.07,0.07,Matches,0.0
2006-2007,LaLiga,Valencia,Miguel Monteiro,pt POR,DF,26.0,30.0,27.0,2486.0,27.6,0.0,0.0,0.0,0.0,0.0,0.0,5.0,0.0,0.0,0.0,0.0,0.0,0.0,0.0,0.0,0.0,Matches,0.0
2006-2007,LaLiga,Valencia,Miguel Ángel Angulo,es ESP,"FW,MF",29.0,36.0,27.0,2256.0,25.1,5.0,3.0,8.0,5.0,0.0,0.0,2.0,0.0,0.0,0.0,0.0,0.2,0.12,0.32,0.2,0.32,Matches,0.0
2006-2007,LaLiga,Valencia,David Albelda,es ESP,"DF,MF",28.0,25.0,25.0,2005.0,22.3,0.0,0.0,0.0,0.0,0.0,0.0,6.0,1.0,0.0,0.0,0.0,0.0,0.0,0.0,0.0,0.0,Matches,0.0
2006-2007,LaLiga,Valencia,Emiliano Moretti,it ITA,DF,25.0,23.0,23.0,2039.0,22.7,2.0,0.0,2.0,2.0,0.0,0.0,5.0,1.0,0.0,0.0,0.0,0.09,0.0,0.09,0.09,0.09,Matches,0.0
2006-2007,LaLiga,Valencia,Joaquín,es ESP,"FW,MF",25.0,35.0,22.0,2137.0,23.7,5.0,3.0,8.0,5.0,0.0,0.0,5.0,0.0,0.0,0.0,0.0,0.21,0.13,0.34,0.21,0.34,Matches,0.0
2006-2007,LaLiga,Valencia,Carlos Marchena,es ESP,"DF,MF",27.0,22.0,19.0,1586.0,17.6,0.0,1.0,1.0,0.0,0.0,0.0,7.0,1.0,0.0,0.0,0.0,0.0,0.06,0.06,0.0,0.06,Matches,0.0
2006-2007,LaLiga,Valencia,Fernando Morientes,es ESP,FW,30.0,24.0,17.0,1606.0,17.8,13.0,1.0,14.0,13.0,0.0,0.0,0.0,0.0,0.0,0.0,0.0,0.73,0.06,0.78,0.73,0.78,Matches,0.0
2006-2007,LaLiga,Valencia,Curro Torres,es ESP,DF,29.0,17.0,17.0,1371.0,15.2,0.0,0.0,0.0,0.0,0.0,0.0,4.0,0.0,0.0,0.0,0.0,0.0,0.0,0.0,0.0,0.0,Matches,0.0
2006-2007,LaLiga,Valencia,Vicente Rodríguez,es ESP,"FW,MF",25.0,16.0,13.0,1131.0,12.6,4.0,5.0,9.0,3.0,1.0,1.0,2.0,0.0,0.0,0.0,0.0,0.32,0.4,0.72,0.24,0.64,Matches,0.0
2006-2007,LaLiga,Valencia,David Navarro,es ESP,DF,26.0,13.0,12.0,1006.0,11.2,1.0,0.0,1.0,1.0,0.0,0.0,5.0,0.0,0.0,0.0,0.0,0.09,0.0,0.09,0.09,0.09,Matches,0.0
2006-2007,LaLiga,Valencia,Edu Gaspar,br BRA,MF,28.0,10.0,9.0,824.0,9.2,0.0,1.0,1.0,0.0,0.0,0.0,2.0,0.0,0.0,0.0,0.0,0.0,0.11,0.11,0.0,0.11,Matches,0.0
2006-2007,LaLiga,Valencia,Rubén Baraja,es ESP,MF,31.0,14.0,9.0,803.0,8.9,1.0,3.0,4.0,1.0,0.0,0.0,6.0,0.0,0.0,0.0,0.0,0.11,0.34,0.45,0.11,0.45,Matches,0.0
2006-2007,LaLiga,Valencia,Hugo Viana,pt POR,MF,23.0,25.0,7.0,950.0,10.6,2.0,1.0,3.0,2.0,0.0,0.0,4.0,0.0,0.0,0.0,0.0,0.19,0.09,0.28,0.19,0.28,Matches,0.0
2006-2007,LaLiga,Valencia,Ludovic Butelle,fr FRA,GK,23.0,8.0,6.0,634.0,7.0,0.0,0.0,0.0,0.0,0.0,0.0,2.0,0.0,0.0,0.0,0.0,0.0,0.0,0.0,0.0,0.0,Matches,0.0
2006-2007,LaLiga,Valencia,Asier del Horno,es ESP,DF,25.0,6.0,6.0,531.0,5.9,0.0,0.0,0.0,0.0,0.0,0.0,2.0,0.0,0.0,0.0,0.0,0.0,0.0,0.0,0.0,0.0,Matches,0.0
2006-2007,LaLiga,Valencia,Miguel Pallardó,es ESP,MF,19.0,10.0,5.0,427.0,4.7,0.0,0.0,0.0,0.0,0.0,0.0,1.0,0.0,0.0,0.0,0.0,0.0,0.0,0.0,0.0,0.0,Matches,0.0
2006-2007,LaLiga,Valencia,Jaime Gavilán,es ESP,MF,21.0,12.0,4.0,404.0,4.5,0.0,2.0,2.0,0.0,0.0,0.0,2.0,1.0,0.0,0.0,0.0,0.0,0.45,0.45,0.0,0.45,Matches,0.0
2006-2007,LaLiga,Valencia,David Cerrajería,es ESP,DF,23.0,5.0,4.0,353.0,3.9,0.0,0.0,0.0,0.0,0.0,0.0,3.0,0.0,0.0,0.0,0.0,0.0,0.0,0.0,0.0,0.0,Matches,0.0
2006-2007,LaLiga,Valencia,Jorge López,es ESP,MF,27.0,14.0,2.0,300.0,3.3,0.0,1.0,1.0,0.0,0.0,0.0,3.0,1.0,0.0,0.0,0.0,0.0,0.3,0.3,0.0,0.3,Matches,0.0
2006-2007,LaLiga,Valencia,Mario Regueiro,uy URU,"FW,MF",27.0,6.0,1.0,233.0,2.6,0.0,0.0,0.0,0.0,0.0,0.0,2.0,0.0,0.0,0.0,0.0,0.0,0.0,0.0,0.0,0.0,Matches,0.0
2006-2007,LaLiga,Valencia,David Córcoles,es ESP,DF,21.0,1.0,1.0,90.0,1.0,0.0,0.0,0.0,0.0,0.0,0.0,0.0,0.0,0.0,0.0,0.0,0.0,0.0,0.0,0.0,0.0,Matches,0.0
2006-2007,LaLiga,Valencia,Francesco Tavano,it ITA,FW,27.0,3.0,0.0,47.0,0.5,0.0,0.0,0.0,0.0,0.0,0.0,0.0,0.0,0.0,0.0,0.0,0.0,0.0,0.0,0.0,0.0,Matches,0.0
2006-2007,LaLiga,Valencia,Javi Guerra,es ESP,FW,24.0,2.0,0.0,17.0,0.2,0.0,0.0,0.0,0.0,0.0,0.0,0.0,0.0,0.0,0.0,0.0,0.0,0.0,0.0,0.0,0.0,Matches,0.0
2006-2007,LaLiga,Valencia,Natxo Insa,my MAS,MF,20.0,1.0,0.0,7.0,0.1,0.0,0.0,0.0,0.0,0.0,0.0,0.0,0.0,0.0,0.0,0.0,0.0,0.0,0.0,0.0,0.0,Matches,0.0
2006-2007,LaLiga,Valencia,Squad Total,0,0,26.9,38.0,418.0,0.0,0.0,57.0,38.0,95.0,53.0,4.0,5.0,104.0,8.0,0.0,0.0,0.0,1.5,1.0,2.5,1.39,2.39,0,0.0
2006-2007,LaLiga,Valencia,Opponent Total,0,0,26.8,38.0,418.0,0.0,0.0,0.0,0.0,0.0,0.0,0.0,0.0,0.0,0.0,0.0,0.0,0.0,0.0,0.0,0.0,0.0,0.0,0,0.0
2006-2007,LaLiga,Villarreal,Diego Forlán,uy URU,"FW,MF",27.0,36.0,34.0,3008.0,33.4,19.0,2.0,21.0,18.0,1.0,1.0,3.0,0.0,0.0,0.0,0.0,0.57,0.06,0.63,0.54,0.6,Matches,0.0
2006-2007,LaLiga,Villarreal,Marcos Senna,es ESP,MF,30.0,33.0,33.0,2807.0,31.2,0.0,1.0,1.0,0.0,0.0,0.0,10.0,0.0,0.0,0.0,0.0,0.0,0.03,0.03,0.0,0.03,Matches,0.0
2006-2007,LaLiga,Villarreal,Fabricio Fuentes,ar ARG,DF,29.0,33.0,32.0,2913.0,32.4,4.0,0.0,4.0,4.0,0.0,0.0,7.0,0.0,0.0,0.0,0.0,0.12,0.0,0.12,0.12,0.12,Matches,0.0
2006-2007,LaLiga,Villarreal,Sebastián Viera,uy URU,GK,23.0,28.0,27.0,2475.0,27.5,0.0,0.0,0.0,0.0,0.0,0.0,3.0,0.0,0.0,0.0,0.0,0.0,0.0,0.0,0.0,0.0,Matches,0.0
2006-2007,LaLiga,Villarreal,Cani,es ESP,MF,24.0,35.0,27.0,2418.0,26.9,4.0,3.0,7.0,4.0,0.0,0.0,4.0,1.0,0.0,0.0,0.0,0.15,0.11,0.26,0.15,0.26,Matches,0.0
2006-2007,LaLiga,Villarreal,José Enrique,es ESP,DF,20.0,23.0,22.0,2059.0,22.9,0.0,0.0,0.0,0.0,0.0,0.0,2.0,0.0,0.0,0.0,0.0,0.0,0.0,0.0,0.0,0.0,Matches,0.0
2006-2007,LaLiga,Villarreal,Josico,es ESP,"FW,MF",31.0,26.0,22.0,1585.0,17.6,1.0,1.0,2.0,1.0,0.0,0.0,5.0,0.0,0.0,0.0,0.0,0.06,0.06,0.11,0.06,0.11,Matches,0.0
2006-2007,LaLiga,Villarreal,Marquitos,es ESP,"FW,MF",19.0,29.0,20.0,1778.0,19.8,3.0,2.0,5.0,3.0,0.0,0.0,2.0,0.0,0.0,0.0,0.0,0.15,0.1,0.25,0.15,0.25,Matches,0.0
2006-2007,LaLiga,Villarreal,Pascal Cygan,fr FRA,DF,32.0,21.0,20.0,1748.0,19.4,1.0,1.0,2.0,1.0,0.0,0.0,4.0,0.0,0.0,0.0,0.0,0.05,0.05,0.1,0.05,0.1,Matches,0.0
2006-2007,LaLiga,Villarreal,Javi Venta,es ESP,DF,30.0,20.0,19.0,1668.0,18.5,0.0,2.0,2.0,0.0,0.0,0.0,4.0,0.0,0.0,0.0,0.0,0.0,0.11,0.11,0.0,0.11,Matches,0.0
2006-2007,LaLiga,Villarreal,Josemi,es ESP,DF,26.0,21.0,18.0,1708.0,19.0,0.0,0.0,0.0,0.0,0.0,0.0,8.0,0.0,0.0,0.0,0.0,0.0,0.0,0.0,0.0,0.0,Matches,0.0
2006-2007,LaLiga,Villarreal,Rodolfo Arruabarrena,ar ARG,DF,31.0,20.0,16.0,1335.0,14.8,2.0,0.0,2.0,2.0,0.0,0.0,5.0,0.0,0.0,0.0,0.0,0.13,0.0,0.13,0.13,0.13,Matches,0.0
2006-2007,LaLiga,Villarreal,Guillermo Franco,mx MEX,FW,29.0,27.0,14.0,1425.0,15.8,2.0,3.0,5.0,2.0,0.0,0.0,5.0,1.0,0.0,0.0,0.0,0.13,0.19,0.32,0.13,0.32,Matches,0.0
2006-2007,LaLiga,Villarreal,Matías Fernández,cl CHI,MF,20.0,20.0,14.0,1242.0,13.8,1.0,7.0,8.0,1.0,0.0,0.0,2.0,0.0,0.0,0.0,0.0,0.07,0.51,0.58,0.07,0.58,Matches,0.0
2006-2007,LaLiga,Villarreal,Juan Román Riquelme,ar ARG,MF,28.0,13.0,13.0,1170.0,13.0,1.0,6.0,7.0,0.0,1.0,1.0,1.0,0.0,0.0,0.0,0.0,0.08,0.46,0.54,0.0,0.46,Matches,0.0
2006-2007,LaLiga,Villarreal,Quique Álvarez,es ESP,DF,31.0,15.0,12.0,1210.0,13.4,0.0,0.0,0.0,0.0,0.0,0.0,7.0,0.0,0.0,0.0,0.0,0.0,0.0,0.0,0.0,0.0,Matches,0.0
2006-2007,LaLiga,Villarreal,Alessio Tacchinardi,it ITA,MF,31.0,22.0,11.0,1119.0,12.4,1.0,2.0,3.0,1.0,0.0,0.0,10.0,0.0,0.0,0.0,0.0,0.08,0.16,0.24,0.08,0.24,Matches,0.0
2006-2007,LaLiga,Villarreal,Leandro Somoza,ar ARG,MF,25.0,25.0,11.0,1092.0,12.1,0.0,0.0,0.0,0.0,0.0,0.0,6.0,0.0,0.0,0.0,0.0,0.0,0.0,0.0,0.0,0.0,Matches,0.0
2006-2007,LaLiga,Villarreal,Mariano Barbosa,ar ARG,GK,22.0,11.0,11.0,945.0,10.5,0.0,0.0,0.0,0.0,0.0,0.0,1.0,0.0,0.0,0.0,0.0,0.0,0.0,0.0,0.0,0.0,Matches,0.0
2006-2007,LaLiga,Villarreal,José Mari,es ESP,FW,27.0,20.0,8.0,934.0,10.4,0.0,1.0,1.0,0.0,0.0,0.0,3.0,1.0,0.0,0.0,0.0,0.0,0.1,0.1,0.0,0.1,Matches,0.0
2006-2007,LaLiga,Villarreal,Robert Pirès,fr FRA,"FW,MF",32.0,11.0,8.0,659.0,7.3,3.0,0.0,3.0,3.0,0.0,0.0,0.0,1.0,0.0,0.0,0.0,0.41,0.0,0.41,0.41,0.41,Matches,0.0
2006-2007,LaLiga,Villarreal,Jon Dahl Tomasson,dk DEN,"FW,MF",29.0,11.0,7.0,648.0,7.2,4.0,0.0,4.0,4.0,0.0,0.0,0.0,0.0,0.0,0.0,0.0,0.56,0.0,0.56,0.56,0.56,Matches,0.0
2006-2007,LaLiga,Villarreal,Nihat Kahveci,tr TUR,FW,26.0,9.0,7.0,509.0,5.7,0.0,1.0,1.0,0.0,0.0,0.0,2.0,0.0,0.0,0.0,0.0,0.0,0.18,0.18,0.0,0.18,Matches,0.0
2006-2007,LaLiga,Villarreal,Gonzalo Rodríguez,ar ARG,DF,22.0,6.0,6.0,540.0,6.0,0.0,0.0,0.0,0.0,0.0,0.0,2.0,0.0,0.0,0.0,0.0,0.0,0.0,0.0,0.0,0.0,Matches,0.0
2006-2007,LaLiga,Villarreal,Juan Manuel Peña,bo BOL,DF,33.0,6.0,6.0,429.0,4.8,0.0,0.0,0.0,0.0,0.0,0.0,1.0,0.0,0.0,0.0,0.0,0.0,0.0,0.0,0.0,0.0,Matches,0.0
2006-2007,LaLiga,Villarreal,Jonathan Pereira,es ESP,FW,19.0,4.0,0.0,81.0,0.9,1.0,0.0,1.0,1.0,0.0,0.0,1.0,0.0,0.0,0.0,0.0,1.11,0.0,1.11,1.11,1.11,Matches,0.0
2006-2007,LaLiga,Villarreal,Bruno Soriano,es ESP,MF,22.0,3.0,0.0,58.0,0.6,0.0,0.0,0.0,0.0,0.0,0.0,1.0,0.0,0.0,0.0,0.0,0.0,0.0,0.0,0.0,0.0,Matches,0.0
2006-2007,LaLiga,Villarreal,Squad Total,0,0,27.2,38.0,418.0,0.0,0.0,47.0,32.0,79.0,45.0,2.0,2.0,99.0,4.0,0.0,0.0,0.0,1.24,0.84,2.08,1.18,2.03,0,0.0
2006-2007,LaLiga,Villarreal,Opponent Total,0,0,26.8,38.0,418.0,0.0,0.0,0.0,0.0,0.0,0.0,0.0,0.0,0.0,0.0,0.0,0.0,0.0,0.0,0.0,0.0,0.0,0.0,0,0.0
2006-2007,LaLiga,Zaragoza,César Sánchez,es ESP,GK,34.0,0.0,38.0,3420.0,38.0,0.0,0.0,0.0,0.0,0.0,0.0,5.0,0.0,0.0,0.0,0.0,0.0,0.0,0.0,0.0,0.0,Matches,38.0
2006-2007,LaLiga,Zaragoza,Alberto Zapater,es ESP,MF,21.0,0.0,36.0,3158.0,35.1,0.0,2.0,2.0,0.0,0.0,0.0,7.0,1.0,0.0,0.0,0.0,0.0,0.06,0.06,0.0,0.06,Matches,36.0
2006-2007,LaLiga,Zaragoza,Diego Milito,ar ARG,FW,27.0,0.0,36.0,3129.0,34.8,23.0,1.0,24.0,19.0,4.0,5.0,3.0,0.0,0.0,0.0,0.0,0.66,0.03,0.69,0.55,0.58,Matches,37.0
2006-2007,LaLiga,Zaragoza,Gabriel Milito,ar ARG,DF,25.0,0.0,35.0,3081.0,34.2,1.0,0.0,1.0,1.0,0.0,0.0,12.0,2.0,0.0,0.0,0.0,0.03,0.0,0.03,0.03,0.03,Matches,35.0
2006-2007,LaLiga,Zaragoza,Andrés D'Alessandro,ar ARG,"FW,MF",25.0,0.0,35.0,2814.0,31.3,2.0,7.0,9.0,2.0,0.0,0.0,10.0,0.0,0.0,0.0,0.0,0.06,0.22,0.29,0.06,0.29,Matches,36.0
2006-2007,LaLiga,Zaragoza,Juanfran,es ESP,DF,30.0,0.0,34.0,3010.0,33.4,0.0,0.0,0.0,0.0,0.0,0.0,8.0,1.0,0.0,0.0,0.0,0.0,0.0,0.0,0.0,0.0,Matches,34.0
2006-2007,LaLiga,Zaragoza,Pablo Aimar,ar ARG,MF,26.0,0.0,31.0,2506.0,27.8,5.0,7.0,12.0,5.0,0.0,0.0,7.0,0.0,0.0,0.0,0.0,0.18,0.25,0.43,0.18,0.43,Matches,31.0
2006-2007,LaLiga,Zaragoza,Carlos Diogo,uy URU,"DF,MF",23.0,0.0,30.0,2655.0,29.5,4.0,1.0,5.0,4.0,0.0,0.0,16.0,1.0,0.0,0.0,0.0,0.14,0.03,0.17,0.14,0.17,Matches,30.0
2006-2007,LaLiga,Zaragoza,Sergio,es ESP,DF,29.0,0.0,28.0,2471.0,27.5,0.0,0.0,0.0,0.0,0.0,0.0,11.0,0.0,0.0,0.0,0.0,0.0,0.0,0.0,0.0,0.0,Matches,28.0
2006-2007,LaLiga,Zaragoza,Sergio García,es ESP,"FW,MF",23.0,0.0,24.0,2072.0,23.0,6.0,5.0,11.0,6.0,0.0,0.0,3.0,0.0,0.0,0.0,0.0,0.26,0.22,0.48,0.26,0.48,Matches,33.0
2006-2007,LaLiga,Zaragoza,Gerard Piqué,es ESP,DF,19.0,0.0,18.0,1568.0,17.4,2.0,1.0,3.0,2.0,0.0,0.0,7.0,1.0,0.0,0.0,0.0,0.11,0.06,0.17,0.11,0.17,Matches,22.0
2006-2007,LaLiga,Zaragoza,Ewerthon,br BRA,FW,25.0,0.0,15.0,1324.0,14.7,6.0,3.0,9.0,6.0,0.0,0.0,2.0,0.0,0.0,0.0,0.0,0.41,0.2,0.61,0.41,0.61,Matches,28.0
2006-2007,LaLiga,Zaragoza,Albert Celades,es ESP,MF,30.0,0.0,15.0,1275.0,14.2,1.0,0.0,1.0,1.0,0.0,0.0,2.0,0.0,0.0,0.0,0.0,0.07,0.0,0.07,0.07,0.07,Matches,21.0
2006-2007,LaLiga,Zaragoza,José María Movilla,es ESP,MF,31.0,0.0,12.0,1365.0,15.2,0.0,2.0,2.0,0.0,0.0,0.0,4.0,0.0,0.0,0.0,0.0,0.0,0.13,0.13,0.0,0.13,Matches,22.0
2006-2007,LaLiga,Zaragoza,Óscar,es ESP,MF,23.0,0.0,9.0,1058.0,11.8,3.0,2.0,5.0,3.0,0.0,0.0,4.0,0.0,0.0,0.0,0.0,0.26,0.17,0.43,0.26,0.43,Matches,30.0
2006-2007,LaLiga,Zaragoza,Chus Herrero,es ESP,DF,22.0,0.0,8.0,723.0,8.0,0.0,0.0,0.0,0.0,0.0,0.0,6.0,0.0,0.0,0.0,0.0,0.0,0.0,0.0,0.0,0.0,Matches,10.0
2006-2007,LaLiga,Zaragoza,Leonardo Ponzio,ar ARG,MF,24.0,0.0,8.0,685.0,7.6,0.0,1.0,1.0,0.0,0.0,0.0,2.0,1.0,0.0,0.0,0.0,0.0,0.13,0.13,0.0,0.13,Matches,11.0
2006-2007,LaLiga,Zaragoza,Ángel Lafita,es ESP,"FW,MF",21.0,0.0,4.0,695.0,7.7,1.0,0.0,1.0,1.0,0.0,0.0,3.0,0.0,0.0,0.0,0.0,0.13,0.0,0.13,0.13,0.13,Matches,28.0
2006-2007,LaLiga,Zaragoza,Antonio Longás,es ESP,MF,21.0,0.0,1.0,239.0,2.7,0.0,1.0,1.0,0.0,0.0,0.0,0.0,0.0,0.0,0.0,0.0,0.0,0.38,0.38,0.0,0.38,Matches,10.0
2006-2007,LaLiga,Zaragoza,Luis Cuartero,es ESP,DF,30.0,0.0,1.0,90.0,1.0,0.0,1.0,1.0,0.0,0.0,0.0,0.0,0.0,0.0,0.0,0.0,0.0,1.0,1.0,0.0,1.0,Matches,1.0
2006-2007,LaLiga,Zaragoza,Gustavo Nery,br BRA,DF,29.0,0.0,0.0,59.0,0.7,0.0,0.0,0.0,0.0,0.0,0.0,1.0,0.0,0.0,0.0,0.0,0.0,0.0,0.0,0.0,0.0,Matches,4.0
2006-2007,LaLiga,Zaragoza,Agustín Aranzábal,es ESP,DF,33.0,0.0,0.0,13.0,0.1,0.0,0.0,0.0,0.0,0.0,0.0,0.0,0.0,0.0,0.0,0.0,0.0,0.0,0.0,0.0,0.0,Matches,1.0
2006-2007,LaLiga,Zaragoza,Squad Total,0,0,26.5,0.0,418.0,0.0,0.0,54.0,34.0,88.0,50.0,4.0,5.0,108.0,7.0,0.0,0.0,0.0,1.42,0.89,2.32,1.32,2.21,0,38.0
2006-2007,LaLiga,Zaragoza,Opponent Total,0,0,26.6,0.0,418.0,0.0,0.0,0.0,0.0,0.0,0.0,0.0,0.0,0.0,0.0,0.0,0.0,0.0,0.0,0.0,0.0,0.0,0.0,0,38.0
2006-2007,LaLiga,Atlético Madrid,Fernando Torres,es ESP,FW,22.0,0.0,36.0,3077.0,34.2,15.0,5.0,20.0,11.0,4.0,8.0,5.0,1.0,0.0,0.0,0.0,0.44,0.15,0.58,0.32,0.47,Matches,36.0
2006-2007,LaLiga,Atlético Madrid,Leo Franco,ar ARG,GK,29.0,0.0,32.0,2835.0,31.5,0.0,0.0,0.0,0.0,0.0,0.0,2.0,0.0,0.0,0.0,0.0,0.0,0.0,0.0,0.0,0.0,Matches,32.0
2006-2007,LaLiga,Atlético Madrid,Antonio López,es ESP,"DF,MF",24.0,0.0,31.0,2725.0,30.3,0.0,2.0,2.0,0.0,0.0,0.0,7.0,0.0,0.0,0.0,0.0,0.0,0.07,0.07,0.0,0.07,Matches,33.0
2006-2007,LaLiga,Atlético Madrid,Peter Luccin,fr FRA,MF,27.0,0.0,31.0,2613.0,29.0,0.0,3.0,3.0,0.0,0.0,0.0,13.0,3.0,0.0,0.0,0.0,0.0,0.1,0.1,0.0,0.1,Matches,31.0
2006-2007,LaLiga,Atlético Madrid,Giourkas Seitaridis,gr GRE,DF,25.0,0.0,29.0,2570.0,28.6,0.0,2.0,2.0,0.0,0.0,0.0,9.0,2.0,0.0,0.0,0.0,0.0,0.07,0.07,0.0,0.07,Matches,31.0
2006-2007,LaLiga,Atlético Madrid,Luciano Galletti,ar ARG,MF,26.0,0.0,28.0,2481.0,27.6,4.0,4.0,8.0,2.0,2.0,2.0,9.0,0.0,0.0,0.0,0.0,0.15,0.15,0.29,0.07,0.22,Matches,36.0
2006-2007,LaLiga,Atlético Madrid,Sergio Agüero,ar ARG,FW,18.0,0.0,25.0,2484.0,27.6,6.0,2.0,8.0,6.0,0.0,0.0,4.0,0.0,0.0,0.0,0.0,0.22,0.07,0.29,0.22,0.29,Matches,38.0
2006-2007,LaLiga,Atlético Madrid,Maniche,pt POR,MF,28.0,0.0,25.0,2181.0,24.2,4.0,2.0,6.0,4.0,0.0,0.0,7.0,0.0,0.0,0.0,0.0,0.17,0.08,0.25,0.17,0.25,Matches,28.0
2006-2007,LaLiga,Atlético Madrid,Luis Amaranto Perea,co COL,DF,27.0,0.0,25.0,2124.0,23.6,0.0,0.0,0.0,0.0,0.0,0.0,8.0,0.0,0.0,0.0,0.0,0.0,0.0,0.0,0.0,0.0,Matches,26.0
2006-2007,LaLiga,Atlético Madrid,Pablo Ibáñez,es ESP,DF,24.0,0.0,24.0,2073.0,23.0,2.0,1.0,3.0,2.0,0.0,0.0,5.0,0.0,0.0,0.0,0.0,0.09,0.04,0.13,0.09,0.13,Matches,24.0
2006-2007,LaLiga,Atlético Madrid,José Manuel Jurado,es ESP,MF,20.0,0.0,22.0,1993.0,22.1,0.0,3.0,3.0,0.0,0.0,0.0,2.0,0.0,0.0,0.0,0.0,0.0,0.14,0.14,0.0,0.14,Matches,33.0
2006-2007,LaLiga,Atlético Madrid,Zé Castro,pt POR,DF,23.0,0.0,20.0,1840.0,20.4,2.0,1.0,3.0,2.0,0.0,0.0,2.0,0.0,0.0,0.0,0.0,0.1,0.05,0.15,0.1,0.15,Matches,22.0
2006-2007,LaLiga,Atlético Madrid,Mariano Pernía,es ESP,DF,29.0,0.0,16.0,1373.0,15.3,0.0,1.0,1.0,0.0,0.0,0.0,9.0,0.0,0.0,0.0,0.0,0.0,0.07,0.07,0.0,0.07,Matches,21.0
2006-2007,LaLiga,Atlético Madrid,Costinha,pt POR,MF,31.0,0.0,14.0,1246.0,13.8,0.0,0.0,0.0,0.0,0.0,0.0,7.0,1.0,0.0,0.0,0.0,0.0,0.0,0.0,0.0,0.0,Matches,24.0
2006-2007,LaLiga,Atlético Madrid,Mista,es ESP,FW,27.0,0.0,12.0,1233.0,13.7,3.0,2.0,5.0,3.0,0.0,0.0,5.0,0.0,0.0,0.0,0.0,0.22,0.15,0.36,0.22,0.36,Matches,29.0
2006-2007,LaLiga,Atlético Madrid,Fabiano Eller,br BRA,DF,28.0,0.0,12.0,1033.0,11.5,1.0,0.0,1.0,1.0,0.0,0.0,2.0,2.0,0.0,0.0,0.0,0.09,0.0,0.09,0.09,0.09,Matches,12.0
2006-2007,LaLiga,Atlético Madrid,Martin Petrov,bg BUL,"FW,MF",27.0,0.0,11.0,903.0,10.0,2.0,2.0,4.0,2.0,0.0,0.0,3.0,0.0,0.0,0.0,0.0,0.2,0.2,0.4,0.2,0.4,Matches,13.0
2006-2007,LaLiga,Atlético Madrid,Gabi,es ESP,MF,23.0,0.0,7.0,896.0,10.0,0.0,1.0,1.0,0.0,0.0,0.0,8.0,1.0,0.0,0.0,0.0,0.0,0.1,0.1,0.0,0.1,Matches,20.0
2006-2007,LaLiga,Atlético Madrid,Maxi Rodríguez,ar ARG,"FW,MF",25.0,0.0,6.0,627.0,7.0,5.0,2.0,7.0,5.0,0.0,0.0,2.0,0.0,0.0,0.0,0.0,0.72,0.29,1.0,0.72,1.0,Matches,10.0
2006-2007,LaLiga,Atlético Madrid,Iván Cuéllar,es ESP,GK,22.0,0.0,6.0,585.0,6.5,0.0,0.0,0.0,0.0,0.0,0.0,2.0,0.0,0.0,0.0,0.0,0.0,0.0,0.0,0.0,0.0,Matches,7.0
2006-2007,LaLiga,Atlético Madrid,Juan Valera Espín,es ESP,"DF,MF",21.0,0.0,4.0,381.0,4.2,0.0,0.0,0.0,0.0,0.0,0.0,2.0,0.0,0.0,0.0,0.0,0.0,0.0,0.0,0.0,0.0,Matches,8.0
2006-2007,LaLiga,Atlético Madrid,Víctor Bravo,es ESP,MF,22.0,0.0,2.0,139.0,1.5,0.0,0.0,0.0,0.0,0.0,0.0,0.0,0.0,0.0,0.0,0.0,0.0,0.0,0.0,0.0,0.0,Matches,2.0
2006-2007,LaLiga,Atlético Madrid,Fernando Marqués,es ESP,MF,21.0,0.0,0.0,30.0,0.3,0.0,0.0,0.0,0.0,0.0,0.0,0.0,0.0,0.0,0.0,0.0,0.0,0.0,0.0,0.0,0.0,Matches,2.0
2006-2007,LaLiga,Atlético Madrid,Rufino,es ESP,FW,21.0,0.0,0.0,28.0,0.3,0.0,0.0,0.0,0.0,0.0,0.0,0.0,0.0,0.0,0.0,0.0,0.0,0.0,0.0,0.0,0.0,Matches,1.0
2006-2007,LaLiga,Atlético Madrid,Pollo,es ESP,MF,23.0,0.0,0.0,3.0,0.0,0.0,0.0,0.0,0.0,0.0,0.0,0.0,0.0,0.0,0.0,0.0,0.0,0.0,0.0,0.0,0.0,Matches,1.0
2006-2007,LaLiga,Atlético Madrid,Jacobo Ynclán,es ESP,"FW,MF",22.0,0.0,0.0,2.0,0.0,0.0,0.0,0.0,0.0,0.0,0.0,0.0,0.0,0.0,0.0,0.0,0.0,0.0,0.0,0.0,0.0,Matches,1.0
2006-2007,LaLiga,Atlético Madrid,Squad Total,0,0,25.4,0.0,418.0,0.0,0.0,44.0,33.0,77.0,38.0,6.0,10.0,113.0,10.0,0.0,0.0,0.0,1.16,0.87,2.03,1.0,1.87,0,38.0
2006-2007,LaLiga,Atlético Madrid,Opponent Total,0,0,26.9,0.0,418.0,0.0,0.0,0.0,0.0,0.0,0.0,0.0,0.0,0.0,0.0,0.0,0.0,0.0,0.0,0.0,0.0,0.0,0.0,0,38.0
2006-2007,LaLiga,Recreativo,Jesús Vázquez,es ESP,MF,26.0,0.0,36.0,3095.0,34.4,6.0,0.0,6.0,3.0,3.0,3.0,6.0,0.0,0.0,0.0,0.0,0.17,0.0,0.17,0.09,0.09,Matches,37.0
2006-2007,LaLiga,Recreativo,Santi Cazorla,es ESP,MF,21.0,0.0,32.0,2812.0,31.2,4.0,6.0,10.0,4.0,0.0,0.0,2.0,0.0,0.0,0.0,0.0,0.13,0.19,0.32,0.13,0.32,Matches,34.0
2006-2007,LaLiga,Recreativo,Javier López Vallejo,es ESP,GK,30.0,0.0,30.0,2655.0,29.5,0.0,0.0,0.0,0.0,0.0,0.0,4.0,0.0,0.0,0.0,0.0,0.0,0.0,0.0,0.0,0.0,Matches,30.0
2006-2007,LaLiga,Recreativo,Aitor Tornavaca,es ESP,MF,30.0,0.0,30.0,2530.0,28.1,1.0,6.0,7.0,1.0,0.0,0.0,4.0,0.0,0.0,0.0,0.0,0.04,0.21,0.25,0.04,0.25,Matches,37.0
2006-2007,LaLiga,Recreativo,Beto,pt POR,DF,30.0,0.0,24.0,1999.0,22.2,2.0,1.0,3.0,2.0,0.0,0.0,3.0,1.0,0.0,0.0,0.0,0.09,0.05,0.14,0.09,0.14,Matches,25.0
2006-2007,LaLiga,Recreativo,Mario,es ESP,DF,24.0,0.0,23.0,2017.0,22.4,1.0,0.0,1.0,1.0,0.0,0.0,4.0,0.0,0.0,0.0,0.0,0.04,0.0,0.04,0.04,0.04,Matches,24.0
2006-2007,LaLiga,Recreativo,Florent Sinama Pongolle,fr FRA,FW,21.0,0.0,23.0,2005.0,22.3,12.0,2.0,14.0,10.0,2.0,3.0,3.0,0.0,0.0,0.0,0.0,0.54,0.09,0.63,0.45,0.54,Matches,34.0
2006-2007,LaLiga,Recreativo,Juan Merino,es ESP,DF,35.0,0.0,23.0,1969.0,21.9,0.0,0.0,0.0,0.0,0.0,0.0,3.0,1.0,0.0,0.0,0.0,0.0,0.0,0.0,0.0,0.0,Matches,23.0
2006-2007,LaLiga,Recreativo,Ikechukwu Uche,ng NGA,FW,22.0,0.0,22.0,2162.0,24.0,8.0,5.0,13.0,8.0,0.0,0.0,1.0,0.0,0.0,0.0,0.0,0.33,0.21,0.54,0.33,0.54,Matches,31.0
2006-2007,LaLiga,Recreativo,Dani Bautista,es ESP,DF,25.0,0.0,21.0,1813.0,20.1,0.0,0.0,0.0,0.0,0.0,0.0,4.0,1.0,0.0,0.0,0.0,0.0,0.0,0.0,0.0,0.0,Matches,23.0
2006-2007,LaLiga,Recreativo,Emilio Viqueira,es ESP,MF,31.0,0.0,20.0,1842.0,20.5,1.0,1.0,2.0,1.0,0.0,0.0,2.0,0.0,0.0,0.0,0.0,0.05,0.05,0.1,0.05,0.1,Matches,24.0
2006-2007,LaLiga,Recreativo,Poli,es ESP,DF,29.0,0.0,17.0,1508.0,16.8,0.0,0.0,0.0,0.0,0.0,0.0,4.0,0.0,0.0,0.0,0.0,0.0,0.0,0.0,0.0,0.0,Matches,17.0
2006-2007,LaLiga,Recreativo,César Arzo,es ESP,"DF,MF",20.0,0.0,16.0,1647.0,18.3,0.0,0.0,0.0,0.0,0.0,0.0,9.0,0.0,0.0,0.0,0.0,0.0,0.0,0.0,0.0,0.0,Matches,24.0
2006-2007,LaLiga,Recreativo,Rafael Barber,es ESP,MF,25.0,0.0,16.0,1419.0,15.8,0.0,0.0,0.0,0.0,0.0,0.0,6.0,0.0,0.0,0.0,0.0,0.0,0.0,0.0,0.0,0.0,Matches,20.0
2006-2007,LaLiga,Recreativo,Juanma,es ESP,MF,25.0,0.0,14.0,1358.0,15.1,2.0,4.0,6.0,2.0,0.0,0.0,1.0,0.0,0.0,0.0,0.0,0.13,0.27,0.4,0.13,0.4,Matches,27.0
2006-2007,LaLiga,Recreativo,Edu Moya,es ESP,"DF,MF",25.0,0.0,14.0,1293.0,14.4,0.0,0.0,0.0,0.0,0.0,0.0,5.0,0.0,0.0,0.0,0.0,0.0,0.0,0.0,0.0,0.0,Matches,15.0
2006-2007,LaLiga,Recreativo,Pablo Amo,es ESP,DF,28.0,0.0,14.0,1254.0,13.9,1.0,0.0,1.0,1.0,0.0,0.0,2.0,0.0,0.0,0.0,0.0,0.07,0.0,0.07,0.07,0.07,Matches,18.0
2006-2007,LaLiga,Recreativo,Javi Guerrero,es ESP,FW,29.0,0.0,13.0,1221.0,13.6,7.0,2.0,9.0,7.0,0.0,2.0,2.0,0.0,0.0,0.0,0.0,0.52,0.15,0.66,0.52,0.66,Matches,23.0
2006-2007,LaLiga,Recreativo,Laurențiu Roșu,ro ROU,"FW,MF",30.0,0.0,10.0,1069.0,11.9,3.0,2.0,5.0,3.0,0.0,0.0,0.0,0.0,0.0,0.0,0.0,0.25,0.17,0.42,0.25,0.42,Matches,27.0
2006-2007,LaLiga,Recreativo,Bertrand Laquait,fr FRA,GK,29.0,0.0,8.0,765.0,8.5,0.0,0.0,0.0,0.0,0.0,0.0,1.0,0.0,0.0,0.0,0.0,0.0,0.0,0.0,0.0,0.0,Matches,9.0
2006-2007,LaLiga,Recreativo,Antonio Calle,es ESP,FW,27.0,0.0,7.0,458.0,5.1,2.0,1.0,3.0,2.0,0.0,0.0,0.0,0.0,0.0,0.0,0.0,0.39,0.2,0.59,0.39,0.59,Matches,7.0
2006-2007,LaLiga,Recreativo,Cheli,es ESP,MF,27.0,0.0,3.0,372.0,4.1,2.0,1.0,3.0,2.0,0.0,0.0,0.0,0.0,0.0,0.0,0.0,0.48,0.24,0.73,0.48,0.73,Matches,12.0
2006-2007,LaLiga,Recreativo,Iago Bouzón,es ESP,DF,23.0,0.0,2.0,291.0,3.2,0.0,0.0,0.0,0.0,0.0,0.0,0.0,0.0,0.0,0.0,0.0,0.0,0.0,0.0,0.0,0.0,Matches,6.0
2006-2007,LaLiga,Recreativo,Pablo Oliveira,es ESP,DF,19.0,0.0,0.0,11.0,0.1,0.0,0.0,0.0,0.0,0.0,0.0,0.0,0.0,0.0,0.0,0.0,0.0,0.0,0.0,0.0,0.0,Matches,1.0
2006-2007,LaLiga,Recreativo,Squad Total,0,0,27.1,0.0,418.0,0.0,0.0,52.0,31.0,83.0,47.0,5.0,8.0,66.0,3.0,0.0,0.0,0.0,1.37,0.82,2.18,1.24,2.05,0,38.0
2006-2007,LaLiga,Recreativo,Opponent Total,0,0,26.8,0.0,418.0,0.0,0.0,0.0,0.0,0.0,0.0,0.0,0.0,0.0,0.0,0.0,0.0,0.0,0.0,0.0,0.0,0.0,0.0,0,38.0
2006-2007,LaLiga,Getafe,Pato Abbondanzieri,ar ARG,GK,33.0,36.0,36.0,3215.0,35.7,0.0,0.0,0.0,0.0,0.0,0.0,3.0,0.0,0.0,0.0,0.0,0.0,0.0,0.0,0.0,0.0,Matches,0.0
2006-2007,LaLiga,Getafe,Fabio Celestini,ch SUI,MF,30.0,34.0,34.0,3060.0,34.0,1.0,0.0,1.0,1.0,0.0,0.0,11.0,0.0,0.0,0.0,0.0,0.03,0.0,0.03,0.03,0.03,Matches,0.0
2006-2007,LaLiga,Getafe,David Belenguer,es ESP,DF,33.0,34.0,34.0,3037.0,33.7,1.0,0.0,1.0,1.0,0.0,0.0,8.0,1.0,0.0,0.0,0.0,0.03,0.0,0.03,0.03,0.03,Matches,0.0
2006-2007,LaLiga,Getafe,Javier Casquero,es ESP,MF,30.0,36.0,34.0,3011.0,33.5,5.0,3.0,8.0,5.0,0.0,0.0,12.0,1.0,0.0,0.0,0.0,0.15,0.09,0.24,0.15,0.24,Matches,0.0
2006-2007,LaLiga,Getafe,Javier Paredes,es ESP,DF,24.0,33.0,33.0,2970.0,33.0,0.0,0.0,0.0,0.0,0.0,0.0,10.0,0.0,0.0,0.0,0.0,0.0,0.0,0.0,0.0,0.0,Matches,0.0
2006-2007,LaLiga,Getafe,Mario Cotelo,es ESP,MF,31.0,31.0,28.0,2424.0,26.9,1.0,6.0,7.0,1.0,0.0,0.0,5.0,0.0,0.0,0.0,0.0,0.04,0.22,0.26,0.04,0.26,Matches,0.0
2006-2007,LaLiga,Getafe,Manu del Moral,es ESP,FW,22.0,30.0,26.0,2240.0,24.9,8.0,2.0,10.0,7.0,1.0,2.0,1.0,0.0,0.0,0.0,0.0,0.32,0.08,0.4,0.28,0.36,Matches,0.0
2006-2007,LaLiga,Getafe,Nacho,es ESP,"DF,MF",26.0,33.0,25.0,2082.0,23.1,4.0,4.0,8.0,4.0,0.0,0.0,6.0,0.0,0.0,0.0,0.0,0.17,0.17,0.35,0.17,0.35,Matches,0.0
2006-2007,LaLiga,Getafe,Alexis,es ESP,DF,20.0,24.0,24.0,2114.0,23.5,2.0,0.0,2.0,2.0,0.0,0.0,4.0,1.0,0.0,0.0,0.0,0.09,0.0,0.09,0.09,0.09,Matches,0.0
2006-2007,LaLiga,Getafe,Dani Güiza,es ESP,FW,25.0,29.0,22.0,1912.0,21.2,11.0,5.0,16.0,11.0,0.0,1.0,4.0,0.0,0.0,0.0,0.0,0.52,0.24,0.75,0.52,0.75,Matches,0.0
2006-2007,LaLiga,Getafe,Cosmin Contra,ro ROU,"DF,MF",30.0,21.0,21.0,1732.0,19.2,0.0,2.0,2.0,0.0,0.0,0.0,10.0,1.0,0.0,0.0,0.0,0.0,0.1,0.1,0.0,0.1,Matches,0.0
2006-2007,LaLiga,Getafe,David Cortés,es ESP,DF,26.0,20.0,17.0,1580.0,17.6,0.0,0.0,0.0,0.0,0.0,0.0,5.0,0.0,0.0,0.0,0.0,0.0,0.0,0.0,0.0,0.0,Matches,0.0
2006-2007,LaLiga,Getafe,Pablo Redondo,es ESP,MF,24.0,22.0,15.0,1262.0,14.0,1.0,4.0,5.0,1.0,0.0,0.0,2.0,0.0,0.0,0.0,0.0,0.07,0.29,0.36,0.07,0.36,Matches,0.0
2006-2007,LaLiga,Getafe,Rubén Pulido,es ESP,DF,27.0,16.0,12.0,1074.0,11.9,1.0,0.0,1.0,1.0,0.0,0.0,2.0,1.0,0.0,0.0,0.0,0.08,0.0,0.08,0.08,0.08,Matches,0.0
2006-2007,LaLiga,Getafe,Ángel Vivar Dorado,es ESP,MF,32.0,14.0,9.0,752.0,8.4,1.0,1.0,2.0,1.0,0.0,0.0,1.0,0.0,0.0,0.0,0.0,0.12,0.12,0.24,0.12,0.24,Matches,0.0
2006-2007,LaLiga,Getafe,Sergio Pachón,es ESP,FW,29.0,24.0,8.0,882.0,9.8,2.0,0.0,2.0,2.0,0.0,0.0,0.0,0.0,0.0,0.0,0.0,0.2,0.0,0.2,0.2,0.2,Matches,0.0
2006-2007,LaLiga,Getafe,Manuel Tena,es ESP,DF,28.0,10.0,7.0,745.0,8.3,0.0,1.0,1.0,0.0,0.0,0.0,2.0,0.0,0.0,0.0,0.0,0.0,0.12,0.12,0.0,0.12,Matches,0.0
2006-2007,LaLiga,Getafe,Veljko Paunović,es ESP,"FW,MF",28.0,14.0,7.0,654.0,7.3,0.0,0.0,0.0,0.0,0.0,0.0,2.0,0.0,0.0,0.0,0.0,0.0,0.0,0.0,0.0,0.0,Matches,0.0
2006-2007,LaLiga,Getafe,David Sousa,es ESP,MF,26.0,15.0,6.0,657.0,7.3,0.0,0.0,0.0,0.0,0.0,0.0,1.0,0.0,0.0,0.0,0.0,0.0,0.0,0.0,0.0,0.0,Matches,0.0
2006-2007,LaLiga,Getafe,Alberto Aguilar,es ESP,"DF,MF",22.0,14.0,5.0,539.0,6.0,0.0,0.0,0.0,0.0,0.0,0.0,2.0,0.0,0.0,0.0,0.0,0.0,0.0,0.0,0.0,0.0,Matches,0.0
2006-2007,LaLiga,Getafe,Māris Verpakovskis,lv LVA,"FW,MF",26.0,13.0,5.0,490.0,5.4,1.0,1.0,2.0,1.0,0.0,0.0,0.0,0.0,0.0,0.0,0.0,0.18,0.18,0.37,0.18,0.37,Matches,0.0
2006-2007,LaLiga,Getafe,Lucas Licht,ar ARG,"DF,MF",25.0,8.0,5.0,421.0,4.7,0.0,0.0,0.0,0.0,0.0,0.0,2.0,0.0,0.0,0.0,0.0,0.0,0.0,0.0,0.0,0.0,Matches,0.0
2006-2007,LaLiga,Getafe,Juan Ángel Albín,uy URU,"FW,MF",20.0,13.0,3.0,410.0,4.6,0.0,0.0,0.0,0.0,0.0,0.0,1.0,0.0,0.0,0.0,0.0,0.0,0.0,0.0,0.0,0.0,Matches,0.0
2006-2007,LaLiga,Getafe,Luis García,es ESP,GK,27.0,3.0,2.0,205.0,2.3,0.0,0.0,0.0,0.0,0.0,0.0,0.0,0.0,0.0,0.0,0.0,0.0,0.0,0.0,0.0,0.0,Matches,0.0
2006-2007,LaLiga,Getafe,Squad Total,0,0,28.2,38.0,418.0,0.0,0.0,39.0,29.0,68.0,38.0,1.0,3.0,94.0,5.0,0.0,0.0,0.0,1.03,0.76,1.79,1.0,1.76,0,0.0
2006-2007,LaLiga,Getafe,Opponent Total,0,0,26.8,38.0,418.0,0.0,0.0,0.0,0.0,0.0,0.0,0.0,0.0,0.0,0.0,0.0,0.0,0.0,0.0,0.0,0.0,0.0,0.0,0,0.0
2006-2007,LaLiga,Racing Sant,Gonzalo Colsa,es ESP,MF,27.0,37.0,37.0,2995.0,33.3,3.0,0.0,3.0,3.0,0.0,0.0,9.0,0.0,0.0,0.0,0.0,0.09,0.0,0.09,0.09,0.09,Matches,0.0
2006-2007,LaLiga,Racing Sant,Pablo Pinillos Caro,es ESP,DF,32.0,35.0,35.0,3051.0,33.9,0.0,0.0,0.0,0.0,0.0,0.0,12.0,1.0,0.0,0.0,0.0,0.0,0.0,0.0,0.0,0.0,Matches,0.0
2006-2007,LaLiga,Racing Sant,Rubén,es ESP,DF,24.0,34.0,34.0,2981.0,33.1,2.0,0.0,2.0,2.0,0.0,0.0,11.0,1.0,0.0,0.0,0.0,0.06,0.0,0.06,0.06,0.06,Matches,0.0
2006-2007,LaLiga,Racing Sant,Pedro Munitis,es ESP,FW,31.0,34.0,34.0,2943.0,32.7,4.0,11.0,15.0,4.0,0.0,0.0,9.0,2.0,0.0,0.0,0.0,0.12,0.34,0.46,0.12,0.46,Matches,0.0
2006-2007,LaLiga,Racing Sant,Toño,es ESP,GK,26.0,32.0,32.0,2820.0,31.3,0.0,0.0,0.0,0.0,0.0,0.0,3.0,1.0,0.0,0.0,0.0,0.0,0.0,0.0,0.0,0.0,Matches,0.0
2006-2007,LaLiga,Racing Sant,Nikola Žigić,rs SRB,FW,25.0,32.0,32.0,2768.0,30.8,11.0,5.0,16.0,11.0,0.0,0.0,12.0,1.0,0.0,0.0,0.0,0.36,0.16,0.52,0.36,0.52,Matches,0.0
2006-2007,LaLiga,Racing Sant,Ezequiel Garay,ar ARG,DF,19.0,31.0,30.0,2723.0,30.3,9.0,1.0,10.0,2.0,7.0,8.0,4.0,0.0,0.0,0.0,0.0,0.3,0.03,0.33,0.07,0.1,Matches,0.0
2006-2007,LaLiga,Racing Sant,Lionel Scaloni,ar ARG,"DF,MF",28.0,30.0,30.0,2529.0,28.1,2.0,1.0,3.0,2.0,0.0,0.0,9.0,0.0,0.0,0.0,0.0,0.07,0.04,0.11,0.07,0.11,Matches,0.0
2006-2007,LaLiga,Racing Sant,Óscar Serrano,es ESP,MF,24.0,31.0,28.0,2312.0,25.7,0.0,3.0,3.0,0.0,0.0,0.0,8.0,0.0,0.0,0.0,0.0,0.0,0.12,0.12,0.0,0.12,Matches,0.0
2006-2007,LaLiga,Racing Sant,Vitolo,es ESP,MF,22.0,33.0,25.0,2397.0,26.6,0.0,0.0,0.0,0.0,0.0,0.0,11.0,1.0,0.0,0.0,0.0,0.0,0.0,0.0,0.0,0.0,Matches,0.0
2006-2007,LaLiga,Racing Sant,Oriol Lozano,es ESP,DF,25.0,19.0,17.0,1551.0,17.2,1.0,0.0,1.0,1.0,0.0,0.0,3.0,1.0,0.0,0.0,0.0,0.06,0.0,0.06,0.06,0.06,Matches,0.0
2006-2007,LaLiga,Racing Sant,Luis Fernández,es ESP,DF,33.0,16.0,16.0,1380.0,15.3,0.0,0.0,0.0,0.0,0.0,0.0,4.0,0.0,0.0,0.0,0.0,0.0,0.0,0.0,0.0,0.0,Matches,0.0
2006-2007,LaLiga,Racing Sant,Felipe Melo,br BRA,"DF,MF",23.0,16.0,11.0,1000.0,11.1,3.0,0.0,3.0,2.0,1.0,1.0,5.0,1.0,0.0,0.0,0.0,0.27,0.0,0.27,0.18,0.18,Matches,0.0
2006-2007,LaLiga,Racing Sant,Antonio Tomás,es ESP,MF,21.0,20.0,10.0,756.0,8.4,0.0,0.0,0.0,0.0,0.0,0.0,7.0,0.0,0.0,0.0,0.0,0.0,0.0,0.0,0.0,0.0,Matches,0.0
2006-2007,LaLiga,Racing Sant,Javier Balboa,gq EQG,"FW,MF",21.0,30.0,9.0,1094.0,12.2,1.0,2.0,3.0,1.0,0.0,0.0,1.0,0.0,0.0,0.0,0.0,0.08,0.16,0.25,0.08,0.25,Matches,0.0
2006-2007,LaLiga,Racing Sant,Cristian Álvarez,ar ARG,"DF,MF",28.0,24.0,9.0,901.0,10.0,1.0,3.0,4.0,0.0,1.0,2.0,3.0,0.0,0.0,0.0,0.0,0.1,0.3,0.4,0.0,0.3,Matches,0.0
2006-2007,LaLiga,Racing Sant,Christian,es ESP,DF,20.0,10.0,9.0,799.0,8.9,1.0,0.0,1.0,1.0,0.0,0.0,5.0,0.0,0.0,0.0,0.0,0.11,0.0,0.11,0.11,0.11,Matches,0.0
2006-2007,LaLiga,Racing Sant,Juanjo Expósito,es ESP,FW,20.0,23.0,6.0,727.0,8.1,1.0,0.0,1.0,1.0,0.0,0.0,4.0,0.0,0.0,0.0,0.0,0.12,0.0,0.12,0.12,0.12,Matches,0.0
2006-2007,LaLiga,Racing Sant,Juan Calatayud,es ESP,GK,26.0,7.0,6.0,600.0,6.7,0.0,0.0,0.0,0.0,0.0,0.0,0.0,0.0,0.0,0.0,0.0,0.0,0.0,0.0,0.0,0.0,Matches,0.0
2006-2007,LaLiga,Racing Sant,Pablo Alfaro,es ESP,DF,37.0,5.0,4.0,392.0,4.4,0.0,0.0,0.0,0.0,0.0,0.0,2.0,0.0,0.0,0.0,0.0,0.0,0.0,0.0,0.0,0.0,Matches,0.0
2006-2007,LaLiga,Racing Sant,Momo,es ESP,MF,24.0,13.0,2.0,336.0,3.7,0.0,0.0,0.0,0.0,0.0,0.0,0.0,0.0,0.0,0.0,0.0,0.0,0.0,0.0,0.0,0.0,Matches,0.0
2006-2007,LaLiga,Racing Sant,Sergio Matabuena,es ESP,MF,27.0,5.0,1.0,153.0,1.7,0.0,0.0,0.0,0.0,0.0,0.0,1.0,0.0,0.0,0.0,0.0,0.0,0.0,0.0,0.0,0.0,Matches,0.0
2006-2007,LaLiga,Racing Sant,José Moratón,es ESP,DF,27.0,2.0,1.0,118.0,1.3,0.0,0.0,0.0,0.0,0.0,0.0,0.0,0.0,0.0,0.0,0.0,0.0,0.0,0.0,0.0,0.0,Matches,0.0
2006-2007,LaLiga,Racing Sant,David Aganzo,es ESP,FW,25.0,6.0,0.0,148.0,1.6,0.0,0.0,0.0,0.0,0.0,0.0,1.0,0.0,0.0,0.0,0.0,0.0,0.0,0.0,0.0,0.0,Matches,0.0
2006-2007,LaLiga,Racing Sant,Cristian Portilla,es ESP,MF,17.0,1.0,0.0,26.0,0.3,0.0,0.0,0.0,0.0,0.0,0.0,0.0,0.0,0.0,0.0,0.0,0.0,0.0,0.0,0.0,0.0,Matches,0.0
2006-2007,LaLiga,Racing Sant,Roberto Platero,es ESP,FW,19.0,1.0,0.0,22.0,0.2,0.0,0.0,0.0,0.0,0.0,0.0,0.0,0.0,0.0,0.0,0.0,0.0,0.0,0.0,0.0,0.0,Matches,0.0
2006-2007,LaLiga,Racing Sant,Fernando de Abreu Ferreira,br BRA,DF,21.0,1.0,0.0,6.0,0.1,0.0,0.0,0.0,0.0,0.0,0.0,0.0,0.0,0.0,0.0,0.0,0.0,0.0,0.0,0.0,0.0,Matches,0.0
2006-2007,LaLiga,Racing Sant,Squad Total,0,0,26.2,38.0,418.0,0.0,0.0,39.0,26.0,65.0,30.0,9.0,11.0,121.0,8.0,0.0,0.0,0.0,1.03,0.68,1.71,0.79,1.47,0,0.0
2006-2007,LaLiga,Racing Sant,Opponent Total,0,0,26.8,38.0,418.0,0.0,0.0,0.0,0.0,0.0,0.0,0.0,0.0,0.0,0.0,0.0,0.0,0.0,0.0,0.0,0.0,0.0,0.0,0,0.0
2006-2007,LaLiga,Espanyol,Carlos Kameni,cm CMR,GK,22.0,36.0,36.0,3240.0,36.0,0.0,0.0,0.0,0.0,0.0,0.0,3.0,0.0,0.0,0.0,0.0,0.0,0.0,0.0,0.0,0.0,Matches,0.0
2006-2007,LaLiga,Espanyol,Daniel Jarque,es ESP,DF,23.0,36.0,33.0,3044.0,33.8,0.0,0.0,0.0,0.0,0.0,0.0,7.0,1.0,0.0,0.0,0.0,0.0,0.0,0.0,0.0,0.0,Matches,0.0
2006-2007,LaLiga,Espanyol,Luis García,es ESP,"FW,MF",25.0,36.0,29.0,2675.0,29.7,10.0,7.0,17.0,10.0,0.0,0.0,6.0,0.0,0.0,0.0,0.0,0.34,0.24,0.57,0.34,0.57,Matches,0.0
2006-2007,LaLiga,Espanyol,Moisés Hurtado,es ESP,MF,25.0,29.0,28.0,2481.0,27.6,1.0,2.0,3.0,1.0,0.0,0.0,11.0,0.0,0.0,0.0,0.0,0.04,0.07,0.11,0.04,0.11,Matches,0.0
2006-2007,LaLiga,Espanyol,Raúl Tamudo,es ESP,FW,28.0,31.0,28.0,2381.0,26.5,15.0,3.0,18.0,12.0,3.0,3.0,8.0,0.0,0.0,0.0,0.0,0.57,0.11,0.68,0.45,0.57,Matches,0.0
2006-2007,LaLiga,Espanyol,Francisco Rufete,es ESP,MF,29.0,29.0,27.0,2104.0,23.4,1.0,6.0,7.0,1.0,0.0,0.0,7.0,0.0,0.0,0.0,0.0,0.04,0.26,0.3,0.04,0.3,Matches,0.0
2006-2007,LaLiga,Espanyol,Marc Torrejón,es ESP,DF,20.0,29.0,26.0,2397.0,26.6,0.0,0.0,0.0,0.0,0.0,0.0,3.0,0.0,0.0,0.0,0.0,0.0,0.0,0.0,0.0,0.0,Matches,0.0
2006-2007,LaLiga,Espanyol,Javier Chica,es ESP,DF,21.0,26.0,26.0,2338.0,26.0,0.0,0.0,0.0,0.0,0.0,0.0,8.0,1.0,0.0,0.0,0.0,0.0,0.0,0.0,0.0,0.0,Matches,0.0
2006-2007,LaLiga,Espanyol,Albert Riera,es ESP,"DF,FW",24.0,28.0,23.0,1953.0,21.7,4.0,5.0,9.0,4.0,0.0,0.0,5.0,3.0,0.0,0.0,0.0,0.18,0.23,0.41,0.18,0.41,Matches,0.0
2006-2007,LaLiga,Espanyol,Iván de la Peña,es ESP,MF,30.0,26.0,22.0,1949.0,21.7,0.0,5.0,5.0,0.0,0.0,0.0,7.0,0.0,0.0,0.0,0.0,0.0,0.23,0.23,0.0,0.23,Matches,0.0
2006-2007,LaLiga,Espanyol,Jesús María Lacruz,es ESP,DF,28.0,20.0,20.0,1756.0,19.5,0.0,0.0,0.0,0.0,0.0,0.0,3.0,0.0,0.0,0.0,0.0,0.0,0.0,0.0,0.0,0.0,Matches,0.0
2006-2007,LaLiga,Espanyol,Ferran Corominas,es ESP,"FW,MF",23.0,30.0,17.0,1572.0,17.5,4.0,0.0,4.0,4.0,0.0,0.0,0.0,0.0,0.0,0.0,0.0,0.23,0.0,0.23,0.23,0.23,Matches,0.0
2006-2007,LaLiga,Espanyol,Pablo Zabaleta,ar ARG,"DF,MF",21.0,21.0,17.0,1533.0,17.0,0.0,0.0,0.0,0.0,0.0,0.0,7.0,0.0,0.0,0.0,0.0,0.0,0.0,0.0,0.0,0.0,Matches,0.0
2006-2007,LaLiga,Espanyol,Juan Velasco Damas,es ESP,DF,29.0,20.0,16.0,1431.0,15.9,0.0,0.0,0.0,0.0,0.0,0.0,3.0,0.0,0.0,0.0,0.0,0.0,0.0,0.0,0.0,0.0,Matches,0.0
2006-2007,LaLiga,Espanyol,Jônatas Domingos,br BRA,MF,24.0,20.0,16.0,1164.0,12.9,2.0,1.0,3.0,2.0,0.0,0.0,5.0,0.0,0.0,0.0,0.0,0.15,0.08,0.23,0.15,0.23,Matches,0.0
2006-2007,LaLiga,Espanyol,Moha,ma MAR,"DF,FW",28.0,19.0,13.0,1190.0,13.2,1.0,1.0,2.0,1.0,0.0,0.0,6.0,0.0,0.0,0.0,0.0,0.08,0.08,0.15,0.08,0.15,Matches,0.0
2006-2007,LaLiga,Espanyol,Walter Pandiani,uy URU,FW,30.0,34.0,10.0,1250.0,13.9,7.0,0.0,7.0,7.0,0.0,0.0,4.0,1.0,0.0,0.0,0.0,0.5,0.0,0.5,0.5,0.5,Matches,0.0
2006-2007,LaLiga,Espanyol,Eduardo Costa,br BRA,MF,23.0,16.0,8.0,899.0,10.0,1.0,0.0,1.0,1.0,0.0,0.0,3.0,1.0,0.0,0.0,0.0,0.1,0.0,0.1,0.1,0.1,Matches,0.0
2006-2007,LaLiga,Espanyol,David García,es ESP,DF,25.0,10.0,8.0,639.0,7.1,0.0,0.0,0.0,0.0,0.0,0.0,2.0,0.0,0.0,0.0,0.0,0.0,0.0,0.0,0.0,0.0,Matches,0.0
2006-2007,LaLiga,Espanyol,Ángel Martínez,es ESP,MF,20.0,6.0,4.0,362.0,4.0,0.0,0.0,0.0,0.0,0.0,0.0,2.0,0.0,0.0,0.0,0.0,0.0,0.0,0.0,0.0,0.0,Matches,0.0
2006-2007,LaLiga,Espanyol,Ito,es ESP,MF,31.0,8.0,3.0,350.0,3.9,0.0,0.0,0.0,0.0,0.0,0.0,2.0,0.0,0.0,0.0,0.0,0.0,0.0,0.0,0.0,0.0,Matches,0.0
2006-2007,LaLiga,Espanyol,Gorka Iraizoz,es ESP,GK,25.0,2.0,2.0,180.0,2.0,0.0,0.0,0.0,0.0,0.0,0.0,0.0,0.0,0.0,0.0,0.0,0.0,0.0,0.0,0.0,0.0,Matches,0.0
2006-2007,LaLiga,Espanyol,Fredson,br BRA,"DF,MF",25.0,2.0,2.0,150.0,1.7,0.0,0.0,0.0,0.0,0.0,0.0,0.0,0.0,0.0,0.0,0.0,0.0,0.0,0.0,0.0,0.0,Matches,0.0
2006-2007,LaLiga,Espanyol,Sergio Sánchez,es ESP,DF,20.0,3.0,2.0,141.0,1.6,0.0,0.0,0.0,0.0,0.0,0.0,3.0,0.0,0.0,0.0,0.0,0.0,0.0,0.0,0.0,0.0,Matches,0.0
2006-2007,LaLiga,Espanyol,Albert Serrán,es ESP,DF,22.0,2.0,2.0,94.0,1.0,0.0,0.0,0.0,0.0,0.0,0.0,0.0,0.0,0.0,0.0,0.0,0.0,0.0,0.0,0.0,0.0,Matches,0.0
2006-2007,LaLiga,Espanyol,Julián,es ESP,MF,19.0,7.0,1.0,251.0,2.8,0.0,1.0,1.0,0.0,0.0,0.0,1.0,0.0,0.0,0.0,0.0,0.0,0.36,0.36,0.0,0.36,Matches,0.0
2006-2007,LaLiga,Espanyol,Miguel Palanca,es ESP,"FW,MF",18.0,1.0,0.0,24.0,0.3,0.0,0.0,0.0,0.0,0.0,0.0,0.0,0.0,0.0,0.0,0.0,0.0,0.0,0.0,0.0,0.0,Matches,0.0
2006-2007,LaLiga,Espanyol,Jonathan Soriano,es ESP,FW,20.0,1.0,0.0,20.0,0.2,0.0,0.0,0.0,0.0,0.0,0.0,0.0,0.0,0.0,0.0,0.0,0.0,0.0,0.0,0.0,0.0,Matches,0.0
2006-2007,LaLiga,Espanyol,Squad Total,0,0,25.3,38.0,417.0,0.0,0.0,46.0,31.0,77.0,43.0,3.0,3.0,103.0,7.0,0.0,0.0,0.0,1.21,0.82,2.03,1.13,1.95,0,0.0
2006-2007,LaLiga,Espanyol,Opponent Total,0,0,27.0,38.0,417.0,0.0,0.0,0.0,0.0,0.0,0.0,0.0,0.0,0.0,0.0,0.0,0.0,0.0,0.0,0.0,0.0,0.0,0.0,0,0.0
2006-2007,LaLiga,Mallorca,Fernando Navarro,es ESP,DF,24.0,0.0,37.0,3330.0,37.0,1.0,0.0,1.0,1.0,0.0,0.0,10.0,0.0,0.0,0.0,0.0,0.03,0.0,0.03,0.03,0.03,Matches,37.0
2006-2007,LaLiga,Mallorca,José Nunes,pt POR,DF,29.0,0.0,36.0,3123.0,34.7,4.0,0.0,4.0,4.0,0.0,0.0,9.0,0.0,0.0,0.0,0.0,0.12,0.0,0.12,0.12,0.12,Matches,36.0
2006-2007,LaLiga,Mallorca,Sergio Ballesteros,es ESP,DF,30.0,0.0,35.0,3139.0,34.9,1.0,0.0,1.0,1.0,0.0,0.0,10.0,1.0,0.0,0.0,0.0,0.03,0.0,0.03,0.03,0.03,Matches,35.0
2006-2007,LaLiga,Mallorca,Jonás Gutiérrez,ar ARG,MF,23.0,0.0,35.0,3038.0,33.8,3.0,2.0,5.0,2.0,1.0,2.0,3.0,1.0,0.0,0.0,0.0,0.09,0.06,0.15,0.06,0.12,Matches,36.0
2006-2007,LaLiga,Mallorca,Juan Arango,ve VEN,MF,26.0,0.0,33.0,2885.0,32.1,9.0,8.0,17.0,9.0,0.0,0.0,3.0,0.0,0.0,0.0,0.0,0.28,0.25,0.53,0.28,0.53,Matches,37.0
2006-2007,LaLiga,Mallorca,Fernando Varela,es ESP,"DF,MF",26.0,0.0,28.0,2344.0,26.0,3.0,0.0,3.0,3.0,0.0,0.0,7.0,2.0,0.0,0.0,0.0,0.12,0.0,0.12,0.12,0.12,Matches,31.0
2006-2007,LaLiga,Mallorca,Ariel Ibagaza,ar ARG,MF,29.0,0.0,28.0,2293.0,25.5,1.0,8.0,9.0,1.0,0.0,0.0,10.0,0.0,0.0,0.0,0.0,0.04,0.31,0.35,0.04,0.35,Matches,29.0
2006-2007,LaLiga,Mallorca,Guillermo Pereyra,ar ARG,MF,26.0,0.0,25.0,2214.0,24.6,2.0,0.0,2.0,2.0,0.0,0.0,5.0,0.0,0.0,0.0,0.0,0.08,0.0,0.08,0.08,0.08,Matches,28.0
2006-2007,LaLiga,Mallorca,Toni Prats,es ESP,GK,34.0,0.0,22.0,1980.0,22.0,0.0,0.0,0.0,0.0,0.0,0.0,3.0,0.0,0.0,0.0,0.0,0.0,0.0,0.0,0.0,0.0,Matches,22.0
2006-2007,LaLiga,Mallorca,Angelos Basinas,gr GRE,MF,30.0,0.0,22.0,1898.0,21.1,0.0,1.0,1.0,0.0,0.0,0.0,4.0,0.0,0.0,0.0,0.0,0.0,0.05,0.05,0.0,0.05,Matches,29.0
2006-2007,LaLiga,Mallorca,Héctor Berenguel,es ESP,DF,31.0,0.0,21.0,1845.0,20.5,0.0,0.0,0.0,0.0,0.0,0.0,4.0,0.0,0.0,0.0,0.0,0.0,0.0,0.0,0.0,0.0,Matches,21.0
2006-2007,LaLiga,Mallorca,Víctor Casadesús,es ESP,FW,21.0,0.0,18.0,1715.0,19.1,4.0,2.0,6.0,4.0,0.0,0.0,6.0,0.0,0.0,0.0,0.0,0.21,0.1,0.31,0.21,0.31,Matches,38.0
2006-2007,LaLiga,Mallorca,Boško Janković,rs SRB,MF,22.0,0.0,17.0,1539.0,17.1,9.0,3.0,12.0,9.0,0.0,0.0,5.0,0.0,0.0,0.0,0.0,0.53,0.18,0.7,0.53,0.7,Matches,28.0
2006-2007,LaLiga,Mallorca,Miguel Ángel Moyá,es ESP,GK,22.0,0.0,16.0,1440.0,16.0,0.0,0.0,0.0,0.0,0.0,0.0,2.0,0.0,0.0,0.0,0.0,0.0,0.0,0.0,0.0,0.0,Matches,16.0
2006-2007,LaLiga,Mallorca,Maxi López,ar ARG,FW,22.0,0.0,14.0,1415.0,15.7,3.0,0.0,3.0,3.0,0.0,0.0,6.0,1.0,0.0,0.0,0.0,0.19,0.0,0.19,0.19,0.19,Matches,29.0
2006-2007,LaLiga,Mallorca,Jordi López,es ESP,MF,25.0,0.0,12.0,1368.0,15.2,0.0,0.0,0.0,0.0,0.0,0.0,4.0,0.0,0.0,0.0,0.0,0.0,0.0,0.0,0.0,0.0,Matches,24.0
2006-2007,LaLiga,Mallorca,Iván Ramis,es ESP,DF,21.0,0.0,5.0,567.0,6.3,0.0,0.0,0.0,0.0,0.0,0.0,2.0,0.0,0.0,0.0,0.0,0.0,0.0,0.0,0.0,0.0,Matches,7.0
2006-2007,LaLiga,Mallorca,Diego Tristán,es ESP,FW,30.0,0.0,5.0,532.0,5.9,0.0,0.0,0.0,0.0,0.0,0.0,1.0,0.0,0.0,0.0,0.0,0.0,0.0,0.0,0.0,0.0,Matches,13.0
2006-2007,LaLiga,Mallorca,Tuni,es ESP,"DF,MF",24.0,0.0,4.0,277.0,3.1,0.0,0.0,0.0,0.0,0.0,0.0,2.0,0.0,0.0,0.0,0.0,0.0,0.0,0.0,0.0,0.0,Matches,11.0
2006-2007,LaLiga,Mallorca,Leonardo Pisculichi,ar ARG,"FW,MF",22.0,0.0,3.0,265.0,2.9,0.0,0.0,0.0,0.0,0.0,0.0,1.0,0.0,0.0,0.0,0.0,0.0,0.0,0.0,0.0,0.0,Matches,4.0
2006-2007,LaLiga,Mallorca,Daniel N'Gom Kome,cm CMR,MF,26.0,0.0,1.0,130.0,1.4,0.0,0.0,0.0,0.0,0.0,0.0,1.0,0.0,0.0,0.0,0.0,0.0,0.0,0.0,0.0,0.0,Matches,5.0
2006-2007,LaLiga,Mallorca,Javier Dorado,es ESP,DF,29.0,0.0,1.0,112.0,1.2,0.0,0.0,0.0,0.0,0.0,0.0,1.0,0.0,0.0,0.0,0.0,0.0,0.0,0.0,0.0,0.0,Matches,2.0
2006-2007,LaLiga,Mallorca,Óscar Trejo,ar ARG,"FW,MF",18.0,0.0,0.0,95.0,1.1,1.0,0.0,1.0,1.0,0.0,0.0,0.0,0.0,0.0,0.0,0.0,0.95,0.0,0.95,0.95,0.95,Matches,8.0
2006-2007,LaLiga,Mallorca,Squad Total,0,0,26.9,0.0,418.0,0.0,0.0,41.0,24.0,65.0,40.0,1.0,2.0,99.0,5.0,0.0,0.0,0.0,1.08,0.63,1.71,1.05,1.68,0,38.0
2006-2007,LaLiga,Mallorca,Opponent Total,0,0,26.8,0.0,418.0,0.0,0.0,0.0,0.0,0.0,0.0,0.0,0.0,0.0,0.0,0.0,0.0,0.0,0.0,0.0,0.0,0.0,0.0,0,38.0
2006-2007,LaLiga,La Coruña,Dudu Aouate,il ISR,GK,28.0,38.0,38.0,3420.0,38.0,0.0,0.0,0.0,0.0,0.0,0.0,3.0,0.0,0.0,0.0,0.0,0.0,0.0,0.0,0.0,0.0,Matches,0.0
2006-2007,LaLiga,La Coruña,Joan Capdevila,es ESP,DF,28.0,34.0,34.0,3034.0,33.7,4.0,3.0,7.0,4.0,0.0,0.0,9.0,1.0,0.0,0.0,0.0,0.12,0.09,0.21,0.12,0.21,Matches,0.0
2006-2007,LaLiga,La Coruña,Javier Arizmendi,es ESP,"FW,MF",22.0,33.0,32.0,2711.0,30.1,5.0,3.0,8.0,5.0,0.0,0.0,4.0,1.0,0.0,0.0,0.0,0.17,0.1,0.27,0.17,0.27,Matches,0.0
2006-2007,LaLiga,La Coruña,Alberto Lopo,es ESP,DF,26.0,31.0,30.0,2695.0,29.9,1.0,0.0,1.0,1.0,0.0,0.0,10.0,1.0,0.0,0.0,0.0,0.03,0.0,0.03,0.03,0.03,Matches,0.0
2006-2007,LaLiga,La Coruña,Riki,es ESP,FW,25.0,33.0,29.0,2217.0,24.6,3.0,3.0,6.0,3.0,0.0,0.0,5.0,0.0,0.0,0.0,0.0,0.12,0.12,0.24,0.12,0.24,Matches,0.0
2006-2007,LaLiga,La Coruña,Fabricio Coloccini,ar ARG,"DF,MF",24.0,26.0,26.0,2201.0,24.5,0.0,0.0,0.0,0.0,0.0,0.0,8.0,0.0,0.0,0.0,0.0,0.0,0.0,0.0,0.0,0.0,Matches,0.0
2006-2007,LaLiga,La Coruña,Sergio,es ESP,MF,29.0,28.0,26.0,1953.0,21.7,2.0,1.0,3.0,1.0,1.0,1.0,7.0,0.0,0.0,0.0,0.0,0.09,0.05,0.14,0.05,0.09,Matches,0.0
2006-2007,LaLiga,La Coruña,Cristian Hidalgo,es ESP,"FW,MF",22.0,29.0,25.0,2006.0,22.3,1.0,2.0,3.0,1.0,0.0,0.0,7.0,1.0,0.0,0.0,0.0,0.04,0.09,0.13,0.04,0.13,Matches,0.0
2006-2007,LaLiga,La Coruña,Juan Rodríguez,es ESP,MF,24.0,31.0,22.0,2178.0,24.2,4.0,0.0,4.0,3.0,1.0,1.0,7.0,0.0,0.0,0.0,0.0,0.17,0.0,0.17,0.12,0.12,Matches,0.0
2006-2007,LaLiga,La Coruña,Jorge Andrade,pt POR,DF,28.0,22.0,22.0,1904.0,21.2,0.0,0.0,0.0,0.0,0.0,0.0,8.0,1.0,0.0,0.0,0.0,0.0,0.0,0.0,0.0,0.0,Matches,0.0
2006-2007,LaLiga,La Coruña,Álvaro Arbeloa,es ESP,DF,23.0,20.0,20.0,1761.0,19.6,0.0,0.0,0.0,0.0,0.0,0.0,5.0,0.0,0.0,0.0,0.0,0.0,0.0,0.0,0.0,0.0,Matches,0.0
2006-2007,LaLiga,La Coruña,Fabián Estoyanoff,uy URU,"FW,MF",23.0,28.0,18.0,1631.0,18.1,1.0,0.0,1.0,0.0,1.0,2.0,9.0,1.0,0.0,0.0,0.0,0.06,0.0,0.06,0.0,0.0,Matches,0.0
2006-2007,LaLiga,La Coruña,Julian de Guzmán,ca CAN,MF,25.0,20.0,17.0,1444.0,16.0,0.0,0.0,0.0,0.0,0.0,0.0,6.0,1.0,0.0,0.0,0.0,0.0,0.0,0.0,0.0,0.0,Matches,0.0
2006-2007,LaLiga,La Coruña,Manuel Pablo,es ESP,DF,30.0,15.0,12.0,1185.0,13.2,0.0,0.0,0.0,0.0,0.0,0.0,1.0,0.0,0.0,0.0,0.0,0.0,0.0,0.0,0.0,0.0,Matches,0.0
2006-2007,LaLiga,La Coruña,Aldo Duscher,ar ARG,MF,27.0,15.0,12.0,937.0,10.4,0.0,0.0,0.0,0.0,0.0,0.0,5.0,0.0,0.0,0.0,0.0,0.0,0.0,0.0,0.0,0.0,Matches,0.0
2006-2007,LaLiga,La Coruña,Antonio Barragán,es ESP,"DF,MF",19.0,16.0,11.0,917.0,10.2,2.0,0.0,2.0,2.0,0.0,0.0,4.0,0.0,0.0,0.0,0.0,0.2,0.0,0.2,0.2,0.2,Matches,0.0
2006-2007,LaLiga,La Coruña,Joan Verdú,es ESP,MF,23.0,27.0,10.0,1373.0,15.3,1.0,0.0,1.0,1.0,0.0,0.0,3.0,0.0,0.0,0.0,0.0,0.07,0.0,0.07,0.07,0.07,Matches,0.0
2006-2007,LaLiga,La Coruña,Filipe Luís,br BRA,DF,20.0,19.0,10.0,999.0,11.1,0.0,2.0,2.0,0.0,0.0,0.0,2.0,1.0,0.0,0.0,0.0,0.0,0.18,0.18,0.0,0.18,Matches,0.0
2006-2007,LaLiga,La Coruña,Juanma,es ESP,DF,29.0,7.0,7.0,568.0,6.3,0.0,0.0,0.0,0.0,0.0,0.0,4.0,2.0,0.0,0.0,0.0,0.0,0.0,0.0,0.0,0.0,Matches,0.0
2006-2007,LaLiga,La Coruña,Adrián López,es ESP,FW,18.0,15.0,6.0,758.0,8.4,1.0,1.0,2.0,1.0,0.0,0.0,2.0,0.0,0.0,0.0,0.0,0.12,0.12,0.24,0.12,0.24,Matches,0.0
2006-2007,LaLiga,La Coruña,Pablo Álvarez,es ESP,MF,26.0,7.0,4.0,343.0,3.8,0.0,0.0,0.0,0.0,0.0,0.0,2.0,0.0,0.0,0.0,0.0,0.0,0.0,0.0,0.0,0.0,Matches,0.0
2006-2007,LaLiga,La Coruña,Sebastián Taborda,uy URU,FW,25.0,16.0,2.0,526.0,5.8,2.0,2.0,4.0,2.0,0.0,0.0,2.0,1.0,0.0,0.0,0.0,0.34,0.34,0.68,0.34,0.68,Matches,0.0
2006-2007,LaLiga,La Coruña,Iago Iglesias,es ESP,MF,22.0,9.0,2.0,270.0,3.0,2.0,0.0,2.0,2.0,0.0,0.0,0.0,0.0,0.0,0.0,0.0,0.67,0.0,0.67,0.67,0.67,Matches,0.0
2006-2007,LaLiga,La Coruña,Rodolfo Bodipo,gq EQG,FW,28.0,7.0,2.0,267.0,3.0,2.0,1.0,3.0,2.0,0.0,0.0,2.0,0.0,0.0,0.0,0.0,0.67,0.34,1.01,0.67,1.01,Matches,0.0
2006-2007,LaLiga,La Coruña,Rubén Rivera,es ESP,FW,21.0,1.0,1.0,55.0,0.6,0.0,0.0,0.0,0.0,0.0,0.0,0.0,0.0,0.0,0.0,0.0,0.0,0.0,0.0,0.0,0.0,Matches,0.0
2006-2007,LaLiga,La Coruña,Juan Carlos Valerón,es ESP,MF,31.0,2.0,0.0,5.0,0.1,0.0,0.0,0.0,0.0,0.0,0.0,0.0,0.0,0.0,0.0,0.0,0.0,0.0,0.0,0.0,0.0,Matches,0.0
2006-2007,LaLiga,La Coruña,Rodri,es ESP,DF,21.0,1.0,0.0,2.0,0.0,0.0,0.0,0.0,0.0,0.0,0.0,0.0,0.0,0.0,0.0,0.0,0.0,0.0,0.0,0.0,0.0,Matches,0.0
2006-2007,LaLiga,La Coruña,Squad Total,0,0,25.6,38.0,418.0,0.0,0.0,31.0,18.0,49.0,28.0,3.0,4.0,115.0,11.0,0.0,0.0,0.0,0.82,0.47,1.29,0.74,1.21,0,0.0
2006-2007,LaLiga,La Coruña,Opponent Total,0,0,26.8,38.0,418.0,0.0,0.0,0.0,0.0,0.0,0.0,0.0,0.0,0.0,0.0,0.0,0.0,0.0,0.0,0.0,0.0,0.0,0.0,0,0.0
2006-2007,LaLiga,Osasuna,Ricardo,es ESP,GK,34.0,36.0,35.0,3180.0,35.3,0.0,0.0,0.0,0.0,0.0,0.0,4.0,1.0,0.0,0.0,0.0,0.0,0.0,0.0,0.0,0.0,Matches,0.0
2006-2007,LaLiga,Osasuna,Enrique Corrales,es ESP,DF,24.0,28.0,28.0,2504.0,27.8,0.0,1.0,1.0,0.0,0.0,0.0,10.0,0.0,0.0,0.0,0.0,0.0,0.04,0.04,0.0,0.04,Matches,0.0
2006-2007,LaLiga,Osasuna,Francisco Puñal,es ESP,MF,30.0,32.0,28.0,2420.0,26.9,3.0,8.0,11.0,1.0,2.0,2.0,6.0,0.0,0.0,0.0,0.0,0.11,0.3,0.41,0.04,0.33,Matches,0.0
2006-2007,LaLiga,Osasuna,Javier Flaño,es ESP,DF,21.0,27.0,27.0,2341.0,26.0,1.0,0.0,1.0,1.0,0.0,0.0,9.0,0.0,0.0,0.0,0.0,0.04,0.0,0.04,0.04,0.04,Matches,0.0
2006-2007,LaLiga,Osasuna,Raúl García,es ESP,"FW,MF",20.0,33.0,26.0,2467.0,27.4,4.0,1.0,5.0,4.0,0.0,0.0,8.0,1.0,0.0,0.0,0.0,0.15,0.04,0.18,0.15,0.18,Matches,0.0
2006-2007,LaLiga,Osasuna,David López,es ESP,MF,23.0,31.0,26.0,2350.0,26.1,4.0,5.0,9.0,3.0,1.0,1.0,2.0,0.0,0.0,0.0,0.0,0.15,0.19,0.34,0.11,0.31,Matches,0.0
2006-2007,LaLiga,Osasuna,Carlos Cuéllar,es ESP,DF,24.0,23.0,23.0,2016.0,22.4,1.0,0.0,1.0,1.0,0.0,0.0,10.0,1.0,0.0,0.0,0.0,0.04,0.0,0.04,0.04,0.04,Matches,0.0
2006-2007,LaLiga,Osasuna,Valdo,cv CPV,"FW,MF",25.0,26.0,21.0,1932.0,21.5,6.0,4.0,10.0,6.0,0.0,0.0,7.0,0.0,0.0,0.0,0.0,0.28,0.19,0.47,0.28,0.47,Matches,0.0
2006-2007,LaLiga,Osasuna,Roberto Soldado,es ESP,FW,21.0,30.0,21.0,1790.0,19.9,11.0,2.0,13.0,11.0,0.0,0.0,6.0,1.0,0.0,0.0,0.0,0.55,0.1,0.65,0.55,0.65,Matches,0.0
2006-2007,LaLiga,Osasuna,Javad Nekounam,ir IRN,MF,25.0,24.0,20.0,1836.0,20.4,2.0,2.0,4.0,2.0,0.0,0.0,5.0,0.0,0.0,0.0,0.0,0.1,0.1,0.2,0.1,0.2,Matches,0.0
2006-2007,LaLiga,Osasuna,Josetxo,es ESP,DF,29.0,19.0,19.0,1691.0,18.8,0.0,0.0,0.0,0.0,0.0,0.0,7.0,1.0,0.0,0.0,0.0,0.0,0.0,0.0,0.0,0.0,Matches,0.0
2006-2007,LaLiga,Osasuna,Savo Milošević,rs SRB,FW,32.0,23.0,18.0,1541.0,17.1,4.0,2.0,6.0,4.0,0.0,0.0,3.0,0.0,0.0,0.0,0.0,0.23,0.12,0.35,0.23,0.35,Matches,0.0
2006-2007,LaLiga,Osasuna,César Cruchaga,es ESP,DF,32.0,18.0,17.0,1540.0,17.1,2.0,0.0,2.0,2.0,0.0,0.0,3.0,0.0,0.0,0.0,0.0,0.12,0.0,0.12,0.12,0.12,Matches,0.0
2006-2007,LaLiga,Osasuna,Miguel Flaño,es ESP,DF,21.0,17.0,17.0,1530.0,17.0,1.0,0.0,1.0,1.0,0.0,0.0,2.0,0.0,0.0,0.0,0.0,0.06,0.0,0.06,0.06,0.06,Matches,0.0
2006-2007,LaLiga,Osasuna,Juanfran,es ESP,"DF,MF",21.0,28.0,16.0,1593.0,17.7,2.0,2.0,4.0,2.0,0.0,0.0,5.0,0.0,0.0,0.0,0.0,0.11,0.11,0.23,0.11,0.23,Matches,0.0
2006-2007,LaLiga,Osasuna,Pierre Webó,cm CMR,FW,24.0,31.0,13.0,1302.0,14.5,4.0,1.0,5.0,4.0,0.0,0.0,1.0,0.0,0.0,0.0,0.0,0.28,0.07,0.35,0.28,0.35,Matches,0.0
2006-2007,LaLiga,Osasuna,José Izquierdo,es ESP,DF,25.0,11.0,11.0,964.0,10.7,1.0,1.0,2.0,1.0,0.0,0.0,2.0,0.0,0.0,0.0,0.0,0.09,0.09,0.19,0.09,0.19,Matches,0.0
2006-2007,LaLiga,Osasuna,Nacho Monreal,es ESP,DF,20.0,10.0,10.0,900.0,10.0,0.0,0.0,0.0,0.0,0.0,0.0,3.0,0.0,0.0,0.0,0.0,0.0,0.0,0.0,0.0,0.0,Matches,0.0
2006-2007,LaLiga,Osasuna,Iñaki Muñoz,es ESP,MF,28.0,20.0,9.0,744.0,8.3,1.0,1.0,2.0,0.0,1.0,1.0,3.0,0.0,0.0,0.0,0.0,0.12,0.12,0.24,0.0,0.12,Matches,0.0
2006-2007,LaLiga,Osasuna,Juanlu,es ESP,MF,26.0,18.0,8.0,708.0,7.9,1.0,0.0,1.0,1.0,0.0,0.0,1.0,0.0,0.0,0.0,0.0,0.13,0.0,0.13,0.13,0.13,Matches,0.0
2006-2007,LaLiga,Osasuna,Héctor Font,es ESP,MF,22.0,17.0,7.0,706.0,7.8,0.0,3.0,3.0,0.0,0.0,0.0,6.0,0.0,0.0,0.0,0.0,0.0,0.38,0.38,0.0,0.38,Matches,0.0
2006-2007,LaLiga,Osasuna,Ludovic Delporte,fr FRA,MF,26.0,8.0,7.0,555.0,6.2,0.0,0.0,0.0,0.0,0.0,0.0,4.0,0.0,0.0,0.0,0.0,0.0,0.0,0.0,0.0,0.0,Matches,0.0
2006-2007,LaLiga,Osasuna,Jon Erice,es ESP,MF,19.0,5.0,4.0,369.0,4.1,0.0,0.0,0.0,0.0,0.0,0.0,0.0,0.0,0.0,0.0,0.0,0.0,0.0,0.0,0.0,0.0,Matches,0.0
2006-2007,LaLiga,Osasuna,Bernardo Romeo,ar ARG,FW,28.0,8.0,4.0,295.0,3.3,0.0,0.0,0.0,0.0,0.0,0.0,1.0,0.0,0.0,0.0,0.0,0.0,0.0,0.0,0.0,0.0,Matches,0.0
2006-2007,LaLiga,Osasuna,Juan Elía,es ESP,GK,27.0,3.0,3.0,240.0,2.7,0.0,0.0,0.0,0.0,0.0,0.0,0.0,0.0,0.0,0.0,0.0,0.0,0.0,0.0,0.0,0.0,Matches,0.0
2006-2007,LaLiga,Osasuna,Enrique Sola,es ESP,FW,20.0,2.0,0.0,42.0,0.5,2.0,0.0,2.0,2.0,0.0,0.0,1.0,0.0,0.0,0.0,0.0,4.29,0.0,4.29,4.29,4.29,Matches,0.0
2006-2007,LaLiga,Osasuna,César Azpilicueta,es ESP,"DF,MF",16.0,1.0,0.0,25.0,0.3,0.0,0.0,0.0,0.0,0.0,0.0,0.0,0.0,0.0,0.0,0.0,0.0,0.0,0.0,0.0,0.0,Matches,0.0
2006-2007,LaLiga,Osasuna,Jokin Esparza,es ESP,"FW,MF",18.0,1.0,0.0,7.0,0.1,0.0,0.0,0.0,0.0,0.0,0.0,0.0,0.0,0.0,0.0,0.0,0.0,0.0,0.0,0.0,0.0,Matches,0.0
2006-2007,LaLiga,Osasuna,Squad Total,0,0,25.9,38.0,418.0,0.0,0.0,50.0,33.0,83.0,46.0,4.0,4.0,109.0,5.0,0.0,0.0,0.0,1.32,0.87,2.18,1.21,2.08,0,0.0
2006-2007,LaLiga,Osasuna,Opponent Total,0,0,26.8,38.0,418.0,0.0,0.0,0.0,0.0,0.0,0.0,0.0,0.0,0.0,0.0,0.0,0.0,0.0,0.0,0.0,0.0,0.0,0.0,0,0.0
2006-2007,LaLiga,Levante,José Molina,es ESP,GK,35.0,34.0,34.0,2974.0,33.0,0.0,0.0,0.0,0.0,0.0,0.0,3.0,1.0,0.0,0.0,0.0,0.0,0.0,0.0,0.0,0.0,Matches,0.0
2006-2007,LaLiga,Levante,Alexis,es ESP,DF,32.0,34.0,33.0,2981.0,33.1,1.0,2.0,3.0,1.0,0.0,0.0,16.0,0.0,0.0,0.0,0.0,0.03,0.06,0.09,0.03,0.09,Matches,0.0
2006-2007,LaLiga,Levante,Diego Camacho,es ESP,MF,29.0,33.0,29.0,2564.0,28.5,3.0,2.0,5.0,3.0,0.0,0.0,11.0,1.0,0.0,0.0,0.0,0.11,0.07,0.18,0.11,0.18,Matches,0.0
2006-2007,LaLiga,Levante,Luis Rubiales,es ESP,DF,28.0,29.0,29.0,2329.0,25.9,0.0,1.0,1.0,0.0,0.0,0.0,6.0,0.0,0.0,0.0,0.0,0.0,0.04,0.04,0.0,0.04,Matches,0.0
2006-2007,LaLiga,Levante,Olivier Kapo,fr FRA,"FW,MF",25.0,30.0,28.0,2491.0,27.7,5.0,2.0,7.0,5.0,0.0,0.0,8.0,2.0,0.0,0.0,0.0,0.18,0.07,0.25,0.18,0.25,Matches,0.0
2006-2007,LaLiga,Levante,Riga Mustapha,nl NED,"FW,MF",24.0,33.0,28.0,2422.0,26.9,9.0,1.0,10.0,9.0,0.0,0.0,5.0,1.0,0.0,0.0,0.0,0.33,0.04,0.37,0.33,0.37,Matches,0.0
2006-2007,LaLiga,Levante,Félix Dja Ettien,ci CIV,MF,26.0,34.0,27.0,2295.0,25.5,2.0,5.0,7.0,2.0,0.0,0.0,6.0,0.0,0.0,0.0,0.0,0.08,0.2,0.27,0.08,0.27,Matches,0.0
2006-2007,LaLiga,Levante,Mathieu Berson,fr FRA,MF,26.0,27.0,24.0,1999.0,22.2,0.0,0.0,0.0,0.0,0.0,0.0,8.0,1.0,0.0,0.0,0.0,0.0,0.0,0.0,0.0,0.0,Matches,0.0
2006-2007,LaLiga,Levante,Álvaro,br BRA,DF,28.0,23.0,23.0,2030.0,22.6,2.0,1.0,3.0,2.0,0.0,0.0,6.0,1.0,0.0,0.0,0.0,0.09,0.04,0.13,0.09,0.13,Matches,0.0
2006-2007,LaLiga,Levante,Laurent Courtois,fr FRA,MF,27.0,29.0,22.0,2081.0,23.1,2.0,0.0,2.0,2.0,0.0,0.0,6.0,1.0,0.0,0.0,0.0,0.09,0.0,0.09,0.09,0.09,Matches,0.0
2006-2007,LaLiga,Levante,Damiano Tommasi,it ITA,MF,32.0,29.0,22.0,1929.0,21.4,0.0,1.0,1.0,0.0,0.0,0.0,9.0,0.0,0.0,0.0,0.0,0.0,0.05,0.05,0.0,0.05,Matches,0.0
2006-2007,LaLiga,Levante,Iñaki Descarga,es ESP,DF,29.0,21.0,20.0,1767.0,19.6,2.0,1.0,3.0,2.0,0.0,0.0,3.0,1.0,0.0,0.0,0.0,0.1,0.05,0.15,0.1,0.15,Matches,0.0
2006-2007,LaLiga,Levante,Salva Ballesta,es ESP,FW,31.0,14.0,13.0,1117.0,12.4,4.0,5.0,9.0,3.0,1.0,2.0,6.0,0.0,0.0,0.0,0.0,0.32,0.4,0.73,0.24,0.64,Matches,0.0
2006-2007,LaLiga,Levante,Manolo Gaspar,es ESP,DF,25.0,13.0,11.0,1015.0,11.3,0.0,1.0,1.0,0.0,0.0,0.0,5.0,0.0,0.0,0.0,0.0,0.0,0.09,0.09,0.0,0.09,Matches,0.0
2006-2007,LaLiga,Levante,Zé Maria,br BRA,DF,33.0,14.0,11.0,923.0,10.3,0.0,2.0,2.0,0.0,0.0,0.0,0.0,0.0,0.0,0.0,0.0,0.0,0.2,0.2,0.0,0.2,Matches,0.0
2006-2007,LaLiga,Levante,Frédéric Déhu,fr FRA,"DF,MF",33.0,12.0,10.0,805.0,8.9,1.0,0.0,1.0,1.0,0.0,0.0,2.0,2.0,0.0,0.0,0.0,0.11,0.0,0.11,0.11,0.11,Matches,0.0
2006-2007,LaLiga,Levante,Nino,es ESP,"FW,MF",26.0,19.0,9.0,925.0,10.3,1.0,1.0,2.0,1.0,0.0,0.0,0.0,0.0,0.0,0.0,0.0,0.1,0.1,0.19,0.1,0.19,Matches,0.0
2006-2007,LaLiga,Levante,José Serrano,es ESP,DF,25.0,10.0,9.0,845.0,9.4,0.0,0.0,0.0,0.0,0.0,0.0,2.0,0.0,0.0,0.0,0.0,0.0,0.0,0.0,0.0,0.0,Matches,0.0
2006-2007,LaLiga,Levante,Laurent Robert,fr FRA,"FW,MF",31.0,13.0,8.0,587.0,6.5,0.0,1.0,1.0,0.0,0.0,0.0,2.0,1.0,0.0,0.0,0.0,0.0,0.15,0.15,0.0,0.15,Matches,0.0
2006-2007,LaLiga,Levante,Sylvain N'Diaye,sn SEN,"DF,MF",30.0,17.0,5.0,740.0,8.2,0.0,0.0,0.0,0.0,0.0,0.0,0.0,0.0,0.0,0.0,0.0,0.0,0.0,0.0,0.0,0.0,Matches,0.0
2006-2007,LaLiga,Levante,Gustavo Reggi,ar ARG,FW,33.0,18.0,5.0,591.0,6.6,3.0,0.0,3.0,2.0,1.0,1.0,5.0,0.0,0.0,0.0,0.0,0.46,0.0,0.46,0.3,0.3,Matches,0.0
2006-2007,LaLiga,Levante,Pablo Cavallero,ar ARG,GK,32.0,5.0,4.0,446.0,5.0,0.0,0.0,0.0,0.0,0.0,0.0,0.0,0.0,0.0,0.0,0.0,0.0,0.0,0.0,0.0,0.0,Matches,0.0
2006-2007,LaLiga,Levante,Albert Meyong,cm CMR,FW,25.0,11.0,4.0,413.0,4.6,1.0,0.0,1.0,1.0,0.0,0.0,3.0,0.0,0.0,0.0,0.0,0.22,0.0,0.22,0.22,0.22,Matches,0.0
2006-2007,LaLiga,Levante,Ian Harte,ie IRL,DF,28.0,6.0,4.0,328.0,3.6,0.0,0.0,0.0,0.0,0.0,0.0,1.0,0.0,0.0,0.0,0.0,0.0,0.0,0.0,0.0,0.0,Matches,0.0
2006-2007,LaLiga,Levante,Carmelo González,es ESP,MF,23.0,6.0,3.0,256.0,2.8,0.0,0.0,0.0,0.0,0.0,0.0,1.0,0.0,0.0,0.0,0.0,0.0,0.0,0.0,0.0,0.0,Matches,0.0
2006-2007,LaLiga,Levante,Péguy Luyindula,fr FRA,"FW,MF",27.0,10.0,2.0,255.0,2.8,0.0,0.0,0.0,0.0,0.0,0.0,1.0,0.0,0.0,0.0,0.0,0.0,0.0,0.0,0.0,0.0,Matches,0.0
2006-2007,LaLiga,Levante,César Martín,es ESP,DF,29.0,3.0,1.0,107.0,1.2,0.0,0.0,0.0,0.0,0.0,0.0,1.0,1.0,0.0,0.0,0.0,0.0,0.0,0.0,0.0,0.0,Matches,0.0
2006-2007,LaLiga,Levante,Squad Total,0,0,29.4,38.0,418.0,0.0,0.0,36.0,26.0,62.0,34.0,2.0,3.0,116.0,13.0,0.0,0.0,0.0,0.95,0.68,1.63,0.89,1.58,0,0.0
2006-2007,LaLiga,Levante,Opponent Total,0,0,26.4,38.0,418.0,0.0,0.0,0.0,0.0,0.0,0.0,0.0,0.0,0.0,0.0,0.0,0.0,0.0,0.0,0.0,0.0,0.0,0.0,0,0.0
2006-2007,LaLiga,Betis,Juanito,es ESP,DF,30.0,34.0,34.0,3051.0,33.9,3.0,0.0,3.0,3.0,0.0,0.0,5.0,0.0,0.0,0.0,0.0,0.09,0.0,0.09,0.09,0.09,Matches,0.0
2006-2007,LaLiga,Betis,Melli,es ESP,DF,22.0,27.0,26.0,2325.0,25.8,0.0,0.0,0.0,0.0,0.0,0.0,9.0,0.0,0.0,0.0,0.0,0.0,0.0,0.0,0.0,0.0,Matches,0.0
2006-2007,LaLiga,Betis,Edu,br BRA,"FW,MF",27.0,29.0,25.0,2212.0,24.6,8.0,2.0,10.0,8.0,0.0,1.0,4.0,2.0,0.0,0.0,0.0,0.33,0.08,0.41,0.33,0.41,Matches,0.0
2006-2007,LaLiga,Betis,Rafael Sóbis,br BRA,"FW,MF",21.0,31.0,24.0,2162.0,24.0,4.0,0.0,4.0,4.0,0.0,0.0,2.0,1.0,0.0,0.0,0.0,0.17,0.0,0.17,0.17,0.17,Matches,0.0
2006-2007,LaLiga,Betis,Toni Doblas,es ESP,GK,25.0,22.0,22.0,1980.0,22.0,0.0,0.0,0.0,0.0,0.0,0.0,4.0,0.0,0.0,0.0,0.0,0.0,0.0,0.0,0.0,0.0,Matches,0.0
2006-2007,LaLiga,Betis,Alberto Rivera,es ESP,MF,28.0,27.0,22.0,1888.0,21.0,1.0,1.0,2.0,1.0,0.0,0.0,4.0,0.0,0.0,0.0,0.0,0.05,0.05,0.1,0.05,0.1,Matches,0.0
2006-2007,LaLiga,Betis,Marcos Assunção,br BRA,MF,30.0,27.0,21.0,1978.0,22.0,2.0,5.0,7.0,0.0,2.0,2.0,8.0,0.0,0.0,0.0,0.0,0.09,0.23,0.32,0.0,0.23,Matches,0.0
2006-2007,LaLiga,Betis,Robert,br BRA,FW,25.0,29.0,20.0,1817.0,20.2,9.0,3.0,12.0,6.0,3.0,4.0,3.0,0.0,0.0,0.0,0.0,0.45,0.15,0.59,0.3,0.45,Matches,0.0
2006-2007,LaLiga,Betis,Nano,es ESP,DF,26.0,21.0,20.0,1750.0,19.4,0.0,2.0,2.0,0.0,0.0,0.0,5.0,2.0,0.0,0.0,0.0,0.0,0.1,0.1,0.0,0.1,Matches,0.0
2006-2007,LaLiga,Betis,Capi,es ESP,MF,29.0,29.0,19.0,1702.0,18.9,2.0,2.0,4.0,2.0,0.0,0.0,7.0,1.0,0.0,0.0,0.0,0.11,0.11,0.21,0.11,0.21,Matches,0.0
2006-2007,LaLiga,Betis,Enrique Romero,es ESP,DF,35.0,17.0,17.0,1476.0,16.4,0.0,1.0,1.0,0.0,0.0,0.0,3.0,0.0,0.0,0.0,0.0,0.0,0.06,0.06,0.0,0.06,Matches,0.0
2006-2007,LaLiga,Betis,Miguel Ángel,es ESP,MF,27.0,23.0,16.0,1489.0,16.5,0.0,2.0,2.0,0.0,0.0,0.0,8.0,1.0,0.0,0.0,0.0,0.0,0.12,0.12,0.0,0.12,Matches,0.0
2006-2007,LaLiga,Betis,Pedro Contreras,es ESP,GK,34.0,16.0,16.0,1440.0,16.0,0.0,0.0,0.0,0.0,0.0,0.0,2.0,1.0,0.0,0.0,0.0,0.0,0.0,0.0,0.0,0.0,Matches,0.0
2006-2007,LaLiga,Betis,Arzu,es ESP,"DF,MF",25.0,16.0,15.0,1134.0,12.6,1.0,1.0,2.0,1.0,0.0,0.0,2.0,0.0,0.0,0.0,0.0,0.08,0.08,0.16,0.08,0.16,Matches,0.0
2006-2007,LaLiga,Betis,Johann Vogel,ch SUI,MF,29.0,17.0,14.0,1248.0,13.9,0.0,0.0,0.0,0.0,0.0,0.0,4.0,1.0,0.0,0.0,0.0,0.0,0.0,0.0,0.0,0.0,Matches,0.0
2006-2007,LaLiga,Betis,Fernando Vega,es ESP,DF,22.0,17.0,13.0,1289.0,14.3,0.0,0.0,0.0,0.0,0.0,0.0,4.0,0.0,0.0,0.0,0.0,0.0,0.0,0.0,0.0,0.0,Matches,0.0
2006-2007,LaLiga,Betis,Branko Ilić,si SVN,DF,23.0,13.0,13.0,1120.0,12.4,0.0,2.0,2.0,0.0,0.0,0.0,2.0,0.0,0.0,0.0,0.0,0.0,0.16,0.16,0.0,0.16,Matches,0.0
2006-2007,LaLiga,Betis,Fernando,es ESP,"FW,MF",27.0,25.0,12.0,1316.0,14.6,2.0,0.0,2.0,2.0,0.0,1.0,2.0,0.0,0.0,0.0,0.0,0.14,0.0,0.14,0.14,0.14,Matches,0.0
2006-2007,LaLiga,Betis,David Rivas,es ESP,DF,27.0,11.0,11.0,937.0,10.4,0.0,0.0,0.0,0.0,0.0,0.0,1.0,0.0,0.0,0.0,0.0,0.0,0.0,0.0,0.0,0.0,Matches,0.0
2006-2007,LaLiga,Betis,Xisco,es ESP,"FW,MF",25.0,17.0,9.0,848.0,9.4,3.0,1.0,4.0,3.0,0.0,0.0,2.0,0.0,0.0,0.0,0.0,0.32,0.11,0.42,0.32,0.42,Matches,0.0
2006-2007,LaLiga,Betis,David Odonkor,de GER,"FW,MF",22.0,13.0,8.0,674.0,7.5,0.0,1.0,1.0,0.0,0.0,0.0,3.0,0.0,0.0,0.0,0.0,0.0,0.13,0.13,0.0,0.13,Matches,0.0
2006-2007,LaLiga,Betis,Tati Maldonado,es ESP,FW,25.0,15.0,8.0,636.0,7.1,0.0,1.0,1.0,0.0,0.0,0.0,2.0,0.0,0.0,0.0,0.0,0.0,0.14,0.14,0.0,0.14,Matches,0.0
2006-2007,LaLiga,Betis,José Isidoro,es ESP,DF,19.0,8.0,7.0,635.0,7.1,0.0,0.0,0.0,0.0,0.0,0.0,4.0,0.0,0.0,0.0,0.0,0.0,0.0,0.0,0.0,0.0,Matches,0.0
2006-2007,LaLiga,Betis,Juande,es ESP,MF,20.0,7.0,6.0,540.0,6.0,0.0,0.0,0.0,0.0,0.0,0.0,3.0,0.0,0.0,0.0,0.0,0.0,0.0,0.0,0.0,0.0,Matches,0.0
2006-2007,LaLiga,Betis,Jorge Wagner,br BRA,MF,27.0,10.0,6.0,406.0,4.5,0.0,0.0,0.0,0.0,0.0,0.0,1.0,0.0,0.0,0.0,0.0,0.0,0.0,0.0,0.0,0.0,Matches,0.0
2006-2007,LaLiga,Betis,Fabrice Pancrate,fr FRA,"FW,MF",26.0,7.0,5.0,401.0,4.5,1.0,0.0,1.0,1.0,0.0,0.0,0.0,0.0,0.0,0.0,0.0,0.22,0.0,0.22,0.22,0.22,Matches,0.0
2006-2007,LaLiga,Betis,Daniel Martín,es ESP,FW,24.0,14.0,3.0,483.0,5.4,0.0,0.0,0.0,0.0,0.0,0.0,2.0,0.0,0.0,0.0,0.0,0.0,0.0,0.0,0.0,0.0,Matches,0.0
2006-2007,LaLiga,Betis,Juan Pablo Caffa,ar ARG,MF,21.0,7.0,3.0,300.0,3.3,0.0,0.0,0.0,0.0,0.0,0.0,0.0,0.0,0.0,0.0,0.0,0.0,0.0,0.0,0.0,0.0,Matches,0.0
2006-2007,LaLiga,Betis,Alejandro Lembo,uy URU,DF,28.0,2.0,2.0,124.0,1.4,0.0,0.0,0.0,0.0,0.0,0.0,0.0,1.0,0.0,0.0,0.0,0.0,0.0,0.0,0.0,0.0,Matches,0.0
2006-2007,LaLiga,Betis,Squad Total,0,0,26.8,38.0,417.0,0.0,0.0,36.0,24.0,60.0,31.0,5.0,8.0,97.0,10.0,0.0,0.0,0.0,0.95,0.63,1.58,0.82,1.45,0,0.0
2006-2007,LaLiga,Betis,Opponent Total,0,0,26.7,38.0,417.0,0.0,0.0,0.0,0.0,0.0,0.0,0.0,0.0,0.0,0.0,0.0,0.0,0.0,0.0,0.0,0.0,0.0,0.0,0,0.0
2006-2007,LaLiga,Athletic Club,Josu Sarriegi,es ESP,DF,27.0,0.0,36.0,3226.0,35.8,0.0,0.0,0.0,0.0,0.0,0.0,9.0,0.0,0.0,0.0,0.0,0.0,0.0,0.0,0.0,0.0,Matches,36.0
2006-2007,LaLiga,Athletic Club,Andoni Iraola,es ESP,"DF,MF",24.0,0.0,35.0,3104.0,34.5,5.0,5.0,10.0,5.0,0.0,0.0,5.0,0.0,0.0,0.0,0.0,0.14,0.14,0.29,0.14,0.29,Matches,35.0
2006-2007,LaLiga,Athletic Club,Javi Martínez,es ESP,"DF,MF",17.0,0.0,32.0,2784.0,30.9,3.0,1.0,4.0,3.0,0.0,0.0,6.0,0.0,0.0,0.0,0.0,0.1,0.03,0.13,0.1,0.13,Matches,35.0
2006-2007,LaLiga,Athletic Club,Ander Murillo,es ESP,DF,23.0,0.0,31.0,2848.0,31.6,1.0,1.0,2.0,1.0,0.0,0.0,16.0,1.0,0.0,0.0,0.0,0.03,0.03,0.06,0.03,0.06,Matches,34.0
2006-2007,LaLiga,Athletic Club,Francisco Yeste,es ESP,MF,26.0,0.0,31.0,2720.0,30.2,5.0,9.0,14.0,3.0,2.0,3.0,4.0,0.0,0.0,0.0,0.0,0.17,0.3,0.46,0.1,0.4,Matches,38.0
2006-2007,LaLiga,Athletic Club,Unai Expósito,es ESP,DF,26.0,0.0,29.0,2713.0,30.1,0.0,1.0,1.0,0.0,0.0,0.0,6.0,0.0,0.0,0.0,0.0,0.0,0.03,0.03,0.0,0.03,Matches,31.0
2006-2007,LaLiga,Athletic Club,Daniel Aranzubia,es ESP,GK,26.0,0.0,28.0,2457.0,27.3,0.0,0.0,0.0,0.0,0.0,0.0,2.0,0.0,0.0,0.0,0.0,0.0,0.0,0.0,0.0,0.0,Matches,28.0
2006-2007,LaLiga,Athletic Club,Aritz Aduriz,es ESP,FW,25.0,0.0,27.0,2399.0,26.7,9.0,3.0,12.0,7.0,2.0,2.0,4.0,3.0,0.0,0.0,0.0,0.34,0.11,0.45,0.26,0.38,Matches,34.0
2006-2007,LaLiga,Athletic Club,Igor Gabilondo,es ESP,MF,27.0,0.0,27.0,2154.0,23.9,3.0,2.0,5.0,3.0,0.0,0.0,3.0,1.0,0.0,0.0,0.0,0.13,0.08,0.21,0.13,0.21,Matches,33.0
2006-2007,LaLiga,Athletic Club,Fernando Amorebieta,ve VEN,DF,21.0,0.0,21.0,1786.0,19.8,0.0,0.0,0.0,0.0,0.0,0.0,11.0,1.0,0.0,0.0,0.0,0.0,0.0,0.0,0.0,0.0,Matches,27.0
2006-2007,LaLiga,Athletic Club,Ismael Urzaiz,es ESP,FW,34.0,0.0,20.0,1787.0,19.9,8.0,0.0,8.0,6.0,2.0,2.0,5.0,0.0,0.0,0.0,0.0,0.4,0.0,0.4,0.3,0.3,Matches,32.0
2006-2007,LaLiga,Athletic Club,Luis Prieto Zalbidegoitia,es ESP,DF,27.0,0.0,18.0,1582.0,17.6,2.0,0.0,2.0,2.0,0.0,0.0,4.0,0.0,0.0,0.0,0.0,0.11,0.0,0.11,0.11,0.11,Matches,19.0
2006-2007,LaLiga,Athletic Club,Javier Casas,es ESP,DF,24.0,0.0,18.0,1392.0,15.5,0.0,1.0,1.0,0.0,0.0,0.0,2.0,1.0,0.0,0.0,0.0,0.0,0.06,0.06,0.0,0.06,Matches,19.0
2006-2007,LaLiga,Athletic Club,Joseba Etxeberria,es ESP,"FW,MF",28.0,0.0,17.0,1583.0,17.6,3.0,4.0,7.0,3.0,0.0,0.0,2.0,0.0,0.0,0.0,0.0,0.17,0.23,0.4,0.17,0.4,Matches,28.0
2006-2007,LaLiga,Athletic Club,Ustaritz,es ESP,DF,23.0,0.0,10.0,986.0,11.0,0.0,0.0,0.0,0.0,0.0,0.0,3.0,0.0,0.0,0.0,0.0,0.0,0.0,0.0,0.0,0.0,Matches,13.0
2006-2007,LaLiga,Athletic Club,Iñaki Lafuente,es ESP,GK,30.0,0.0,10.0,963.0,10.7,0.0,0.0,0.0,0.0,0.0,0.0,0.0,0.0,0.0,0.0,0.0,0.0,0.0,0.0,0.0,0.0,Matches,11.0
2006-2007,LaLiga,Athletic Club,Pablo Orbaiz,es ESP,MF,27.0,0.0,9.0,672.0,7.5,0.0,0.0,0.0,0.0,0.0,0.0,3.0,0.0,0.0,0.0,0.0,0.0,0.0,0.0,0.0,0.0,Matches,9.0
2006-2007,LaLiga,Athletic Club,Javi González,es ESP,MF,32.0,0.0,8.0,760.0,8.4,0.0,0.0,0.0,0.0,0.0,0.0,1.0,0.0,0.0,0.0,0.0,0.0,0.0,0.0,0.0,0.0,Matches,11.0
2006-2007,LaLiga,Athletic Club,Joseba Garmendia,es ESP,"DF,MF",20.0,0.0,6.0,624.0,6.9,1.0,0.0,1.0,1.0,0.0,0.0,0.0,0.0,0.0,0.0,0.0,0.14,0.0,0.14,0.14,0.14,Matches,16.0
2006-2007,LaLiga,Athletic Club,Fernando Llorente,es ESP,FW,21.0,0.0,2.0,459.0,5.1,2.0,0.0,2.0,2.0,0.0,0.0,0.0,0.0,0.0,0.0,0.0,0.39,0.0,0.39,0.39,0.39,Matches,23.0
2006-2007,LaLiga,Athletic Club,Tiko,es ESP,MF,29.0,0.0,1.0,156.0,1.7,0.0,0.0,0.0,0.0,0.0,0.0,2.0,0.0,0.0,0.0,0.0,0.0,0.0,0.0,0.0,0.0,Matches,5.0
2006-2007,LaLiga,Athletic Club,Javier Iturriaga,mx MEX,MF,22.0,0.0,1.0,106.0,1.2,0.0,0.0,0.0,0.0,0.0,0.0,1.0,0.0,0.0,0.0,0.0,0.0,0.0,0.0,0.0,0.0,Matches,4.0
2006-2007,LaLiga,Athletic Club,Mikel Dañobeitia,es ESP,"DF,FW",20.0,0.0,1.0,88.0,1.0,0.0,0.0,0.0,0.0,0.0,0.0,0.0,0.0,0.0,0.0,0.0,0.0,0.0,0.0,0.0,0.0,Matches,4.0
2006-2007,LaLiga,Athletic Club,Iban Zubiaurre,es ESP,DF,23.0,0.0,0.0,33.0,0.4,0.0,0.0,0.0,0.0,0.0,0.0,0.0,0.0,0.0,0.0,0.0,0.0,0.0,0.0,0.0,0.0,Matches,1.0
2006-2007,LaLiga,Athletic Club,Gaizka Bergara,es ESP,DF,20.0,0.0,0.0,14.0,0.2,0.0,0.0,0.0,0.0,0.0,0.0,1.0,0.0,0.0,0.0,0.0,0.0,0.0,0.0,0.0,0.0,Matches,1.0
2006-2007,LaLiga,Athletic Club,Beñat Etxebarria,es ESP,MF,19.0,0.0,0.0,7.0,0.1,0.0,0.0,0.0,0.0,0.0,0.0,0.0,0.0,0.0,0.0,0.0,0.0,0.0,0.0,0.0,0.0,Matches,1.0
2006-2007,LaLiga,Athletic Club,Squad Total,0,0,25.7,0.0,418.0,0.0,0.0,42.0,27.0,69.0,36.0,6.0,7.0,90.0,7.0,0.0,0.0,0.0,1.11,0.71,1.82,0.95,1.66,0,38.0
2006-2007,LaLiga,Athletic Club,Opponent Total,0,0,26.7,0.0,418.0,0.0,0.0,0.0,0.0,0.0,0.0,0.0,0.0,0.0,0.0,0.0,0.0,0.0,0.0,0.0,0.0,0.0,0.0,0,38.0
2006-2007,LaLiga,Celta Vigo,Nenê,br BRA,"FW,MF",25.0,38.0,36.0,2975.0,33.1,8.0,3.0,11.0,6.0,2.0,2.0,4.0,0.0,0.0,0.0,0.0,0.24,0.09,0.33,0.18,0.27,Matches,0.0
2006-2007,LaLiga,Celta Vigo,Ángel López,es ESP,"DF,MF",25.0,35.0,35.0,3133.0,34.8,2.0,4.0,6.0,2.0,0.0,0.0,8.0,1.0,0.0,0.0,0.0,0.06,0.11,0.17,0.06,0.17,Matches,0.0
2006-2007,LaLiga,Celta Vigo,Fernando Baiano,br BRA,FW,27.0,35.0,35.0,2983.0,33.1,15.0,3.0,18.0,11.0,4.0,5.0,6.0,0.0,0.0,0.0,0.0,0.45,0.09,0.54,0.33,0.42,Matches,0.0
2006-2007,LaLiga,Celta Vigo,José Manuel Pinto,es ESP,GK,30.0,34.0,34.0,3060.0,34.0,0.0,0.0,0.0,0.0,0.0,0.0,6.0,0.0,0.0,0.0,0.0,0.0,0.0,0.0,0.0,0.0,Matches,0.0
2006-2007,LaLiga,Celta Vigo,Diego Placente,ar ARG,DF,29.0,34.0,33.0,2863.0,31.8,0.0,0.0,0.0,0.0,0.0,0.0,9.0,0.0,0.0,0.0,0.0,0.0,0.0,0.0,0.0,0.0,Matches,0.0
2006-2007,LaLiga,Celta Vigo,Fabián Canobbio,uy URU,MF,26.0,34.0,32.0,2549.0,28.3,2.0,4.0,6.0,2.0,0.0,0.0,5.0,2.0,0.0,0.0,0.0,0.07,0.14,0.21,0.07,0.21,Matches,0.0
2006-2007,LaLiga,Celta Vigo,Borja Oubiña,es ESP,MF,24.0,30.0,30.0,2673.0,29.7,1.0,1.0,2.0,1.0,0.0,0.0,5.0,0.0,0.0,0.0,0.0,0.03,0.03,0.07,0.03,0.07,Matches,0.0
2006-2007,LaLiga,Celta Vigo,Pablo Contreras,cl CHI,DF,27.0,30.0,29.0,2553.0,28.4,0.0,0.0,0.0,0.0,0.0,0.0,9.0,1.0,0.0,0.0,0.0,0.0,0.0,0.0,0.0,0.0,Matches,0.0
2006-2007,LaLiga,Celta Vigo,Gustavo López,ar ARG,"FW,MF",33.0,31.0,28.0,2185.0,24.3,3.0,6.0,9.0,3.0,0.0,0.0,5.0,1.0,0.0,0.0,0.0,0.12,0.25,0.37,0.12,0.37,Matches,0.0
2006-2007,LaLiga,Celta Vigo,Gabriel Tamaș,ro ROU,DF,22.0,29.0,25.0,2199.0,24.4,0.0,1.0,1.0,0.0,0.0,0.0,11.0,2.0,0.0,0.0,0.0,0.0,0.04,0.04,0.0,0.04,Matches,0.0
2006-2007,LaLiga,Celta Vigo,Iriney,br BRA,MF,25.0,26.0,25.0,2020.0,22.4,2.0,1.0,3.0,2.0,0.0,0.0,8.0,1.0,0.0,0.0,0.0,0.09,0.04,0.13,0.09,0.13,Matches,0.0
2006-2007,LaLiga,Celta Vigo,Matías Lequi,ar ARG,DF,25.0,26.0,22.0,2057.0,22.9,1.0,1.0,2.0,1.0,0.0,0.0,8.0,1.0,0.0,0.0,0.0,0.04,0.04,0.09,0.04,0.09,Matches,0.0
2006-2007,LaLiga,Celta Vigo,Pablo García,uy URU,"DF,MF",29.0,14.0,11.0,989.0,11.0,0.0,1.0,1.0,0.0,0.0,0.0,9.0,2.0,0.0,0.0,0.0,0.0,0.09,0.09,0.0,0.09,Matches,0.0
2006-2007,LaLiga,Celta Vigo,Antonio Núñez,es ESP,MF,27.0,24.0,10.0,994.0,11.0,0.0,0.0,0.0,0.0,0.0,0.0,2.0,0.0,0.0,0.0,0.0,0.0,0.0,0.0,0.0,0.0,Matches,0.0
2006-2007,LaLiga,Celta Vigo,Jonathan Aspas,es ESP,MF,24.0,22.0,8.0,1020.0,11.3,0.0,0.0,0.0,0.0,0.0,0.0,3.0,0.0,0.0,0.0,0.0,0.0,0.0,0.0,0.0,0.0,Matches,0.0
2006-2007,LaLiga,Celta Vigo,Jorge Larena,es ESP,MF,24.0,15.0,5.0,478.0,5.3,1.0,0.0,1.0,1.0,0.0,0.0,1.0,0.0,0.0,0.0,0.0,0.19,0.0,0.19,0.19,0.19,Matches,0.0
2006-2007,LaLiga,Celta Vigo,Habib Bamogo,bf BFA,FW,24.0,15.0,4.0,663.0,7.4,2.0,1.0,3.0,2.0,0.0,0.0,0.0,0.0,0.0,0.0,0.0,0.27,0.14,0.41,0.27,0.41,Matches,0.0
2006-2007,LaLiga,Celta Vigo,Yago Yao,gq EQG,DF,26.0,6.0,4.0,448.0,5.0,1.0,0.0,1.0,1.0,0.0,0.0,0.0,0.0,0.0,0.0,0.0,0.2,0.0,0.2,0.2,0.2,Matches,0.0
2006-2007,LaLiga,Celta Vigo,Esteban,es ESP,GK,31.0,4.0,4.0,360.0,4.0,0.0,0.0,0.0,0.0,0.0,0.0,0.0,0.0,0.0,0.0,0.0,0.0,0.0,0.0,0.0,0.0,Matches,0.0
2006-2007,LaLiga,Celta Vigo,Antonio Guayre,es ESP,"FW,MF",26.0,10.0,2.0,336.0,3.7,1.0,0.0,1.0,1.0,0.0,0.0,1.0,0.0,0.0,0.0,0.0,0.27,0.0,0.27,0.27,0.27,Matches,0.0
2006-2007,LaLiga,Celta Vigo,Jonathan Vila,es ESP,"DF,MF",20.0,7.0,2.0,190.0,2.1,0.0,0.0,0.0,0.0,0.0,0.0,1.0,0.0,0.0,0.0,0.0,0.0,0.0,0.0,0.0,0.0,Matches,0.0
2006-2007,LaLiga,Celta Vigo,George Lucas Coser,br BRA,DF,22.0,2.0,2.0,147.0,1.6,0.0,0.0,0.0,0.0,0.0,0.0,0.0,0.0,0.0,0.0,0.0,0.0,0.0,0.0,0.0,0.0,Matches,0.0
2006-2007,LaLiga,Celta Vigo,José Jesús Perera,es ESP,FW,26.0,18.0,1.0,438.0,4.9,1.0,1.0,2.0,0.0,1.0,1.0,2.0,0.0,0.0,0.0,0.0,0.21,0.21,0.41,0.0,0.21,Matches,0.0
2006-2007,LaLiga,Celta Vigo,Miguel Areias,pt POR,DF,29.0,1.0,1.0,90.0,1.0,0.0,0.0,0.0,0.0,0.0,0.0,0.0,0.0,0.0,0.0,0.0,0.0,0.0,0.0,0.0,0.0,Matches,0.0
2006-2007,LaLiga,Celta Vigo,Daniël de Ridder,nl NED,"FW,MF",22.0,3.0,0.0,37.0,0.4,0.0,0.0,0.0,0.0,0.0,0.0,0.0,0.0,0.0,0.0,0.0,0.0,0.0,0.0,0.0,0.0,Matches,0.0
2006-2007,LaLiga,Celta Vigo,Dani Abalo,es ESP,"FW,MF",18.0,1.0,0.0,13.0,0.1,0.0,0.0,0.0,0.0,0.0,0.0,0.0,0.0,0.0,0.0,0.0,0.0,0.0,0.0,0.0,0.0,Matches,0.0
2006-2007,LaLiga,Celta Vigo,Squad Total,0,0,26.9,38.0,418.0,0.0,0.0,40.0,27.0,67.0,33.0,7.0,8.0,103.0,11.0,0.0,0.0,0.0,1.05,0.71,1.76,0.87,1.58,0,0.0
2006-2007,LaLiga,Celta Vigo,Opponent Total,0,0,26.8,38.0,418.0,0.0,0.0,0.0,0.0,0.0,0.0,0.0,0.0,0.0,0.0,0.0,0.0,0.0,0.0,0.0,0.0,0.0,0.0,0,0.0
2006-2007,LaLiga,Real Sociedad,Xabi Prieto,es ESP,MF,22.0,33.0,31.0,2689.0,29.9,4.0,2.0,6.0,2.0,2.0,3.0,4.0,0.0,0.0,0.0,0.0,0.13,0.07,0.2,0.07,0.13,Matches,0.0
2006-2007,LaLiga,Real Sociedad,Claudio Bravo,cl CHI,GK,23.0,29.0,29.0,2610.0,29.0,0.0,0.0,0.0,0.0,0.0,0.0,5.0,0.0,0.0,0.0,0.0,0.0,0.0,0.0,0.0,0.0,Matches,0.0
2006-2007,LaLiga,Real Sociedad,Gerardo,es ESP,"DF,MF",31.0,30.0,28.0,2410.0,26.8,0.0,1.0,1.0,0.0,0.0,0.0,9.0,1.0,0.0,0.0,0.0,0.0,0.04,0.04,0.0,0.04,Matches,0.0
2006-2007,LaLiga,Real Sociedad,Darko Kovačević,rs SRB,FW,32.0,33.0,27.0,2394.0,26.6,3.0,1.0,4.0,3.0,0.0,0.0,6.0,0.0,0.0,0.0,0.0,0.11,0.04,0.15,0.11,0.15,Matches,0.0
2006-2007,LaLiga,Real Sociedad,López Rekarte,es ESP,DF,30.0,28.0,25.0,2248.0,25.0,1.0,3.0,4.0,1.0,0.0,0.0,5.0,0.0,0.0,0.0,0.0,0.04,0.12,0.16,0.04,0.16,Matches,0.0
2006-2007,LaLiga,Real Sociedad,Juanito,es ESP,"DF,MF",26.0,28.0,25.0,2180.0,24.2,1.0,0.0,1.0,1.0,0.0,0.0,5.0,0.0,0.0,0.0,0.0,0.04,0.0,0.04,0.04,0.04,Matches,0.0
2006-2007,LaLiga,Real Sociedad,Javier Garrido,es ESP,DF,21.0,25.0,23.0,2036.0,22.6,1.0,1.0,2.0,1.0,0.0,0.0,4.0,0.0,0.0,0.0,0.0,0.04,0.04,0.09,0.04,0.09,Matches,0.0
2006-2007,LaLiga,Real Sociedad,Gaizka Garitano,es ESP,MF,31.0,31.0,22.0,2172.0,24.1,2.0,1.0,3.0,2.0,0.0,0.0,12.0,0.0,0.0,0.0,0.0,0.08,0.04,0.12,0.08,0.12,Matches,0.0
2006-2007,LaLiga,Real Sociedad,Mikel Aranburu,es ESP,MF,27.0,29.0,21.0,1899.0,21.1,3.0,1.0,4.0,3.0,0.0,0.0,1.0,1.0,0.0,0.0,0.0,0.14,0.05,0.19,0.14,0.19,Matches,0.0
2006-2007,LaLiga,Real Sociedad,Ion Ansotegi,es ESP,DF,24.0,20.0,19.0,1727.0,19.2,2.0,0.0,2.0,2.0,0.0,0.0,2.0,0.0,0.0,0.0,0.0,0.1,0.0,0.1,0.1,0.1,Matches,0.0
2006-2007,LaLiga,Real Sociedad,Diego Rivas,es ESP,MF,26.0,21.0,19.0,1495.0,16.6,1.0,0.0,1.0,1.0,0.0,0.0,6.0,1.0,0.0,0.0,0.0,0.06,0.0,0.06,0.06,0.06,Matches,0.0
2006-2007,LaLiga,Real Sociedad,Sávio,br BRA,MF,32.0,19.0,18.0,1617.0,18.0,5.0,2.0,7.0,5.0,0.0,1.0,2.0,0.0,0.0,0.0,0.0,0.28,0.11,0.39,0.28,0.39,Matches,0.0
2006-2007,LaLiga,Real Sociedad,Mikel González,es ESP,DF,20.0,19.0,18.0,1610.0,17.9,0.0,0.0,0.0,0.0,0.0,0.0,6.0,1.0,0.0,0.0,0.0,0.0,0.0,0.0,0.0,0.0,Matches,0.0
2006-2007,LaLiga,Real Sociedad,Víctor López,ar ARG,DF,27.0,17.0,17.0,1530.0,17.0,0.0,2.0,2.0,0.0,0.0,0.0,5.0,0.0,0.0,0.0,0.0,0.0,0.12,0.12,0.0,0.12,Matches,0.0
2006-2007,LaLiga,Real Sociedad,Gari Uranga,es ESP,MF,26.0,20.0,17.0,1470.0,16.3,2.0,1.0,3.0,2.0,0.0,0.0,5.0,0.0,0.0,0.0,0.0,0.12,0.06,0.18,0.12,0.18,Matches,0.0
2006-2007,LaLiga,Real Sociedad,Mikel Labaka,es ESP,DF,25.0,11.0,11.0,990.0,11.0,0.0,1.0,1.0,0.0,0.0,0.0,2.0,0.0,0.0,0.0,0.0,0.0,0.09,0.09,0.0,0.09,Matches,0.0
2006-2007,LaLiga,Real Sociedad,Iñigo Díaz de Cerio,es ESP,FW,22.0,27.0,10.0,1070.0,11.9,4.0,0.0,4.0,4.0,0.0,0.0,4.0,0.0,0.0,0.0,0.0,0.34,0.0,0.34,0.34,0.34,Matches,0.0
2006-2007,LaLiga,Real Sociedad,Asier Riesgo,es ESP,GK,22.0,9.0,9.0,810.0,9.0,0.0,0.0,0.0,0.0,0.0,0.0,0.0,0.0,0.0,0.0,0.0,0.0,0.0,0.0,0.0,0.0,Matches,0.0
2006-2007,LaLiga,Real Sociedad,Germán Herrera,ar ARG,FW,23.0,19.0,9.0,804.0,8.9,1.0,1.0,2.0,1.0,0.0,0.0,3.0,0.0,0.0,0.0,0.0,0.11,0.11,0.22,0.11,0.22,Matches,0.0
2006-2007,LaLiga,Real Sociedad,Jesuli,es ESP,MF,28.0,11.0,9.0,695.0,7.7,0.0,1.0,1.0,0.0,0.0,0.0,1.0,0.0,0.0,0.0,0.0,0.0,0.13,0.13,0.0,0.13,Matches,0.0
2006-2007,LaLiga,Real Sociedad,Mikel Alonso,es ESP,MF,26.0,18.0,7.0,776.0,8.6,0.0,0.0,0.0,0.0,0.0,0.0,0.0,0.0,0.0,0.0,0.0,0.0,0.0,0.0,0.0,0.0,Matches,0.0
2006-2007,LaLiga,Real Sociedad,Álvaro Novo,es ESP,MF,28.0,11.0,6.0,470.0,5.2,1.0,0.0,1.0,0.0,1.0,1.0,2.0,0.0,0.0,0.0,0.0,0.19,0.0,0.19,0.0,0.0,Matches,0.0
2006-2007,LaLiga,Real Sociedad,Dani Estrada,es ESP,"DF,MF",19.0,8.0,5.0,476.0,5.3,0.0,1.0,1.0,0.0,0.0,0.0,1.0,0.0,0.0,0.0,0.0,0.0,0.19,0.19,0.0,0.19,Matches,0.0
2006-2007,LaLiga,Real Sociedad,Gorka Elustondo,es ESP,"DF,MF",19.0,6.0,5.0,427.0,4.7,0.0,0.0,0.0,0.0,0.0,0.0,0.0,0.0,0.0,0.0,0.0,0.0,0.0,0.0,0.0,0.0,Matches,0.0
2006-2007,LaLiga,Real Sociedad,Fábio Felício,pt POR,"FW,MF",24.0,10.0,4.0,383.0,4.3,0.0,0.0,0.0,0.0,0.0,0.0,2.0,0.0,0.0,0.0,0.0,0.0,0.0,0.0,0.0,0.0,Matches,0.0
2006-2007,LaLiga,Real Sociedad,Morten Skoubo,dk DEN,FW,26.0,5.0,1.0,173.0,1.9,0.0,0.0,0.0,0.0,0.0,0.0,0.0,0.0,0.0,0.0,0.0,0.0,0.0,0.0,0.0,0.0,Matches,0.0
2006-2007,LaLiga,Real Sociedad,Dalibor Stevanović,si SVN,MF,21.0,1.0,1.0,71.0,0.8,0.0,0.0,0.0,0.0,0.0,0.0,0.0,0.0,0.0,0.0,0.0,0.0,0.0,0.0,0.0,0.0,Matches,0.0
2006-2007,LaLiga,Real Sociedad,Daniel Cifuentes,es ESP,DF,26.0,1.0,1.0,54.0,0.6,0.0,0.0,0.0,0.0,0.0,0.0,1.0,0.0,0.0,0.0,0.0,0.0,0.0,0.0,0.0,0.0,Matches,0.0
2006-2007,LaLiga,Real Sociedad,Imanol Agirretxe,es ESP,FW,19.0,6.0,0.0,79.0,0.9,0.0,0.0,0.0,0.0,0.0,0.0,0.0,0.0,0.0,0.0,0.0,0.0,0.0,0.0,0.0,0.0,Matches,0.0
2006-2007,LaLiga,Real Sociedad,Adriano Rossato,br BRA,DF,28.0,2.0,0.0,60.0,0.7,0.0,0.0,0.0,0.0,0.0,0.0,0.0,0.0,0.0,0.0,0.0,0.0,0.0,0.0,0.0,0.0,Matches,0.0
2006-2007,LaLiga,Real Sociedad,Squad Total,0,0,26.5,38.0,418.0,0.0,0.0,31.0,19.0,50.0,28.0,3.0,5.0,93.0,4.0,0.0,0.0,0.0,0.82,0.5,1.32,0.74,1.24,0,0.0
2006-2007,LaLiga,Real Sociedad,Opponent Total,0,0,26.8,38.0,418.0,0.0,0.0,0.0,0.0,0.0,0.0,0.0,0.0,0.0,0.0,0.0,0.0,0.0,0.0,0.0,0.0,0.0,0.0,0,0.0
2006-2007,LaLiga,Gimnàstic,Javier Portillo,es ESP,FW,24.0,34.0,30.0,2720.0,30.2,11.0,2.0,13.0,9.0,2.0,2.0,2.0,0.0,0.0,0.0,0.0,0.36,0.07,0.43,0.3,0.36,Matches,0.0
2006-2007,LaLiga,Gimnàstic,Aníbal Matellán,ar ARG,DF,29.0,26.0,24.0,2209.0,24.5,0.0,0.0,0.0,0.0,0.0,0.0,6.0,0.0,0.0,0.0,0.0,0.0,0.0,0.0,0.0,0.0,Matches,0.0
2006-2007,LaLiga,Gimnàstic,Juan Díaz Prendes,es ESP,MF,29.0,30.0,23.0,1834.0,20.4,0.0,1.0,1.0,0.0,0.0,0.0,7.0,0.0,0.0,0.0,0.0,0.0,0.05,0.05,0.0,0.05,Matches,0.0
2006-2007,LaLiga,Gimnàstic,Alejandro Campano,es ESP,MF,27.0,29.0,23.0,1809.0,20.1,3.0,5.0,8.0,2.0,1.0,1.0,0.0,1.0,0.0,0.0,0.0,0.15,0.25,0.4,0.1,0.35,Matches,0.0
2006-2007,LaLiga,Gimnàstic,Albano Bizzarri,ar ARG,GK,28.0,22.0,22.0,1980.0,22.0,0.0,0.0,0.0,0.0,0.0,0.0,3.0,0.0,0.0,0.0,0.0,0.0,0.0,0.0,0.0,0.0,Matches,0.0
2006-2007,LaLiga,Gimnàstic,David Cuéllar,es ESP,MF,26.0,28.0,20.0,1926.0,21.4,2.0,2.0,4.0,2.0,0.0,0.0,0.0,0.0,0.0,0.0,0.0,0.09,0.09,0.19,0.09,0.19,Matches,0.0
2006-2007,LaLiga,Gimnàstic,Ángel Morales,es ESP,MF,31.0,24.0,20.0,1640.0,18.2,0.0,0.0,0.0,0.0,0.0,0.0,6.0,0.0,0.0,0.0,0.0,0.0,0.0,0.0,0.0,0.0,Matches,0.0
2006-2007,LaLiga,Gimnàstic,Antonio Pinilla,es ESP,FW,35.0,28.0,20.0,1604.0,17.8,2.0,2.0,4.0,2.0,0.0,0.0,9.0,0.0,0.0,0.0,0.0,0.11,0.11,0.22,0.11,0.22,Matches,0.0
2006-2007,LaLiga,Gimnàstic,José María Calvo,ar ARG,DF,25.0,19.0,19.0,1694.0,18.8,0.0,2.0,2.0,0.0,0.0,0.0,6.0,0.0,0.0,0.0,0.0,0.0,0.11,0.11,0.0,0.11,Matches,0.0
2006-2007,LaLiga,Gimnàstic,David Generelo,es ESP,MF,23.0,26.0,19.0,1630.0,18.1,0.0,2.0,2.0,0.0,0.0,0.0,3.0,0.0,0.0,0.0,0.0,0.0,0.11,0.11,0.0,0.11,Matches,0.0
2006-2007,LaLiga,Gimnàstic,César Navas,es ESP,DF,26.0,19.0,19.0,1625.0,18.1,2.0,0.0,2.0,2.0,0.0,0.0,3.0,1.0,0.0,0.0,0.0,0.11,0.0,0.11,0.11,0.11,Matches,0.0
2006-2007,LaLiga,Gimnàstic,Rubén Pérez,es ESP,GK,25.0,16.0,16.0,1440.0,16.0,0.0,0.0,0.0,0.0,0.0,0.0,1.0,0.0,0.0,0.0,0.0,0.0,0.0,0.0,0.0,0.0,Matches,0.0
2006-2007,LaLiga,Gimnàstic,Abel Buades,es ESP,MF,29.0,18.0,16.0,1421.0,15.8,1.0,1.0,2.0,0.0,1.0,1.0,1.0,0.0,0.0,0.0,0.0,0.06,0.06,0.13,0.0,0.06,Matches,0.0
2006-2007,LaLiga,Gimnàstic,Manuel Ruz,es ESP,DF,20.0,17.0,16.0,1393.0,15.5,0.0,0.0,0.0,0.0,0.0,0.0,6.0,1.0,0.0,0.0,0.0,0.0,0.0,0.0,0.0,0.0,Matches,0.0
2006-2007,LaLiga,Gimnàstic,Mingo,es ESP,DF,29.0,16.0,16.0,1357.0,15.1,0.0,0.0,0.0,0.0,0.0,0.0,7.0,1.0,0.0,0.0,0.0,0.0,0.0,0.0,0.0,0.0,Matches,0.0
2006-2007,LaLiga,Gimnàstic,David García,es ESP,DF,26.0,16.0,15.0,1367.0,15.2,1.0,0.0,1.0,1.0,0.0,0.0,5.0,0.0,0.0,0.0,0.0,0.07,0.0,0.07,0.07,0.07,Matches,0.0
2006-2007,LaLiga,Gimnàstic,Sébastien Chabaud,fr FRA,MF,29.0,16.0,15.0,1285.0,14.3,0.0,0.0,0.0,0.0,0.0,0.0,4.0,0.0,0.0,0.0,0.0,0.0,0.0,0.0,0.0,0.0,Matches,0.0
2006-2007,LaLiga,Gimnàstic,Marco Ortega,es ESP,DF,29.0,14.0,14.0,1260.0,14.0,0.0,0.0,0.0,0.0,0.0,0.0,2.0,0.0,0.0,0.0,0.0,0.0,0.0,0.0,0.0,0.0,Matches,0.0
2006-2007,LaLiga,Gimnàstic,Rubén Castro,es ESP,"FW,MF",25.0,20.0,13.0,1163.0,12.9,4.0,1.0,5.0,4.0,0.0,0.0,2.0,0.0,0.0,0.0,0.0,0.31,0.08,0.39,0.31,0.39,Matches,0.0
2006-2007,LaLiga,Gimnàstic,Miguel Llera,es ESP,DF,26.0,12.0,12.0,1071.0,11.9,2.0,1.0,3.0,2.0,0.0,0.0,5.0,1.0,0.0,0.0,0.0,0.17,0.08,0.25,0.17,0.25,Matches,0.0
2006-2007,LaLiga,Gimnàstic,Julio César Cáceres,py PAR,DF,26.0,11.0,11.0,990.0,11.0,0.0,0.0,0.0,0.0,0.0,0.0,1.0,0.0,0.0,0.0,0.0,0.0,0.0,0.0,0.0,0.0,Matches,0.0
2006-2007,LaLiga,Gimnàstic,Gil,br BRA,FW,25.0,19.0,10.0,1032.0,11.5,0.0,2.0,2.0,0.0,0.0,0.0,3.0,0.0,0.0,0.0,0.0,0.0,0.17,0.17,0.0,0.17,Matches,0.0
2006-2007,LaLiga,Gimnàstic,Irurzun,es ESP,FW,31.0,22.0,9.0,999.0,11.1,2.0,1.0,3.0,2.0,0.0,0.0,2.0,0.0,0.0,0.0,0.0,0.18,0.09,0.27,0.18,0.27,Matches,0.0
2006-2007,LaLiga,Gimnàstic,Carlos Merino,es ESP,MF,26.0,18.0,6.0,737.0,8.2,0.0,0.0,0.0,0.0,0.0,0.0,3.0,0.0,0.0,0.0,0.0,0.0,0.0,0.0,0.0,0.0,Matches,0.0
2006-2007,LaLiga,Gimnàstic,Ariza Makukula,pt POR,FW,25.0,12.0,5.0,556.0,6.2,1.0,0.0,1.0,1.0,0.0,0.0,0.0,1.0,0.0,0.0,0.0,0.16,0.0,0.16,0.16,0.16,Matches,0.0
2006-2007,LaLiga,Gimnàstic,Óscar López,es ESP,DF,26.0,3.0,3.0,270.0,3.0,0.0,0.0,0.0,0.0,0.0,0.0,2.0,0.0,0.0,0.0,0.0,0.0,0.0,0.0,0.0,0.0,Matches,0.0
2006-2007,LaLiga,Gimnàstic,Tobias Grahn,se SWE,"FW,MF",26.0,9.0,1.0,228.0,2.5,2.0,0.0,2.0,2.0,0.0,0.0,0.0,0.0,0.0,0.0,0.0,0.79,0.0,0.79,0.79,0.79,Matches,0.0
2006-2007,LaLiga,Gimnàstic,Txus Serrano,es ESP,MF,33.0,2.0,1.0,120.0,1.3,0.0,0.0,0.0,0.0,0.0,0.0,1.0,0.0,0.0,0.0,0.0,0.0,0.0,0.0,0.0,0.0,Matches,0.0
2006-2007,LaLiga,Gimnàstic,Manolo Martínez,es ESP,"DF,MF",26.0,3.0,1.0,108.0,1.2,0.0,0.0,0.0,0.0,0.0,0.0,1.0,0.0,0.0,0.0,0.0,0.0,0.0,0.0,0.0,0.0,Matches,0.0
2006-2007,LaLiga,Gimnàstic,Squad Total,0,0,27.5,38.0,419.0,0.0,0.0,33.0,22.0,55.0,29.0,4.0,4.0,90.0,6.0,0.0,0.0,0.0,0.87,0.58,1.45,0.76,1.34,0,0.0
2006-2007,LaLiga,Gimnàstic,Opponent Total,0,0,26.9,38.0,419.0,0.0,0.0,0.0,0.0,0.0,0.0,0.0,0.0,0.0,0.0,0.0,0.0,0.0,0.0,0.0,0.0,0.0,0.0,0,0.0
