Season,League,Team,Unnamed: 0_level_0_Player,Unnamed: 1_level_0_Nation,Unnamed: 2_level_0_Pos,Unnamed: 3_level_0_Age,Unnamed: 4_level_0_90s,Tackles_Tkl,Tackles_TklW,Tackles_Def 3rd,Tackles_Mid 3rd,Tackles_Att 3rd,Challenges_Tkl,Challenges_Att,Challenges_Tkl%,Challenges_Lost,Blocks_Blocks,Blocks_Sh,Blocks_Pass,Unnamed: 17_level_0_Int,Unnamed: 18_level_0_Tkl+Int,Unnamed: 19_level_0_Clr,Unnamed: 20_level_0_Err,Unnamed: 21_level_0_Matches,S_e,L_e,T_e,U_n,U_n.1,U_n.2,U_n.3,U_n.4,T_a,T_a.1,T_a.2,T_a.3,T_a.4,C_h,C_h.1,C_h.2,C_h.3,B_l,B_l.1,B_l.2,U_n.5,U_n.6,U_n.7,U_n.8,U_n.9
2017-2018,SeriaA,Juventus,Gonzalo Higuaín,ar ARG,FW,29.0,31.3,19.0,17.0,3.0,7.0,9.0,2.0,19.0,10.5,17.0,19.0,4.0,15.0,7.0,26.0,20.0,0.0,Matches,,,,,,,,,,,,,,,,,,,,,,,,,
2017-2018,SeriaA,Juventus,Miralem Pjanić,ba BIH,MF,27.0,27.6,36.0,30.0,13.0,18.0,5.0,13.0,51.0,25.5,38.0,25.0,5.0,20.0,64.0,100.0,27.0,2.0,Matches,,,,,,,,,,,,,,,,,,,,,,,,,
2017-2018,SeriaA,Juventus,Blaise Matuidi,fr FRA,MF,30.0,26.2,49.0,35.0,14.0,25.0,10.0,10.0,35.0,28.6,25.0,28.0,4.0,24.0,32.0,81.0,22.0,1.0,Matches,,,,,,,,,,,,,,,,,,,,,,,,,
2017-2018,SeriaA,Juventus,Mario Mandžukić,hr CRO,FW,31.0,25.8,36.0,23.0,13.0,11.0,12.0,8.0,29.0,27.6,21.0,20.0,3.0,17.0,25.0,61.0,42.0,2.0,Matches,,,,,,,,,,,,,,,,,,,,,,,,,
2017-2018,SeriaA,Juventus,Paulo Dybala,ar ARG,"MF,FW",23.0,26.1,19.0,11.0,4.0,10.0,5.0,4.0,32.0,12.5,28.0,22.0,0.0,22.0,12.0,31.0,4.0,0.0,Matches,,,,,,,,,,,,,,,,,,,,,,,,,
2017-2018,SeriaA,Juventus,Giorgio Chiellini,it ITA,DF,32.0,24.0,28.0,19.0,17.0,10.0,1.0,7.0,15.0,46.7,8.0,21.0,14.0,7.0,47.0,75.0,142.0,3.0,Matches,,,,,,,,,,,,,,,,,,,,,,,,,
2017-2018,SeriaA,Juventus,Sami Khedira,de GER,MF,30.0,21.2,14.0,9.0,1.0,9.0,4.0,2.0,23.0,8.7,21.0,13.0,3.0,10.0,20.0,34.0,20.0,0.0,Matches,,,,,,,,,,,,,,,,,,,,,,,,,
2017-2018,SeriaA,Juventus,Alex Sandro,br BRA,DF,26.0,23.5,57.0,31.0,33.0,17.0,7.0,20.0,39.0,51.3,19.0,21.0,1.0,20.0,30.0,87.0,45.0,0.0,Matches,,,,,,,,,,,,,,,,,,,,,,,,,
2017-2018,SeriaA,Juventus,Daniele Rugani,it ITA,DF,23.0,21.5,18.0,12.0,11.0,5.0,2.0,7.0,13.0,53.8,6.0,18.0,14.0,4.0,20.0,38.0,87.0,1.0,Matches,,,,,,,,,,,,,,,,,,,,,,,,,
2017-2018,SeriaA,Juventus,Gianluigi Buffon,it ITA,GK,39.0,20.7,0.0,0.0,0.0,0.0,0.0,0.0,0.0,,0.0,0.0,0.0,0.0,0.0,0.0,11.0,2.0,Matches,,,,,,,,,,,,,,,,,,,,,,,,,
2017-2018,SeriaA,Juventus,Stephan Lichtsteiner,ch SUI,DF,33.0,18.9,31.0,27.0,16.0,10.0,5.0,9.0,17.0,52.9,8.0,11.0,2.0,9.0,15.0,46.0,38.0,1.0,Matches,,,,,,,,,,,,,,,,,,,,,,,,,
2017-2018,SeriaA,Juventus,Medhi Benatia,ma MAR,DF,30.0,19.5,28.0,21.0,20.0,6.0,2.0,8.0,15.0,53.3,7.0,18.0,13.0,5.0,43.0,71.0,89.0,1.0,Matches,,,,,,,,,,,,,,,,,,,,,,,,,
2017-2018,SeriaA,Juventus,Douglas Costa,br BRA,"FW,MF",26.0,19.9,17.0,14.0,10.0,5.0,2.0,8.0,25.0,32.0,17.0,15.0,0.0,15.0,7.0,24.0,7.0,0.0,Matches,,,,,,,,,,,,,,,,,,,,,,,,,
2017-2018,SeriaA,Juventus,Kwadwo Asamoah,gh GHA,DF,28.0,17.4,28.0,21.0,12.0,14.0,2.0,15.0,23.0,65.2,8.0,11.0,0.0,11.0,18.0,46.0,30.0,0.0,Matches,,,,,,,,,,,,,,,,,,,,,,,,,
2017-2018,SeriaA,Juventus,Wojciech Szczęsny,pl POL,GK,27.0,17.0,0.0,0.0,0.0,0.0,0.0,0.0,0.0,,0.0,0.0,0.0,0.0,0.0,0.0,4.0,0.0,Matches,,,,,,,,,,,,,,,,,,,,,,,,,
2017-2018,SeriaA,Juventus,Juan Cuadrado,co COL,"FW,MF",29.0,15.0,28.0,19.0,17.0,9.0,2.0,11.0,27.0,40.7,16.0,14.0,0.0,14.0,19.0,47.0,14.0,1.0,Matches,,,,,,,,,,,,,,,,,,,,,,,,,
2017-2018,SeriaA,Juventus,Andrea Barzagli,it ITA,DF,36.0,16.1,26.0,15.0,14.0,11.0,1.0,9.0,16.0,56.3,7.0,14.0,7.0,7.0,17.0,43.0,46.0,0.0,Matches,,,,,,,,,,,,,,,,,,,,,,,,,
2017-2018,SeriaA,Juventus,Mattia De Sciglio,it ITA,DF,24.0,10.8,22.0,17.0,7.0,13.0,2.0,9.0,13.0,69.2,4.0,12.0,2.0,10.0,14.0,36.0,32.0,0.0,Matches,,,,,,,,,,,,,,,,,,,,,,,,,
2017-2018,SeriaA,Juventus,Claudio Marchisio,it ITA,MF,31.0,9.1,17.0,10.0,9.0,5.0,3.0,6.0,21.0,28.6,15.0,7.0,2.0,5.0,4.0,21.0,7.0,0.0,Matches,,,,,,,,,,,,,,,,,,,,,,,,,
2017-2018,SeriaA,Juventus,Federico Bernardeschi,it ITA,"FW,MF",23.0,9.4,8.0,5.0,4.0,3.0,1.0,1.0,7.0,14.3,6.0,9.0,0.0,9.0,11.0,19.0,18.0,1.0,Matches,,,,,,,,,,,,,,,,,,,,,,,,,
2017-2018,SeriaA,Juventus,Stefano Sturaro,it ITA,"MF,DF",24.0,6.8,17.0,11.0,5.0,9.0,3.0,4.0,11.0,36.4,7.0,9.0,2.0,7.0,5.0,22.0,18.0,1.0,Matches,,,,,,,,,,,,,,,,,,,,,,,,,
2017-2018,SeriaA,Juventus,Rodrigo Bentancur,uy URU,MF,20.0,6.5,18.0,11.0,10.0,7.0,1.0,2.0,16.0,12.5,14.0,5.0,1.0,4.0,3.0,21.0,14.0,0.0,Matches,,,,,,,,,,,,,,,,,,,,,,,,,
2017-2018,SeriaA,Juventus,Benedikt Höwedes,de GER,DF,29.0,2.7,1.0,1.0,1.0,0.0,0.0,0.0,0.0,,0.0,0.0,0.0,0.0,8.0,9.0,10.0,1.0,Matches,,,,,,,,,,,,,,,,,,,,,,,,,
2017-2018,SeriaA,Juventus,Carlo Pinsoglio,it ITA,GK,27.0,0.3,0.0,0.0,0.0,0.0,0.0,0.0,0.0,,0.0,0.0,0.0,0.0,0.0,0.0,0.0,0.0,Matches,,,,,,,,,,,,,,,,,,,,,,,,,
2017-2018,SeriaA,Juventus,Squad Total,,,29.2,38.0,517.0,359.0,234.0,204.0,79.0,155.0,447.0,34.7,292.0,312.0,77.0,235.0,421.0,938.0,747.0,17.0,,,,,,,,,,,,,,,,,,,,,,,,,,
2017-2018,SeriaA,Juventus,Opponent Total,,,27.0,38.0,601.0,363.0,296.0,231.0,74.0,205.0,724.0,28.3,519.0,431.0,130.0,301.0,467.0,1068.0,843.0,11.0,,,,,,,,,,,,,,,,,,,,,,,,,,
2017-2018,SeriaA,Napoli,José Callejón,es ESP,FW,30.0,36.0,33.0,27.0,15.0,14.0,4.0,10.0,47.0,21.3,37.0,42.0,5.0,37.0,22.0,55.0,31.0,0.0,Matches,,,,,,,,,,,,,,,,,,,,,,,,,
2017-2018,SeriaA,Napoli,Pepe Reina,es ESP,GK,34.0,37.0,1.0,0.0,1.0,0.0,0.0,1.0,2.0,50.0,1.0,0.0,0.0,0.0,0.0,1.0,13.0,2.0,Matches,,,,,,,,,,,,,,,,,,,,,,,,,
2017-2018,SeriaA,Napoli,Lorenzo Insigne,it ITA,FW,26.0,34.3,29.0,17.0,11.0,13.0,5.0,13.0,33.0,39.4,20.0,20.0,0.0,20.0,17.0,46.0,4.0,0.0,Matches,,,,,,,,,,,,,,,,,,,,,,,,,
2017-2018,SeriaA,Napoli,Elseid Hysaj,al ALB,DF,23.0,34.7,64.0,45.0,28.0,30.0,6.0,32.0,56.0,57.1,24.0,35.0,4.0,31.0,43.0,107.0,68.0,4.0,Matches,,,,,,,,,,,,,,,,,,,,,,,,,
2017-2018,SeriaA,Napoli,Kalidou Koulibaly,sn SEN,DF,26.0,34.1,54.0,42.0,31.0,19.0,4.0,20.0,40.0,50.0,20.0,36.0,16.0,20.0,40.0,94.0,119.0,3.0,Matches,,,,,,,,,,,,,,,,,,,,,,,,,
2017-2018,SeriaA,Napoli,Dries Mertens,be BEL,FW,30.0,33.4,28.0,22.0,5.0,13.0,10.0,5.0,36.0,13.9,31.0,18.0,2.0,16.0,5.0,33.0,8.0,1.0,Matches,,,,,,,,,,,,,,,,,,,,,,,,,
2017-2018,SeriaA,Napoli,Jorginho,it ITA,MF,25.0,29.4,62.0,46.0,14.0,39.0,9.0,15.0,68.0,22.1,53.0,32.0,3.0,29.0,50.0,112.0,12.0,2.0,Matches,,,,,,,,,,,,,,,,,,,,,,,,,
2017-2018,SeriaA,Napoli,Allan,br BRA,MF,26.0,31.7,107.0,68.0,24.0,65.0,18.0,36.0,104.0,34.6,68.0,52.0,3.0,49.0,28.0,135.0,16.0,0.0,Matches,,,,,,,,,,,,,,,,,,,,,,,,,
2017-2018,SeriaA,Napoli,Marek Hamšík,sk SVK,MF,30.0,26.3,36.0,22.0,10.0,15.0,11.0,15.0,37.0,40.5,22.0,35.0,2.0,33.0,14.0,50.0,16.0,0.0,Matches,,,,,,,,,,,,,,,,,,,,,,,,,
2017-2018,SeriaA,Napoli,Raúl Albiol,es ESP,DF,31.0,30.5,29.0,19.0,15.0,14.0,0.0,13.0,19.0,68.4,6.0,18.0,13.0,5.0,32.0,61.0,129.0,1.0,Matches,,,,,,,,,,,,,,,,,,,,,,,,,
2017-2018,SeriaA,Napoli,Mário Rui,pt POR,DF,26.0,23.2,55.0,39.0,18.0,32.0,5.0,30.0,52.0,57.7,22.0,30.0,5.0,25.0,14.0,69.0,43.0,1.0,Matches,,,,,,,,,,,,,,,,,,,,,,,,,
2017-2018,SeriaA,Napoli,Piotr Zieliński,pl POL,"MF,FW",23.0,18.5,31.0,19.0,7.0,21.0,3.0,9.0,24.0,37.5,15.0,32.0,3.0,29.0,13.0,44.0,19.0,1.0,Matches,,,,,,,,,,,,,,,,,,,,,,,,,
2017-2018,SeriaA,Napoli,Faouzi Ghoulam,dz ALG,DF,26.0,10.9,8.0,4.0,3.0,5.0,0.0,4.0,6.0,66.7,2.0,10.0,2.0,8.0,15.0,23.0,19.0,0.0,Matches,,,,,,,,,,,,,,,,,,,,,,,,,
2017-2018,SeriaA,Napoli,Vlad Chiricheș,ro ROU,DF,27.0,6.5,8.0,4.0,7.0,1.0,0.0,2.0,5.0,40.0,3.0,2.0,1.0,1.0,16.0,24.0,19.0,1.0,Matches,,,,,,,,,,,,,,,,,,,,,,,,,
2017-2018,SeriaA,Napoli,Christian Maggio,it ITA,DF,35.0,7.1,17.0,10.0,9.0,6.0,2.0,7.0,19.0,36.8,12.0,15.0,4.0,11.0,13.0,30.0,21.0,0.0,Matches,,,,,,,,,,,,,,,,,,,,,,,,,
2017-2018,SeriaA,Napoli,Amadou Diawara,gn GUI,MF,20.0,7.3,11.0,9.0,3.0,7.0,1.0,1.0,7.0,14.3,6.0,12.0,2.0,10.0,9.0,20.0,5.0,0.0,Matches,,,,,,,,,,,,,,,,,,,,,,,,,
2017-2018,SeriaA,Napoli,Arkadiusz Milik,pl POL,"FW,MF",23.0,5.0,2.0,1.0,0.0,1.0,1.0,0.0,1.0,0.0,1.0,5.0,0.0,5.0,1.0,3.0,4.0,0.0,Matches,,,,,,,,,,,,,,,,,,,,,,,,,
2017-2018,SeriaA,Napoli,Lorenzo Tonelli,it ITA,DF,27.0,3.9,7.0,1.0,4.0,3.0,0.0,5.0,9.0,55.6,4.0,2.0,1.0,1.0,7.0,14.0,10.0,0.0,Matches,,,,,,,,,,,,,,,,,,,,,,,,,
2017-2018,SeriaA,Napoli,Nikola Maksimović,rs SRB,DF,25.0,1.1,1.0,1.0,0.0,1.0,0.0,1.0,1.0,100.0,0.0,1.0,0.0,1.0,0.0,1.0,5.0,0.0,Matches,,,,,,,,,,,,,,,,,,,,,,,,,
2017-2018,SeriaA,Napoli,Luigi Sepe,it ITA,GK,26.0,1.0,0.0,0.0,0.0,0.0,0.0,0.0,0.0,,0.0,0.0,0.0,0.0,0.0,0.0,1.0,0.0,Matches,,,,,,,,,,,,,,,,,,,,,,,,,
2017-2018,SeriaA,Napoli,Marko Rog,hr CRO,"MF,FW",22.0,3.2,11.0,7.0,3.0,6.0,2.0,1.0,11.0,9.1,10.0,4.0,1.0,3.0,2.0,13.0,1.0,0.0,Matches,,,,,,,,,,,,,,,,,,,,,,,,,
2017-2018,SeriaA,Napoli,Adam Ounas,dz ALG,FW,20.0,1.1,4.0,3.0,0.0,2.0,2.0,1.0,4.0,25.0,3.0,2.0,0.0,2.0,0.0,4.0,2.0,0.0,Matches,,,,,,,,,,,,,,,,,,,,,,,,,
2017-2018,SeriaA,Napoli,Emanuele Giaccherini,it ITA,"FW,MF",32.0,0.7,1.0,1.0,0.0,1.0,0.0,0.0,0.0,,0.0,0.0,0.0,0.0,0.0,1.0,0.0,0.0,Matches,,,,,,,,,,,,,,,,,,,,,,,,,
2017-2018,SeriaA,Napoli,Squad Total,,,28.0,38.0,599.0,407.0,208.0,308.0,83.0,221.0,581.0,38.0,360.0,403.0,67.0,336.0,341.0,940.0,565.0,16.0,,,,,,,,,,,,,,,,,,,,,,,,,,
2017-2018,SeriaA,Napoli,Opponent Total,,,26.9,38.0,631.0,415.0,350.0,229.0,52.0,261.0,609.0,42.9,348.0,474.0,140.0,334.0,653.0,1284.0,991.0,24.0,,,,,,,,,,,,,,,,,,,,,,,,,,
2017-2018,SeriaA,Roma,Alisson,br BRA,GK,24.0,37.0,1.0,0.0,1.0,0.0,0.0,0.0,1.0,0.0,1.0,0.0,0.0,0.0,2.0,3.0,22.0,4.0,Matches,,,,,,,,,,,,,,,,,,,,,,,,,
2017-2018,SeriaA,Roma,Aleksandar Kolarov,rs SRB,DF,31.0,34.0,58.0,47.0,34.0,16.0,8.0,27.0,49.0,55.1,22.0,24.0,7.0,17.0,53.0,111.0,100.0,2.0,Matches,,,,,,,,,,,,,,,,,,,,,,,,,
2017-2018,SeriaA,Roma,Edin Džeko,ba BIH,FW,31.0,33.5,15.0,10.0,1.0,9.0,5.0,3.0,15.0,20.0,12.0,9.0,1.0,8.0,4.0,19.0,36.0,0.0,Matches,,,,,,,,,,,,,,,,,,,,,,,,,
2017-2018,SeriaA,Roma,Federico Fazio,ar ARG,DF,30.0,32.5,56.0,43.0,38.0,18.0,0.0,25.0,31.0,80.6,6.0,30.0,22.0,8.0,46.0,102.0,161.0,3.0,Matches,,,,,,,,,,,,,,,,,,,,,,,,,
2017-2018,SeriaA,Roma,Radja Nainggolan,be BEL,MF,29.0,29.0,49.0,36.0,14.0,28.0,7.0,9.0,33.0,27.3,24.0,18.0,1.0,17.0,18.0,67.0,31.0,1.0,Matches,,,,,,,,,,,,,,,,,,,,,,,,,
2017-2018,SeriaA,Roma,Kostas Manolas,gr GRE,DF,26.0,26.0,23.0,20.0,14.0,7.0,2.0,9.0,15.0,60.0,6.0,31.0,24.0,7.0,46.0,69.0,133.0,2.0,Matches,,,,,,,,,,,,,,,,,,,,,,,,,
2017-2018,SeriaA,Roma,Alessandro Florenzi,it ITA,DF,26.0,26.5,38.0,28.0,20.0,13.0,5.0,18.0,47.0,38.3,29.0,19.0,8.0,11.0,44.0,82.0,62.0,1.0,Matches,,,,,,,,,,,,,,,,,,,,,,,,,
2017-2018,SeriaA,Roma,Kevin Strootman,nl NED,MF,27.0,25.1,57.0,38.0,19.0,24.0,14.0,15.0,46.0,32.6,31.0,27.0,3.0,24.0,27.0,84.0,21.0,0.0,Matches,,,,,,,,,,,,,,,,,,,,,,,,,
2017-2018,SeriaA,Roma,Stephan El Shaarawy,it ITA,FW,24.0,23.9,22.0,16.0,9.0,8.0,5.0,5.0,21.0,23.8,16.0,16.0,1.0,15.0,24.0,46.0,8.0,0.0,Matches,,,,,,,,,,,,,,,,,,,,,,,,,
2017-2018,SeriaA,Roma,Lorenzo Pellegrini,it ITA,MF,21.0,20.0,36.0,20.0,16.0,11.0,9.0,10.0,35.0,28.6,25.0,21.0,2.0,19.0,41.0,77.0,21.0,1.0,Matches,,,,,,,,,,,,,,,,,,,,,,,,,
2017-2018,SeriaA,Roma,Daniele De Rossi,it ITA,MF,34.0,20.3,23.0,13.0,12.0,9.0,2.0,9.0,33.0,27.3,24.0,18.0,13.0,5.0,43.0,66.0,45.0,2.0,Matches,,,,,,,,,,,,,,,,,,,,,,,,,
2017-2018,SeriaA,Roma,Juan Jesus,br BRA,DF,26.0,18.4,42.0,30.0,25.0,15.0,2.0,18.0,34.0,52.9,16.0,18.0,9.0,9.0,39.0,81.0,63.0,0.0,Matches,,,,,,,,,,,,,,,,,,,,,,,,,
2017-2018,SeriaA,Roma,Diego Perotti,ar ARG,"FW,MF",29.0,17.9,25.0,17.0,6.0,14.0,5.0,8.0,20.0,40.0,12.0,19.0,0.0,19.0,11.0,36.0,13.0,0.0,Matches,,,,,,,,,,,,,,,,,,,,,,,,,
2017-2018,SeriaA,Roma,Cengiz Ünder,tr TUR,FW,20.0,13.9,10.0,6.0,4.0,6.0,0.0,3.0,18.0,16.7,15.0,8.0,1.0,7.0,9.0,19.0,10.0,0.0,Matches,,,,,,,,,,,,,,,,,,,,,,,,,
2017-2018,SeriaA,Roma,Bruno Peres,br BRA,DF,27.0,12.8,26.0,17.0,16.0,7.0,3.0,10.0,23.0,43.5,13.0,9.0,2.0,7.0,22.0,48.0,28.0,1.0,Matches,,,,,,,,,,,,,,,,,,,,,,,,,
2017-2018,SeriaA,Roma,Maxime Gonalons,fr FRA,MF,28.0,12.2,26.0,18.0,7.0,12.0,7.0,9.0,23.0,39.1,14.0,15.0,4.0,11.0,23.0,49.0,19.0,1.0,Matches,,,,,,,,,,,,,,,,,,,,,,,,,
2017-2018,SeriaA,Roma,Patrik Schick,cz CZE,"FW,MF",21.0,11.0,9.0,7.0,1.0,5.0,3.0,1.0,9.0,11.1,8.0,14.0,0.0,14.0,2.0,11.0,11.0,0.0,Matches,,,,,,,,,,,,,,,,,,,,,,,,,
2017-2018,SeriaA,Roma,Gerson,br BRA,"MF,FW",20.0,10.1,20.0,12.0,10.0,8.0,2.0,2.0,7.0,28.6,5.0,15.0,2.0,13.0,11.0,31.0,11.0,1.0,Matches,,,,,,,,,,,,,,,,,,,,,,,,,
2017-2018,SeriaA,Roma,Grégoire Defrel,mq MTQ,"FW,MF",26.0,5.4,8.0,3.0,1.0,1.0,6.0,2.0,8.0,25.0,6.0,5.0,0.0,5.0,3.0,11.0,6.0,0.0,Matches,,,,,,,,,,,,,,,,,,,,,,,,,
2017-2018,SeriaA,Roma,Héctor Moreno,mx MEX,DF,29.0,2.6,2.0,2.0,1.0,1.0,0.0,0.0,1.0,0.0,1.0,1.0,1.0,0.0,3.0,5.0,5.0,0.0,Matches,,,,,,,,,,,,,,,,,,,,,,,,,
2017-2018,SeriaA,Roma,Jonathan Silva,ar ARG,DF,23.0,1.2,0.0,0.0,0.0,0.0,0.0,0.0,1.0,0.0,1.0,1.0,1.0,0.0,3.0,3.0,1.0,0.0,Matches,,,,,,,,,,,,,,,,,,,,,,,,,
2017-2018,SeriaA,Roma,Łukasz Skorupski,pl POL,GK,26.0,1.0,0.0,0.0,0.0,0.0,0.0,0.0,0.0,,0.0,0.0,0.0,0.0,0.0,0.0,1.0,0.0,Matches,,,,,,,,,,,,,,,,,,,,,,,,,
2017-2018,SeriaA,Roma,Elio Capradossi,it ITA,DF,21.0,0.9,1.0,0.0,1.0,0.0,0.0,0.0,0.0,,0.0,2.0,2.0,0.0,2.0,3.0,13.0,0.0,Matches,,,,,,,,,,,,,,,,,,,,,,,,,
2017-2018,SeriaA,Roma,Rick Karsdorp,nl NED,DF,22.0,0.9,1.0,1.0,1.0,0.0,0.0,0.0,0.0,,0.0,0.0,0.0,0.0,1.0,2.0,0.0,0.0,Matches,,,,,,,,,,,,,,,,,,,,,,,,,
2017-2018,SeriaA,Roma,Mirko Antonucci,it ITA,FW,18.0,0.3,0.0,0.0,0.0,0.0,0.0,0.0,0.0,,0.0,0.0,0.0,0.0,0.0,0.0,0.0,0.0,Matches,,,,,,,,,,,,,,,,,,,,,,,,,
2017-2018,SeriaA,Roma,Emerson Palmieri,it ITA,DF,22.0,0.2,0.0,0.0,0.0,0.0,0.0,0.0,0.0,,0.0,0.0,0.0,0.0,0.0,0.0,0.0,0.0,Matches,,,,,,,,,,,,,,,,,,,,,,,,,
2017-2018,SeriaA,Roma,Marco Tumminello,it ITA,FW,18.0,0.0,0.0,0.0,0.0,0.0,0.0,0.0,0.0,,0.0,0.0,0.0,0.0,0.0,0.0,0.0,0.0,Matches,,,,,,,,,,,,,,,,,,,,,,,,,
2017-2018,SeriaA,Roma,Squad Total,,,27.4,38.0,548.0,384.0,251.0,212.0,85.0,183.0,470.0,38.9,287.0,320.0,104.0,216.0,477.0,1025.0,821.0,19.0,,,,,,,,,,,,,,,,,,,,,,,,,,
2017-2018,SeriaA,Roma,Opponent Total,,,26.8,38.0,682.0,504.0,366.0,244.0,72.0,268.0,679.0,39.5,411.0,456.0,161.0,295.0,453.0,1135.0,1165.0,29.0,,,,,,,,,,,,,,,,,,,,,,,,,,
2017-2018,SeriaA,Inter,Samir Handanović,si SVN,GK,33.0,38.0,0.0,0.0,0.0,0.0,0.0,0.0,0.0,,0.0,1.0,0.0,1.0,0.0,0.0,7.0,1.0,Matches,,,,,,,,,,,,,,,,,,,,,,,,,
2017-2018,SeriaA,Inter,Milan Škriniar,sk SVK,DF,22.0,38.0,86.0,55.0,69.0,16.0,1.0,44.0,70.0,62.9,26.0,38.0,26.0,12.0,35.0,121.0,180.0,0.0,Matches,,,,,,,,,,,,,,,,,,,,,,,,,
2017-2018,SeriaA,Inter,Ivan Perišić,hr CRO,FW,28.0,36.8,47.0,31.0,15.0,23.0,9.0,8.0,56.0,14.3,48.0,47.0,6.0,41.0,45.0,92.0,62.0,0.0,Matches,,,,,,,,,,,,,,,,,,,,,,,,,
2017-2018,SeriaA,Inter,Danilo D'Ambrosio,it ITA,DF,28.0,33.1,82.0,64.0,38.0,35.0,9.0,30.0,59.0,50.8,29.0,31.0,7.0,24.0,45.0,127.0,68.0,1.0,Matches,,,,,,,,,,,,,,,,,,,,,,,,,
2017-2018,SeriaA,Inter,Mauro Icardi,ar ARG,FW,24.0,32.9,3.0,2.0,1.0,2.0,0.0,1.0,8.0,12.5,7.0,14.0,6.0,8.0,5.0,8.0,23.0,1.0,Matches,,,,,,,,,,,,,,,,,,,,,,,,,
2017-2018,SeriaA,Inter,Antonio Candreva,it ITA,FW,30.0,28.2,12.0,7.0,7.0,5.0,0.0,8.0,39.0,20.5,31.0,20.0,2.0,18.0,22.0,34.0,24.0,0.0,Matches,,,,,,,,,,,,,,,,,,,,,,,,,
2017-2018,SeriaA,Inter,Miranda,br BRA,DF,32.0,30.3,48.0,37.0,38.0,10.0,0.0,22.0,25.0,88.0,3.0,30.0,23.0,7.0,38.0,86.0,131.0,2.0,Matches,,,,,,,,,,,,,,,,,,,,,,,,,
2017-2018,SeriaA,Inter,Borja Valero,es ESP,MF,32.0,28.5,46.0,31.0,17.0,25.0,4.0,20.0,58.0,34.5,38.0,15.0,4.0,11.0,18.0,64.0,41.0,1.0,Matches,,,,,,,,,,,,,,,,,,,,,,,,,
2017-2018,SeriaA,Inter,Matías Vecino,uy URU,MF,25.0,23.7,54.0,34.0,15.0,30.0,9.0,19.0,49.0,38.8,30.0,28.0,6.0,22.0,20.0,74.0,31.0,0.0,Matches,,,,,,,,,,,,,,,,,,,,,,,,,
2017-2018,SeriaA,Inter,Roberto Gagliardini,it ITA,MF,23.0,22.1,63.0,45.0,28.0,29.0,6.0,20.0,54.0,37.0,34.0,18.0,3.0,15.0,45.0,108.0,32.0,2.0,Matches,,,,,,,,,,,,,,,,,,,,,,,,,
2017-2018,SeriaA,Inter,Marcelo Brozović,hr CRO,MF,24.0,21.4,60.0,43.0,21.0,31.0,8.0,19.0,63.0,30.2,44.0,30.0,7.0,23.0,18.0,78.0,18.0,0.0,Matches,,,,,,,,,,,,,,,,,,,,,,,,,
2017-2018,SeriaA,Inter,João Cancelo,pt POR,DF,23.0,20.6,42.0,29.0,27.0,11.0,4.0,17.0,42.0,40.5,25.0,15.0,2.0,13.0,35.0,77.0,51.0,0.0,Matches,,,,,,,,,,,,,,,,,,,,,,,,,
2017-2018,SeriaA,Inter,Rafinha,br BRA,MF,24.0,11.6,14.0,9.0,1.0,10.0,3.0,3.0,16.0,18.8,13.0,15.0,0.0,15.0,7.0,21.0,9.0,0.0,Matches,,,,,,,,,,,,,,,,,,,,,,,,,
2017-2018,SeriaA,Inter,Davide Santon,it ITA,DF,26.0,9.3,19.0,14.0,13.0,6.0,0.0,9.0,17.0,52.9,8.0,10.0,3.0,7.0,20.0,39.0,32.0,2.0,Matches,,,,,,,,,,,,,,,,,,,,,,,,,
2017-2018,SeriaA,Inter,Yuto Nagatomo,jp JPN,DF,30.0,8.8,10.0,6.0,4.0,5.0,1.0,5.0,14.0,35.7,9.0,8.0,3.0,5.0,10.0,20.0,28.0,0.0,Matches,,,,,,,,,,,,,,,,,,,,,,,,,
2017-2018,SeriaA,Inter,Andrea Ranocchia,it ITA,DF,29.0,7.0,8.0,4.0,6.0,2.0,0.0,3.0,6.0,50.0,3.0,6.0,5.0,1.0,12.0,20.0,35.0,0.0,Matches,,,,,,,,,,,,,,,,,,,,,,,,,
2017-2018,SeriaA,Inter,João Mário,pt POR,"MF,FW",24.0,6.2,8.0,4.0,3.0,3.0,2.0,2.0,8.0,25.0,6.0,6.0,1.0,5.0,4.0,12.0,5.0,0.0,Matches,,,,,,,,,,,,,,,,,,,,,,,,,
2017-2018,SeriaA,Inter,Dalbert Henrique,br BRA,DF,23.0,5.9,15.0,10.0,11.0,3.0,1.0,7.0,13.0,53.8,6.0,7.0,4.0,3.0,13.0,28.0,19.0,0.0,Matches,,,,,,,,,,,,,,,,,,,,,,,,,
2017-2018,SeriaA,Inter,Éder,it ITA,"FW,MF",30.0,8.9,10.0,7.0,2.0,4.0,4.0,0.0,10.0,0.0,10.0,6.0,1.0,5.0,5.0,15.0,4.0,0.0,Matches,,,,,,,,,,,,,,,,,,,,,,,,,
2017-2018,SeriaA,Inter,Yann Karamoh,fr FRA,"FW,MF",19.0,5.4,3.0,1.0,1.0,1.0,1.0,0.0,3.0,0.0,3.0,4.0,0.0,4.0,4.0,7.0,1.0,1.0,Matches,,,,,,,,,,,,,,,,,,,,,,,,,
2017-2018,SeriaA,Inter,Lisandro López,ar ARG,DF,27.0,0.5,2.0,2.0,1.0,1.0,0.0,0.0,2.0,0.0,2.0,0.0,0.0,0.0,1.0,3.0,3.0,0.0,Matches,,,,,,,,,,,,,,,,,,,,,,,,,
2017-2018,SeriaA,Inter,Andrea Pinamonti,it ITA,FW,18.0,0.2,0.0,0.0,0.0,0.0,0.0,0.0,0.0,,0.0,0.0,0.0,0.0,0.0,0.0,0.0,0.0,Matches,,,,,,,,,,,,,,,,,,,,,,,,,
2017-2018,SeriaA,Inter,Squad Total,,,27.6,38.0,632.0,435.0,318.0,252.0,62.0,237.0,612.0,38.7,375.0,349.0,109.0,240.0,402.0,1034.0,804.0,11.0,,,,,,,,,,,,,,,,,,,,,,,,,,
2017-2018,SeriaA,Inter,Opponent Total,,,26.9,38.0,553.0,389.0,253.0,222.0,78.0,194.0,550.0,35.3,356.0,380.0,112.0,268.0,466.0,1019.0,1173.0,15.0,,,,,,,,,,,,,,,,,,,,,,,,,,
2017-2018,SeriaA,Lazio,Thomas Strakosha,al ALB,GK,22.0,38.0,0.0,0.0,0.0,0.0,0.0,0.0,0.0,,0.0,0.0,0.0,0.0,2.0,2.0,13.0,4.0,Matches,,,,,,,,,,,,,,,,,,,,,,,,,
2017-2018,SeriaA,Lazio,Stefan de Vrij,nl NED,DF,25.0,33.7,31.0,22.0,14.0,17.0,0.0,14.0,23.0,60.9,9.0,43.0,24.0,19.0,71.0,102.0,156.0,1.0,Matches,,,,,,,,,,,,,,,,,,,,,,,,,
2017-2018,SeriaA,Lazio,Lucas Leiva,br BRA,MF,30.0,32.0,107.0,80.0,43.0,59.0,5.0,29.0,100.0,29.0,71.0,33.0,7.0,26.0,70.0,177.0,59.0,0.0,Matches,,,,,,,,,,,,,,,,,,,,,,,,,
2017-2018,SeriaA,Lazio,Sergej Milinković-Savić,rs SRB,MF,22.0,31.6,55.0,39.0,11.0,34.0,10.0,13.0,52.0,25.0,39.0,29.0,6.0,23.0,33.0,88.0,36.0,1.0,Matches,,,,,,,,,,,,,,,,,,,,,,,,,
2017-2018,SeriaA,Lazio,Ciro Immobile,it ITA,FW,27.0,29.8,4.0,2.0,0.0,3.0,1.0,0.0,17.0,0.0,17.0,14.0,1.0,13.0,0.0,4.0,9.0,0.0,Matches,,,,,,,,,,,,,,,,,,,,,,,,,
2017-2018,SeriaA,Lazio,Luis Alberto,es ESP,"FW,MF",24.0,29.7,39.0,28.0,8.0,23.0,8.0,10.0,44.0,22.7,34.0,30.0,2.0,28.0,16.0,55.0,7.0,0.0,Matches,,,,,,,,,,,,,,,,,,,,,,,,,
2017-2018,SeriaA,Lazio,Ștefan Radu,ro ROU,DF,30.0,28.8,53.0,38.0,36.0,16.0,1.0,25.0,41.0,61.0,16.0,30.0,14.0,16.0,55.0,108.0,105.0,1.0,Matches,,,,,,,,,,,,,,,,,,,,,,,,,
2017-2018,SeriaA,Lazio,Marco Parolo,it ITA,MF,32.0,29.0,70.0,37.0,27.0,36.0,7.0,14.0,58.0,24.1,44.0,49.0,8.0,41.0,43.0,113.0,64.0,0.0,Matches,,,,,,,,,,,,,,,,,,,,,,,,,
2017-2018,SeriaA,Lazio,Senad Lulić,ba BIH,"DF,MF",31.0,27.0,66.0,40.0,32.0,22.0,12.0,21.0,80.0,26.3,59.0,32.0,4.0,28.0,36.0,102.0,39.0,0.0,Matches,,,,,,,,,,,,,,,,,,,,,,,,,
2017-2018,SeriaA,Lazio,Adam Marušić,me MNE,DF,24.0,28.0,28.0,21.0,17.0,8.0,3.0,12.0,28.0,42.9,16.0,22.0,2.0,20.0,31.0,59.0,33.0,0.0,Matches,,,,,,,,,,,,,,,,,,,,,,,,,
2017-2018,SeriaA,Lazio,Bastos,ao ANG,DF,26.0,15.6,33.0,24.0,19.0,13.0,1.0,19.0,30.0,63.3,11.0,13.0,8.0,5.0,24.0,57.0,67.0,0.0,Matches,,,,,,,,,,,,,,,,,,,,,,,,,
2017-2018,SeriaA,Lazio,Luiz Felipe,it ITA,DF,20.0,13.0,40.0,28.0,24.0,16.0,0.0,15.0,25.0,60.0,10.0,26.0,14.0,12.0,18.0,58.0,50.0,1.0,Matches,,,,,,,,,,,,,,,,,,,,,,,,,
2017-2018,SeriaA,Lazio,Wallace,br BRA,DF,22.0,11.1,17.0,7.0,11.0,6.0,0.0,4.0,13.0,30.8,9.0,13.0,5.0,8.0,29.0,46.0,43.0,3.0,Matches,,,,,,,,,,,,,,,,,,,,,,,,,
2017-2018,SeriaA,Lazio,Jordan Lukaku,be BEL,DF,23.0,15.1,28.0,15.0,14.0,11.0,3.0,10.0,16.0,62.5,6.0,14.0,2.0,12.0,15.0,43.0,23.0,0.0,Matches,,,,,,,,,,,,,,,,,,,,,,,,,
2017-2018,SeriaA,Lazio,Felipe Anderson,br BRA,"FW,MF",24.0,12.9,34.0,21.0,7.0,11.0,16.0,6.0,35.0,17.1,29.0,17.0,0.0,17.0,11.0,45.0,8.0,1.0,Matches,,,,,,,,,,,,,,,,,,,,,,,,,
2017-2018,SeriaA,Lazio,Alessandro Murgia,it ITA,MF,20.0,8.6,19.0,12.0,9.0,9.0,1.0,5.0,19.0,26.3,14.0,14.0,3.0,11.0,17.0,36.0,13.0,0.0,Matches,,,,,,,,,,,,,,,,,,,,,,,,,
2017-2018,SeriaA,Lazio,Dušan Basta,rs SRB,DF,32.0,8.6,9.0,7.0,4.0,3.0,2.0,6.0,14.0,42.9,8.0,10.0,3.0,7.0,13.0,22.0,15.0,0.0,Matches,,,,,,,,,,,,,,,,,,,,,,,,,
2017-2018,SeriaA,Lazio,Felipe Caicedo,ec ECU,"FW,MF",28.0,8.0,11.0,10.0,3.0,5.0,3.0,2.0,7.0,28.6,5.0,6.0,0.0,6.0,1.0,12.0,4.0,0.0,Matches,,,,,,,,,,,,,,,,,,,,,,,,,
2017-2018,SeriaA,Lazio,Patric,es ESP,DF,24.0,6.6,11.0,6.0,8.0,2.0,1.0,4.0,6.0,66.7,2.0,3.0,0.0,3.0,3.0,14.0,32.0,0.0,Matches,,,,,,,,,,,,,,,,,,,,,,,,,
2017-2018,SeriaA,Lazio,Martín Cáceres,uy URU,DF,30.0,4.9,12.0,7.0,9.0,2.0,1.0,10.0,14.0,71.4,4.0,4.0,4.0,0.0,4.0,16.0,13.0,0.0,Matches,,,,,,,,,,,,,,,,,,,,,,,,,
2017-2018,SeriaA,Lazio,Nani,pt POR,"FW,MF",30.0,4.3,9.0,6.0,2.0,2.0,5.0,3.0,9.0,33.3,6.0,8.0,0.0,8.0,2.0,11.0,0.0,0.0,Matches,,,,,,,,,,,,,,,,,,,,,,,,,
2017-2018,SeriaA,Lazio,Simone Palombi,it ITA,FW,21.0,0.7,0.0,0.0,0.0,0.0,0.0,0.0,0.0,,0.0,0.0,0.0,0.0,0.0,0.0,0.0,0.0,Matches,,,,,,,,,,,,,,,,,,,,,,,,,
2017-2018,SeriaA,Lazio,Davide Di Gennaro,it ITA,MF,29.0,0.1,1.0,0.0,1.0,0.0,0.0,1.0,1.0,100.0,0.0,0.0,0.0,0.0,0.0,1.0,0.0,0.0,Matches,,,,,,,,,,,,,,,,,,,,,,,,,
2017-2018,SeriaA,Lazio,Maurício,br BRA,DF,28.0,0.1,0.0,0.0,0.0,0.0,0.0,0.0,0.0,,0.0,0.0,0.0,0.0,0.0,0.0,0.0,0.0,Matches,,,,,,,,,,,,,,,,,,,,,,,,,
2017-2018,SeriaA,Lazio,Squad Total,,,26.5,38.0,677.0,450.0,299.0,298.0,80.0,223.0,632.0,35.3,409.0,410.0,107.0,303.0,494.0,1171.0,789.0,12.0,,,,,,,,,,,,,,,,,,,,,,,,,,
2017-2018,SeriaA,Lazio,Opponent Total,,,27.0,38.0,692.0,464.0,351.0,260.0,81.0,244.0,708.0,34.5,464.0,466.0,122.0,344.0,495.0,1187.0,952.0,15.0,,,,,,,,,,,,,,,,,,,,,,,,,,
2017-2018,SeriaA,Milan,Gianluigi Donnarumma,it ITA,GK,18.0,38.0,1.0,0.0,1.0,0.0,0.0,1.0,1.0,100.0,0.0,0.0,0.0,0.0,1.0,2.0,13.0,8.0,Matches,,,,,,,,,,,,,,,,,,,,,,,,,
2017-2018,SeriaA,Milan,Franck Kessié,ci CIV,MF,20.0,36.3,48.0,34.0,20.0,19.0,9.0,17.0,44.0,38.6,27.0,47.0,11.0,36.0,26.0,74.0,45.0,3.0,Matches,,,,,,,,,,,,,,,,,,,,,,,,,
2017-2018,SeriaA,Milan,Leonardo Bonucci,it ITA,DF,30.0,34.3,30.0,21.0,22.0,7.0,1.0,11.0,18.0,61.1,7.0,31.0,22.0,9.0,51.0,81.0,132.0,0.0,Matches,,,,,,,,,,,,,,,,,,,,,,,,,
2017-2018,SeriaA,Milan,Ricardo Rodríguez,ch SUI,DF,24.0,33.4,48.0,29.0,24.0,18.0,6.0,18.0,28.0,64.3,10.0,36.0,6.0,30.0,33.0,81.0,93.0,3.0,Matches,,,,,,,,,,,,,,,,,,,,,,,,,
2017-2018,SeriaA,Milan,Suso,es ESP,"FW,MF",23.0,31.4,18.0,14.0,3.0,5.0,10.0,4.0,31.0,12.9,27.0,25.0,0.0,25.0,16.0,34.0,2.0,1.0,Matches,,,,,,,,,,,,,,,,,,,,,,,,,
2017-2018,SeriaA,Milan,Giacomo Bonaventura,it ITA,MF,27.0,28.2,31.0,20.0,7.0,19.0,5.0,9.0,45.0,20.0,36.0,31.0,6.0,25.0,33.0,64.0,17.0,0.0,Matches,,,,,,,,,,,,,,,,,,,,,,,,,
2017-2018,SeriaA,Milan,Alessio Romagnoli,it ITA,DF,22.0,26.1,20.0,14.0,17.0,2.0,1.0,9.0,14.0,64.3,5.0,24.0,14.0,10.0,23.0,43.0,154.0,1.0,Matches,,,,,,,,,,,,,,,,,,,,,,,,,
2017-2018,SeriaA,Milan,Hakan Çalhanoğlu,tr TUR,"FW,MF",23.0,24.1,37.0,27.0,11.0,18.0,8.0,8.0,31.0,25.8,23.0,29.0,2.0,27.0,22.0,59.0,15.0,0.0,Matches,,,,,,,,,,,,,,,,,,,,,,,,,
2017-2018,SeriaA,Milan,Lucas Biglia,ar ARG,MF,31.0,22.7,59.0,36.0,28.0,26.0,5.0,22.0,61.0,36.1,39.0,49.0,12.0,37.0,28.0,87.0,51.0,1.0,Matches,,,,,,,,,,,,,,,,,,,,,,,,,
2017-2018,SeriaA,Milan,Nikola Kalinić,hr CRO,FW,29.0,20.1,6.0,5.0,1.0,4.0,1.0,0.0,8.0,0.0,8.0,4.0,1.0,3.0,3.0,9.0,12.0,0.0,Matches,,,,,,,,,,,,,,,,,,,,,,,,,
2017-2018,SeriaA,Milan,Fabio Borini,it ITA,"DF,FW",26.0,17.9,38.0,23.0,12.0,18.0,8.0,16.0,37.0,43.2,21.0,32.0,6.0,26.0,13.0,51.0,43.0,0.0,Matches,,,,,,,,,,,,,,,,,,,,,,,,,
2017-2018,SeriaA,Milan,Davide Calabria,it ITA,DF,20.0,17.4,64.0,50.0,33.0,24.0,7.0,21.0,41.0,51.2,20.0,19.0,4.0,15.0,33.0,97.0,82.0,1.0,Matches,,,,,,,,,,,,,,,,,,,,,,,,,
2017-2018,SeriaA,Milan,Patrick Cutrone,it ITA,FW,19.0,16.7,11.0,10.0,2.0,7.0,2.0,1.0,10.0,10.0,9.0,11.0,1.0,10.0,3.0,14.0,12.0,0.0,Matches,,,,,,,,,,,,,,,,,,,,,,,,,
2017-2018,SeriaA,Milan,Mateo Musacchio,ar ARG,DF,26.0,13.4,22.0,15.0,13.0,7.0,2.0,8.0,16.0,50.0,8.0,9.0,3.0,6.0,12.0,34.0,58.0,1.0,Matches,,,,,,,,,,,,,,,,,,,,,,,,,
2017-2018,SeriaA,Milan,Riccardo Montolivo,it ITA,MF,32.0,12.1,29.0,21.0,11.0,15.0,3.0,7.0,24.0,29.2,17.0,17.0,4.0,13.0,19.0,48.0,15.0,0.0,Matches,,,,,,,,,,,,,,,,,,,,,,,,,
2017-2018,SeriaA,Milan,Ignazio Abate,it ITA,DF,30.0,11.7,20.0,17.0,10.0,9.0,1.0,6.0,11.0,54.5,5.0,22.0,2.0,20.0,8.0,28.0,29.0,0.0,Matches,,,,,,,,,,,,,,,,,,,,,,,,,
2017-2018,SeriaA,Milan,Cristián Zapata,co COL,DF,30.0,11.0,25.0,20.0,21.0,4.0,0.0,15.0,16.0,93.8,1.0,12.0,6.0,6.0,15.0,40.0,50.0,1.0,Matches,,,,,,,,,,,,,,,,,,,,,,,,,
2017-2018,SeriaA,Milan,André Silva,pt POR,FW,21.0,10.4,5.0,4.0,1.0,0.0,4.0,2.0,7.0,28.6,5.0,10.0,1.0,9.0,4.0,9.0,6.0,0.0,Matches,,,,,,,,,,,,,,,,,,,,,,,,,
2017-2018,SeriaA,Milan,Manuel Locatelli,it ITA,MF,19.0,7.6,16.0,13.0,6.0,9.0,1.0,4.0,18.0,22.2,14.0,10.0,2.0,8.0,9.0,25.0,13.0,0.0,Matches,,,,,,,,,,,,,,,,,,,,,,,,,
2017-2018,SeriaA,Milan,Andrea Conti,it ITA,DF,23.0,1.7,4.0,2.0,1.0,3.0,0.0,2.0,3.0,66.7,1.0,3.0,0.0,3.0,1.0,5.0,5.0,0.0,Matches,,,,,,,,,,,,,,,,,,,,,,,,,
2017-2018,SeriaA,Milan,Luca Antonelli,it ITA,"DF,FW",30.0,1.6,1.0,1.0,0.0,0.0,1.0,0.0,2.0,0.0,2.0,1.0,0.0,1.0,1.0,2.0,8.0,0.0,Matches,,,,,,,,,,,,,,,,,,,,,,,,,
2017-2018,SeriaA,Milan,José Mauri,it ITA,MF,21.0,0.1,0.0,0.0,0.0,0.0,0.0,0.0,0.0,,0.0,0.0,0.0,0.0,0.0,0.0,0.0,0.0,Matches,,,,,,,,,,,,,,,,,,,,,,,,,
2017-2018,SeriaA,Milan,Emanuele Torrasi,it ITA,MF,18.0,0.1,,,,,,,,,,,,,,,,,,,,,,,,,,,,,,,,,,,,,,,,,,
2017-2018,SeriaA,Milan,Squad Total,,,25.0,38.0,533.0,376.0,244.0,214.0,75.0,181.0,466.0,38.8,285.0,422.0,103.0,319.0,354.0,887.0,855.0,20.0,,,,,,,,,,,,,,,,,,,,,,,,,,
2017-2018,SeriaA,Milan,Opponent Total,,,27.2,38.0,541.0,346.0,264.0,225.0,52.0,152.0,450.0,33.8,298.0,437.0,143.0,294.0,432.0,973.0,1057.0,10.0,,,,,,,,,,,,,,,,,,,,,,,,,,
2017-2018,SeriaA,Atalanta,Remo Freuler,ch SUI,MF,25.0,33.4,89.0,62.0,35.0,41.0,13.0,27.0,82.0,32.9,55.0,46.0,13.0,33.0,28.0,117.0,37.0,2.0,Matches,,,,,,,,,,,,,,,,,,,,,,,,,
2017-2018,SeriaA,Atalanta,Bryan Cristante,it ITA,MF,22.0,31.4,66.0,50.0,21.0,32.0,13.0,18.0,59.0,30.5,41.0,43.0,6.0,37.0,23.0,89.0,27.0,0.0,Matches,,,,,,,,,,,,,,,,,,,,,,,,,
2017-2018,SeriaA,Atalanta,Etrit Berisha,al ALB,GK,28.0,31.0,1.0,1.0,1.0,0.0,0.0,1.0,1.0,100.0,0.0,0.0,0.0,0.0,1.0,2.0,5.0,3.0,Matches,,,,,,,,,,,,,,,,,,,,,,,,,
2017-2018,SeriaA,Atalanta,Papu Gómez,ar ARG,"MF,FW",29.0,30.6,14.0,9.0,6.0,5.0,3.0,5.0,26.0,19.2,21.0,16.0,1.0,15.0,22.0,36.0,7.0,0.0,Matches,,,,,,,,,,,,,,,,,,,,,,,,,
2017-2018,SeriaA,Atalanta,Andrea Masiello,it ITA,DF,31.0,30.1,58.0,38.0,34.0,20.0,4.0,30.0,54.0,55.6,24.0,24.0,6.0,18.0,72.0,130.0,137.0,0.0,Matches,,,,,,,,,,,,,,,,,,,,,,,,,
2017-2018,SeriaA,Atalanta,Marten de Roon,nl NED,MF,26.0,28.6,77.0,50.0,27.0,44.0,6.0,29.0,82.0,35.4,53.0,40.0,5.0,35.0,46.0,123.0,36.0,0.0,Matches,,,,,,,,,,,,,,,,,,,,,,,,,
2017-2018,SeriaA,Atalanta,Rafael Tolói,it ITA,DF,26.0,27.2,72.0,40.0,34.0,38.0,0.0,35.0,68.0,51.5,33.0,35.0,14.0,21.0,63.0,135.0,119.0,1.0,Matches,,,,,,,,,,,,,,,,,,,,,,,,,
2017-2018,SeriaA,Atalanta,Hans Hateboer,nl NED,DF,23.0,26.6,31.0,25.0,13.0,13.0,5.0,15.0,26.0,57.7,11.0,32.0,5.0,27.0,30.0,61.0,46.0,1.0,Matches,,,,,,,,,,,,,,,,,,,,,,,,,
2017-2018,SeriaA,Atalanta,Mattia Caldara,it ITA,DF,23.0,24.0,39.0,26.0,15.0,24.0,0.0,13.0,33.0,39.4,20.0,31.0,18.0,13.0,41.0,80.0,113.0,1.0,Matches,,,,,,,,,,,,,,,,,,,,,,,,,
2017-2018,SeriaA,Atalanta,José Luis Palomino,ar ARG,DF,27.0,22.0,60.0,39.0,36.0,19.0,5.0,24.0,51.0,47.1,27.0,36.0,21.0,15.0,39.0,99.0,111.0,1.0,Matches,,,,,,,,,,,,,,,,,,,,,,,,,
2017-2018,SeriaA,Atalanta,Andrea Petagna,it ITA,FW,22.0,18.0,8.0,3.0,2.0,4.0,2.0,1.0,11.0,9.1,10.0,14.0,3.0,11.0,4.0,12.0,5.0,0.0,Matches,,,,,,,,,,,,,,,,,,,,,,,,,
2017-2018,SeriaA,Atalanta,Josip Iličić,si SVN,"MF,FW",29.0,22.2,24.0,19.0,5.0,13.0,6.0,8.0,29.0,27.6,21.0,19.0,0.0,19.0,16.0,40.0,2.0,0.0,Matches,,,,,,,,,,,,,,,,,,,,,,,,,
2017-2018,SeriaA,Atalanta,Leonardo Spinazzola,it ITA,DF,24.0,16.7,14.0,5.0,9.0,4.0,1.0,7.0,15.0,46.7,8.0,25.0,6.0,19.0,18.0,32.0,44.0,1.0,Matches,,,,,,,,,,,,,,,,,,,,,,,,,
2017-2018,SeriaA,Atalanta,Timothy Castagne,be BEL,DF,21.0,16.7,54.0,37.0,32.0,14.0,8.0,13.0,27.0,48.1,14.0,25.0,4.0,21.0,26.0,80.0,48.0,0.0,Matches,,,,,,,,,,,,,,,,,,,,,,,,,
2017-2018,SeriaA,Atalanta,Robin Gosens,de GER,DF,23.0,16.1,61.0,46.0,35.0,22.0,4.0,27.0,46.0,58.7,19.0,17.0,2.0,15.0,22.0,83.0,40.0,0.0,Matches,,,,,,,,,,,,,,,,,,,,,,,,,
2017-2018,SeriaA,Atalanta,Andreas Cornelius,dk DEN,FW,24.0,10.4,9.0,5.0,3.0,3.0,3.0,1.0,7.0,14.3,6.0,7.0,0.0,7.0,2.0,11.0,7.0,0.0,Matches,,,,,,,,,,,,,,,,,,,,,,,,,
2017-2018,SeriaA,Atalanta,Gianluca Mancini,it ITA,DF,21.0,7.6,20.0,14.0,11.0,8.0,1.0,10.0,17.0,58.8,7.0,8.0,2.0,6.0,15.0,35.0,22.0,0.0,Matches,,,,,,,,,,,,,,,,,,,,,,,,,
2017-2018,SeriaA,Atalanta,Jasmin Kurtić,si SVN,MF,28.0,7.4,12.0,7.0,6.0,3.0,3.0,3.0,7.0,42.9,4.0,7.0,0.0,7.0,5.0,17.0,4.0,0.0,Matches,,,,,,,,,,,,,,,,,,,,,,,,,
2017-2018,SeriaA,Atalanta,Pierluigi Gollini,it ITA,GK,22.0,6.9,0.0,0.0,0.0,0.0,0.0,0.0,0.0,,0.0,0.0,0.0,0.0,0.0,0.0,1.0,0.0,Matches,,,,,,,,,,,,,,,,,,,,,,,,,
2017-2018,SeriaA,Atalanta,Musa Barrow,gm GAM,FW,18.0,4.9,5.0,2.0,1.0,3.0,1.0,2.0,4.0,50.0,2.0,2.0,0.0,2.0,1.0,6.0,2.0,0.0,Matches,,,,,,,,,,,,,,,,,,,,,,,,,
2017-2018,SeriaA,Atalanta,Nicolas Haas,ch SUI,MF,21.0,1.9,1.0,1.0,1.0,0.0,0.0,0.0,2.0,0.0,2.0,1.0,1.0,0.0,1.0,2.0,4.0,1.0,Matches,,,,,,,,,,,,,,,,,,,,,,,,,
2017-2018,SeriaA,Atalanta,Riccardo Orsolini,it ITA,"MF,FW",20.0,1.4,3.0,2.0,3.0,0.0,0.0,1.0,1.0,100.0,0.0,1.0,0.0,1.0,0.0,3.0,0.0,0.0,Matches,,,,,,,,,,,,,,,,,,,,,,,,,
2017-2018,SeriaA,Atalanta,Alessandro Bastoni,it ITA,DF,18.0,1.0,2.0,2.0,2.0,0.0,0.0,1.0,1.0,100.0,0.0,0.0,0.0,0.0,1.0,3.0,3.0,0.0,Matches,,,,,,,,,,,,,,,,,,,,,,,,,
2017-2018,SeriaA,Atalanta,Luca Vido,it ITA,"FW,MF",20.0,0.8,5.0,5.0,2.0,3.0,0.0,1.0,1.0,100.0,0.0,1.0,0.0,1.0,0.0,5.0,0.0,0.0,Matches,,,,,,,,,,,,,,,,,,,,,,,,,
2017-2018,SeriaA,Atalanta,Francesco Rossi,it ITA,GK,26.0,0.1,0.0,0.0,0.0,0.0,0.0,0.0,0.0,,0.0,0.0,0.0,0.0,0.0,0.0,0.0,0.0,Matches,,,,,,,,,,,,,,,,,,,,,,,,,
2017-2018,SeriaA,Atalanta,Squad Total,,,25.7,38.0,725.0,488.0,334.0,313.0,78.0,272.0,650.0,41.8,378.0,430.0,107.0,323.0,476.0,1201.0,820.0,11.0,,,,,,,,,,,,,,,,,,,,,,,,,,
2017-2018,SeriaA,Atalanta,Opponent Total,,,27.1,38.0,711.0,484.0,375.0,272.0,64.0,262.0,704.0,37.2,442.0,505.0,157.0,348.0,589.0,1300.0,935.0,20.0,,,,,,,,,,,,,,,,,,,,,,,,,,
2017-2018,SeriaA,Fiorentina,Marco Sportiello,it ITA,GK,25.0,35.6,0.0,0.0,0.0,0.0,0.0,0.0,1.0,0.0,1.0,0.0,0.0,0.0,1.0,1.0,13.0,4.0,Matches,,,,,,,,,,,,,,,,,,,,,,,,,
2017-2018,SeriaA,Fiorentina,Jordan Veretout,fr FRA,MF,24.0,35.7,65.0,45.0,34.0,23.0,8.0,20.0,69.0,29.0,49.0,39.0,4.0,35.0,37.0,102.0,59.0,0.0,Matches,,,,,,,,,,,,,,,,,,,,,,,,,
2017-2018,SeriaA,Fiorentina,Giovanni Simeone,ar ARG,FW,22.0,33.3,32.0,23.0,9.0,17.0,6.0,8.0,40.0,20.0,32.0,27.0,1.0,26.0,12.0,44.0,32.0,0.0,Matches,,,,,,,,,,,,,,,,,,,,,,,,,
2017-2018,SeriaA,Fiorentina,Federico Chiesa,it ITA,"FW,MF",19.0,33.5,62.0,41.0,22.0,22.0,18.0,16.0,54.0,29.6,38.0,34.0,1.0,33.0,18.0,80.0,16.0,0.0,Matches,,,,,,,,,,,,,,,,,,,,,,,,,
2017-2018,SeriaA,Fiorentina,Marco Benassi,it ITA,"MF,FW",22.0,30.9,54.0,38.0,18.0,22.0,14.0,17.0,52.0,32.7,35.0,52.0,2.0,50.0,28.0,82.0,36.0,0.0,Matches,,,,,,,,,,,,,,,,,,,,,,,,,
2017-2018,SeriaA,Fiorentina,Cristiano Biraghi,it ITA,DF,24.0,33.1,74.0,48.0,33.0,32.0,9.0,36.0,58.0,62.1,22.0,42.0,5.0,37.0,43.0,117.0,103.0,2.0,Matches,,,,,,,,,,,,,,,,,,,,,,,,,
2017-2018,SeriaA,Fiorentina,Germán Pezzella,ar ARG,DF,26.0,33.1,63.0,47.0,42.0,19.0,2.0,19.0,41.0,46.3,22.0,33.0,16.0,17.0,63.0,126.0,185.0,1.0,Matches,,,,,,,,,,,,,,,,,,,,,,,,,
2017-2018,SeriaA,Fiorentina,Milan Badelj,hr CRO,MF,28.0,26.1,71.0,41.0,26.0,38.0,7.0,28.0,71.0,39.4,43.0,48.0,2.0,46.0,71.0,142.0,52.0,3.0,Matches,,,,,,,,,,,,,,,,,,,,,,,,,
2017-2018,SeriaA,Fiorentina,Davide Astori,it ITA,DF,30.0,25.0,47.0,31.0,33.0,13.0,1.0,18.0,29.0,62.1,11.0,29.0,17.0,12.0,51.0,98.0,131.0,2.0,Matches,,,,,,,,,,,,,,,,,,,,,,,,,
2017-2018,SeriaA,Fiorentina,Vincent Laurini,fr FRA,DF,28.0,17.9,34.0,23.0,21.0,9.0,4.0,12.0,22.0,54.5,10.0,20.0,5.0,15.0,11.0,45.0,72.0,1.0,Matches,,,,,,,,,,,,,,,,,,,,,,,,,
2017-2018,SeriaA,Fiorentina,Cyril Théréau,fr FRA,"FW,MF",34.0,12.4,11.0,6.0,3.0,6.0,2.0,7.0,19.0,36.8,12.0,13.0,0.0,13.0,8.0,19.0,9.0,0.0,Matches,,,,,,,,,,,,,,,,,,,,,,,,,
2017-2018,SeriaA,Fiorentina,Nikola Milenković,rs SRB,DF,19.0,13.9,39.0,25.0,20.0,16.0,3.0,16.0,29.0,55.2,13.0,18.0,8.0,10.0,23.0,62.0,70.0,0.0,Matches,,,,,,,,,,,,,,,,,,,,,,,,,
2017-2018,SeriaA,Fiorentina,Vitor Hugo,br BRA,DF,26.0,13.4,32.0,21.0,26.0,6.0,0.0,10.0,17.0,58.8,7.0,10.0,6.0,4.0,43.0,75.0,92.0,0.0,Matches,,,,,,,,,,,,,,,,,,,,,,,,,
2017-2018,SeriaA,Fiorentina,Riccardo Saponara,it ITA,"MF,FW",25.0,10.0,12.0,8.0,2.0,8.0,2.0,2.0,11.0,18.2,9.0,3.0,1.0,2.0,1.0,13.0,5.0,0.0,Matches,,,,,,,,,,,,,,,,,,,,,,,,,
2017-2018,SeriaA,Fiorentina,Gil Bastião Dias,pt POR,"FW,MF",20.0,13.2,49.0,31.0,28.0,15.0,6.0,19.0,48.0,39.6,29.0,23.0,0.0,23.0,19.0,68.0,12.0,1.0,Matches,,,,,,,,,,,,,,,,,,,,,,,,,
2017-2018,SeriaA,Fiorentina,Valentin Eysseric,fr FRA,"FW,MF",25.0,7.8,17.0,13.0,7.0,4.0,6.0,6.0,20.0,30.0,14.0,10.0,2.0,8.0,6.0,23.0,6.0,0.0,Matches,,,,,,,,,,,,,,,,,,,,,,,,,
2017-2018,SeriaA,Fiorentina,Bruno Gaspar,ao ANG,DF,24.0,8.7,20.0,11.0,13.0,6.0,1.0,9.0,15.0,60.0,6.0,8.0,1.0,7.0,9.0,29.0,25.0,0.0,Matches,,,,,,,,,,,,,,,,,,,,,,,,,
2017-2018,SeriaA,Fiorentina,Bryan Dabo,bf BFA,MF,25.0,6.6,17.0,11.0,6.0,10.0,1.0,6.0,15.0,40.0,9.0,13.0,1.0,12.0,15.0,32.0,24.0,1.0,Matches,,,,,,,,,,,,,,,,,,,,,,,,,
2017-2018,SeriaA,Fiorentina,Maximiliano Olivera,uy URU,DF,25.0,4.6,12.0,9.0,5.0,4.0,3.0,3.0,8.0,37.5,5.0,4.0,1.0,3.0,11.0,23.0,11.0,0.0,Matches,,,,,,,,,,,,,,,,,,,,,,,,,
2017-2018,SeriaA,Fiorentina,Diego Falcinelli,it ITA,FW,26.0,4.9,1.0,1.0,1.0,0.0,0.0,0.0,5.0,0.0,5.0,5.0,1.0,4.0,1.0,2.0,4.0,0.0,Matches,,,,,,,,,,,,,,,,,,,,,,,,,
2017-2018,SeriaA,Fiorentina,Carlos Sánchez,co COL,"MF,DF",31.0,4.1,7.0,6.0,2.0,5.0,0.0,4.0,6.0,66.7,2.0,3.0,1.0,2.0,8.0,15.0,10.0,0.0,Matches,,,,,,,,,,,,,,,,,,,,,,,,,
2017-2018,SeriaA,Fiorentina,Sebastián Cristóforo,uy URU,MF,23.0,3.0,16.0,12.0,6.0,8.0,2.0,9.0,19.0,47.4,10.0,4.0,0.0,4.0,4.0,20.0,6.0,0.0,Matches,,,,,,,,,,,,,,,,,,,,,,,,,
2017-2018,SeriaA,Fiorentina,Nenad Tomović,rs SRB,DF,29.0,1.5,2.0,1.0,1.0,1.0,0.0,0.0,2.0,0.0,2.0,0.0,0.0,0.0,3.0,5.0,5.0,1.0,Matches,,,,,,,,,,,,,,,,,,,,,,,,,
2017-2018,SeriaA,Fiorentina,Khouma Babacar,sn SEN,FW,24.0,5.0,4.0,4.0,3.0,0.0,1.0,2.0,4.0,50.0,2.0,0.0,0.0,0.0,2.0,6.0,5.0,0.0,Matches,,,,,,,,,,,,,,,,,,,,,,,,,
2017-2018,SeriaA,Fiorentina,Bartłomiej Drągowski,pl POL,GK,19.0,2.4,0.0,0.0,0.0,0.0,0.0,0.0,0.0,,0.0,0.0,0.0,0.0,0.0,0.0,0.0,1.0,Matches,,,,,,,,,,,,,,,,,,,,,,,,,
2017-2018,SeriaA,Fiorentina,Simone Lo Faso,it ITA,FW,19.0,0.4,1.0,1.0,1.0,0.0,0.0,0.0,1.0,0.0,1.0,0.0,0.0,0.0,1.0,2.0,0.0,0.0,Matches,,,,,,,,,,,,,,,,,,,,,,,,,
2017-2018,SeriaA,Fiorentina,Rafik Zekhnini,no NOR,FW,19.0,0.1,0.0,0.0,0.0,0.0,0.0,0.0,0.0,,0.0,0.0,0.0,0.0,0.0,0.0,0.0,0.0,Matches,,,,,,,,,,,,,,,,,,,,,,,,,
2017-2018,SeriaA,Fiorentina,Squad Total,,,25.0,38.0,742.0,497.0,362.0,284.0,96.0,267.0,656.0,40.7,389.0,438.0,75.0,363.0,489.0,1231.0,983.0,17.0,,,,,,,,,,,,,,,,,,,,,,,,,,
2017-2018,SeriaA,Fiorentina,Opponent Total,,,26.9,38.0,627.0,448.0,331.0,242.0,54.0,220.0,568.0,38.7,348.0,398.0,138.0,260.0,423.0,1050.0,1018.0,17.0,,,,,,,,,,,,,,,,,,,,,,,,,,
2017-2018,SeriaA,Torino,Salvatore Sirigu,it ITA,GK,30.0,37.0,0.0,0.0,0.0,0.0,0.0,0.0,0.0,,0.0,0.0,0.0,0.0,1.0,1.0,35.0,3.0,Matches,,,,,,,,,,,,,,,,,,,,,,,,,
2017-2018,SeriaA,Torino,Nicolas Nkoulou,cm CMR,DF,27.0,36.2,56.0,40.0,40.0,15.0,1.0,22.0,33.0,66.7,11.0,44.0,22.0,22.0,57.0,113.0,163.0,1.0,Matches,,,,,,,,,,,,,,,,,,,,,,,,,
2017-2018,SeriaA,Torino,Tomás Rincón,ve VEN,MF,29.0,33.3,66.0,40.0,30.0,34.0,2.0,24.0,66.0,36.4,42.0,33.0,8.0,25.0,57.0,123.0,61.0,1.0,Matches,,,,,,,,,,,,,,,,,,,,,,,,,
2017-2018,SeriaA,Torino,Lorenzo De Silvestri,it ITA,DF,29.0,32.8,39.0,25.0,19.0,13.0,7.0,16.0,26.0,61.5,10.0,47.0,10.0,37.0,27.0,66.0,165.0,0.0,Matches,,,,,,,,,,,,,,,,,,,,,,,,,
2017-2018,SeriaA,Torino,Iago Falque,es ESP,"FW,MF",27.0,31.3,41.0,31.0,15.0,20.0,6.0,6.0,43.0,14.0,37.0,22.0,0.0,22.0,15.0,56.0,15.0,0.0,Matches,,,,,,,,,,,,,,,,,,,,,,,,,
2017-2018,SeriaA,Torino,Daniele Baselli,it ITA,MF,25.0,28.0,63.0,33.0,23.0,36.0,4.0,20.0,56.0,35.7,36.0,29.0,5.0,24.0,57.0,120.0,40.0,1.0,Matches,,,,,,,,,,,,,,,,,,,,,,,,,
2017-2018,SeriaA,Torino,Andrea Belotti,it ITA,FW,23.0,29.8,32.0,23.0,9.0,15.0,8.0,3.0,30.0,10.0,27.0,14.0,1.0,13.0,6.0,38.0,19.0,1.0,Matches,,,,,,,,,,,,,,,,,,,,,,,,,
2017-2018,SeriaA,Torino,Adem Ljajić,rs SRB,"MF,FW",25.0,24.1,12.0,9.0,4.0,6.0,2.0,5.0,13.0,38.5,8.0,11.0,1.0,10.0,9.0,21.0,13.0,0.0,Matches,,,,,,,,,,,,,,,,,,,,,,,,,
2017-2018,SeriaA,Torino,Nicolás Burdisso,ar ARG,DF,36.0,23.0,20.0,11.0,13.0,7.0,0.0,7.0,11.0,63.6,4.0,23.0,14.0,9.0,30.0,50.0,124.0,3.0,Matches,,,,,,,,,,,,,,,,,,,,,,,,,
2017-2018,SeriaA,Torino,Cristian Ansaldi,ar ARG,DF,30.0,20.8,49.0,33.0,25.0,20.0,4.0,14.0,37.0,37.8,23.0,23.0,5.0,18.0,20.0,69.0,61.0,0.0,Matches,,,,,,,,,,,,,,,,,,,,,,,,,
2017-2018,SeriaA,Torino,Emiliano Moretti,it ITA,DF,36.0,19.8,31.0,18.0,25.0,6.0,0.0,14.0,16.0,87.5,2.0,30.0,23.0,7.0,21.0,52.0,77.0,2.0,Matches,,,,,,,,,,,,,,,,,,,,,,,,,
2017-2018,SeriaA,Torino,M'Baye Niang,sn SEN,FW,22.0,17.0,29.0,23.0,11.0,9.0,9.0,6.0,18.0,33.3,12.0,17.0,3.0,14.0,13.0,42.0,15.0,0.0,Matches,,,,,,,,,,,,,,,,,,,,,,,,,
2017-2018,SeriaA,Torino,Cristian Molinaro,it ITA,DF,34.0,17.4,37.0,29.0,19.0,14.0,4.0,11.0,18.0,61.1,7.0,15.0,4.0,11.0,22.0,59.0,70.0,1.0,Matches,,,,,,,,,,,,,,,,,,,,,,,,,
2017-2018,SeriaA,Torino,Joel Obi,ng NGA,MF,26.0,13.9,45.0,25.0,20.0,20.0,5.0,8.0,26.0,30.8,18.0,17.0,3.0,14.0,24.0,69.0,15.0,0.0,Matches,,,,,,,,,,,,,,,,,,,,,,,,,
2017-2018,SeriaA,Torino,Álex Berenguer,es ESP,FW,22.0,11.6,18.0,15.0,7.0,8.0,3.0,5.0,17.0,29.4,12.0,22.0,3.0,19.0,10.0,28.0,13.0,0.0,Matches,,,,,,,,,,,,,,,,,,,,,,,,,
2017-2018,SeriaA,Torino,Afriyie Acquah,gh GHA,MF,25.0,10.6,8.0,6.0,2.0,6.0,0.0,1.0,7.0,14.3,6.0,8.0,1.0,7.0,16.0,24.0,10.0,2.0,Matches,,,,,,,,,,,,,,,,,,,,,,,,,
2017-2018,SeriaA,Torino,Mirko Valdifiori,it ITA,MF,31.0,6.9,13.0,9.0,5.0,7.0,1.0,2.0,11.0,18.2,9.0,3.0,1.0,2.0,6.0,19.0,9.0,0.0,Matches,,,,,,,,,,,,,,,,,,,,,,,,,
2017-2018,SeriaA,Torino,Kevin Bonifazi,it ITA,"DF,MF",21.0,4.5,11.0,7.0,6.0,5.0,0.0,4.0,6.0,66.7,2.0,7.0,5.0,2.0,13.0,24.0,15.0,0.0,Matches,,,,,,,,,,,,,,,,,,,,,,,,,
2017-2018,SeriaA,Torino,Lyanco,br BRA,DF,20.0,3.5,11.0,8.0,8.0,3.0,0.0,5.0,8.0,62.5,3.0,4.0,3.0,1.0,5.0,16.0,17.0,0.0,Matches,,,,,,,,,,,,,,,,,,,,,,,,,
2017-2018,SeriaA,Torino,Antonio Barreca,it ITA,DF,22.0,5.2,9.0,8.0,3.0,5.0,1.0,4.0,4.0,100.0,0.0,3.0,0.0,3.0,5.0,14.0,16.0,0.0,Matches,,,,,,,,,,,,,,,,,,,,,,,,,
2017-2018,SeriaA,Torino,Umar Sadiq,ng NGA,FW,20.0,2.5,0.0,0.0,0.0,0.0,0.0,0.0,3.0,0.0,3.0,1.0,0.0,1.0,1.0,1.0,2.0,0.0,Matches,,,,,,,,,,,,,,,,,,,,,,,,,
2017-2018,SeriaA,Torino,Simone Edera,it ITA,"FW,MF",20.0,3.6,6.0,2.0,2.0,4.0,0.0,3.0,10.0,30.0,7.0,0.0,0.0,0.0,2.0,8.0,1.0,0.0,Matches,,,,,,,,,,,,,,,,,,,,,,,,,
2017-2018,SeriaA,Torino,Davide Zappacosta,it ITA,"DF,FW",25.0,1.1,1.0,0.0,1.0,0.0,0.0,0.0,0.0,,0.0,0.0,0.0,0.0,2.0,3.0,1.0,0.0,Matches,,,,,,,,,,,,,,,,,,,,,,,,,
2017-2018,SeriaA,Torino,Vanja Milinković-Savić,rs SRB,GK,20.0,1.0,0.0,0.0,0.0,0.0,0.0,0.0,0.0,,0.0,0.0,0.0,0.0,0.0,0.0,0.0,0.0,Matches,,,,,,,,,,,,,,,,,,,,,,,,,
2017-2018,SeriaA,Torino,Lucas Boyé,ar ARG,FW,21.0,1.7,9.0,8.0,5.0,3.0,1.0,1.0,3.0,33.3,2.0,5.0,0.0,5.0,2.0,11.0,2.0,0.0,Matches,,,,,,,,,,,,,,,,,,,,,,,,,
2017-2018,SeriaA,Torino,Samuel Gustafson,se SWE,"MF,FW",22.0,0.9,3.0,2.0,3.0,0.0,0.0,1.0,3.0,33.3,2.0,2.0,0.0,2.0,0.0,3.0,0.0,0.0,Matches,,,,,,,,,,,,,,,,,,,,,,,,,
2017-2018,SeriaA,Torino,Alessandro Buongiorno,it ITA,DF,18.0,0.1,0.0,0.0,0.0,0.0,0.0,0.0,0.0,,0.0,0.0,0.0,0.0,0.0,0.0,1.0,0.0,Matches,,,,,,,,,,,,,,,,,,,,,,,,,
2017-2018,SeriaA,Torino,Squad Total,,,28.1,38.0,609.0,405.0,295.0,256.0,58.0,182.0,465.0,39.1,283.0,380.0,112.0,268.0,421.0,1030.0,960.0,15.0,,,,,,,,,,,,,,,,,,,,,,,,,,
2017-2018,SeriaA,Torino,Opponent Total,,,26.8,38.0,737.0,508.0,354.0,295.0,88.0,259.0,677.0,38.3,418.0,449.0,103.0,346.0,415.0,1152.0,770.0,15.0,,,,,,,,,,,,,,,,,,,,,,,,,,
2017-2018,SeriaA,Sampdoria,Lucas Torreira,uy URU,MF,21.0,35.3,101.0,73.0,36.0,57.0,8.0,30.0,77.0,39.0,47.0,52.0,17.0,35.0,72.0,173.0,36.0,1.0,Matches,,,,,,,,,,,,,,,,,,,,,,,,,
2017-2018,SeriaA,Sampdoria,Matías Silvestre,ar ARG,DF,32.0,34.0,12.0,8.0,10.0,1.0,1.0,6.0,12.0,50.0,6.0,33.0,26.0,7.0,11.0,23.0,154.0,3.0,Matches,,,,,,,,,,,,,,,,,,,,,,,,,
2017-2018,SeriaA,Sampdoria,Fabio Quagliarella,it ITA,FW,34.0,30.2,11.0,9.0,1.0,3.0,7.0,2.0,25.0,8.0,23.0,34.0,0.0,34.0,7.0,18.0,23.0,0.0,Matches,,,,,,,,,,,,,,,,,,,,,,,,,
2017-2018,SeriaA,Sampdoria,Dennis Praet,be BEL,MF,23.0,29.5,85.0,57.0,34.0,36.0,15.0,38.0,73.0,52.1,35.0,49.0,1.0,48.0,37.0,122.0,22.0,0.0,Matches,,,,,,,,,,,,,,,,,,,,,,,,,
2017-2018,SeriaA,Sampdoria,Gian Marco Ferrari,it ITA,DF,25.0,29.4,12.0,8.0,8.0,4.0,0.0,5.0,10.0,50.0,5.0,42.0,38.0,4.0,31.0,43.0,149.0,4.0,Matches,,,,,,,,,,,,,,,,,,,,,,,,,
2017-2018,SeriaA,Sampdoria,Bartosz Bereszyński,pl POL,DF,25.0,27.6,63.0,47.0,30.0,28.0,5.0,31.0,53.0,58.5,22.0,33.0,8.0,25.0,30.0,93.0,98.0,2.0,Matches,,,,,,,,,,,,,,,,,,,,,,,,,
2017-2018,SeriaA,Sampdoria,Gastón Ramírez,uy URU,MF,26.0,24.6,33.0,20.0,4.0,15.0,14.0,9.0,56.0,16.1,47.0,30.0,3.0,27.0,18.0,51.0,24.0,0.0,Matches,,,,,,,,,,,,,,,,,,,,,,,,,
2017-2018,SeriaA,Sampdoria,Emiliano Viviano,it ITA,GK,31.0,27.0,0.0,0.0,0.0,0.0,0.0,0.0,0.0,,0.0,0.0,0.0,0.0,2.0,2.0,10.0,4.0,Matches,,,,,,,,,,,,,,,,,,,,,,,,,
2017-2018,SeriaA,Sampdoria,Duván Zapata,co COL,FW,26.0,23.4,12.0,7.0,1.0,7.0,4.0,1.0,6.0,16.7,5.0,13.0,0.0,13.0,5.0,17.0,22.0,1.0,Matches,,,,,,,,,,,,,,,,,,,,,,,,,
2017-2018,SeriaA,Sampdoria,Édgar Barreto,py PAR,MF,33.0,21.8,67.0,42.0,23.0,32.0,12.0,18.0,70.0,25.7,52.0,45.0,2.0,43.0,21.0,88.0,29.0,3.0,Matches,,,,,,,,,,,,,,,,,,,,,,,,,
2017-2018,SeriaA,Sampdoria,Karol Linetty,pl POL,MF,22.0,23.8,66.0,49.0,25.0,31.0,10.0,17.0,77.0,22.1,60.0,40.0,2.0,38.0,18.0,84.0,13.0,0.0,Matches,,,,,,,,,,,,,,,,,,,,,,,,,
2017-2018,SeriaA,Sampdoria,Gianluca Caprari,it ITA,"FW,MF",24.0,20.1,19.0,11.0,2.0,11.0,6.0,0.0,10.0,0.0,10.0,25.0,2.0,23.0,5.0,24.0,3.0,0.0,Matches,,,,,,,,,,,,,,,,,,,,,,,,,
2017-2018,SeriaA,Sampdoria,Nicola Murru,it ITA,DF,22.0,16.1,40.0,31.0,18.0,18.0,4.0,24.0,38.0,63.2,14.0,29.0,4.0,25.0,17.0,57.0,60.0,1.0,Matches,,,,,,,,,,,,,,,,,,,,,,,,,
2017-2018,SeriaA,Sampdoria,Ivan Strinić,hr CRO,DF,30.0,13.9,35.0,24.0,22.0,12.0,1.0,17.0,38.0,44.7,21.0,21.0,2.0,19.0,22.0,57.0,46.0,2.0,Matches,,,,,,,,,,,,,,,,,,,,,,,,,
2017-2018,SeriaA,Sampdoria,Jacopo Sala,it ITA,DF,25.0,11.0,17.0,10.0,12.0,4.0,1.0,4.0,10.0,40.0,6.0,9.0,1.0,8.0,8.0,25.0,28.0,2.0,Matches,,,,,,,,,,,,,,,,,,,,,,,,,
2017-2018,SeriaA,Sampdoria,Vasco Regini,it ITA,DF,26.0,12.0,13.0,7.0,11.0,0.0,2.0,6.0,11.0,54.5,5.0,14.0,7.0,7.0,11.0,24.0,68.0,0.0,Matches,,,,,,,,,,,,,,,,,,,,,,,,,
2017-2018,SeriaA,Sampdoria,Christian Puggioni,it ITA,GK,36.0,9.0,0.0,0.0,0.0,0.0,0.0,0.0,0.0,,0.0,0.0,0.0,0.0,0.0,0.0,6.0,1.0,Matches,,,,,,,,,,,,,,,,,,,,,,,,,
2017-2018,SeriaA,Sampdoria,Dawid Kownacki,pl POL,FW,20.0,9.1,8.0,7.0,1.0,4.0,3.0,3.0,11.0,27.3,8.0,7.0,0.0,7.0,1.0,9.0,5.0,0.0,Matches,,,,,,,,,,,,,,,,,,,,,,,,,
2017-2018,SeriaA,Sampdoria,Joachim Andersen,dk DEN,DF,21.0,6.1,8.0,3.0,6.0,2.0,0.0,4.0,4.0,100.0,0.0,6.0,4.0,2.0,9.0,17.0,41.0,1.0,Matches,,,,,,,,,,,,,,,,,,,,,,,,,
2017-2018,SeriaA,Sampdoria,Valerio Verre,it ITA,MF,23.0,4.0,7.0,3.0,3.0,2.0,2.0,2.0,7.0,28.6,5.0,12.0,0.0,12.0,8.0,15.0,7.0,0.0,Matches,,,,,,,,,,,,,,,,,,,,,,,,,
2017-2018,SeriaA,Sampdoria,Ricky Álvarez,ar ARG,MF,29.0,3.0,4.0,2.0,1.0,3.0,0.0,1.0,4.0,25.0,3.0,5.0,0.0,5.0,2.0,6.0,3.0,0.0,Matches,,,,,,,,,,,,,,,,,,,,,,,,,
2017-2018,SeriaA,Sampdoria,Leonardo Capezzi,it ITA,MF,22.0,2.4,8.0,4.0,5.0,3.0,0.0,4.0,6.0,66.7,2.0,6.0,0.0,6.0,0.0,8.0,3.0,0.0,Matches,,,,,,,,,,,,,,,,,,,,,,,,,
2017-2018,SeriaA,Sampdoria,Vid Belec,si SVN,GK,27.0,2.0,0.0,0.0,0.0,0.0,0.0,0.0,0.0,,0.0,0.0,0.0,0.0,0.0,0.0,1.0,0.0,Matches,,,,,,,,,,,,,,,,,,,,,,,,,
2017-2018,SeriaA,Sampdoria,Daniel Pavlović,ba BIH,DF,29.0,1.0,3.0,1.0,1.0,1.0,1.0,1.0,1.0,100.0,0.0,0.0,0.0,0.0,0.0,3.0,5.0,0.0,Matches,,,,,,,,,,,,,,,,,,,,,,,,,
2017-2018,SeriaA,Sampdoria,Federico Bonazzoli,it ITA,FW,20.0,0.3,0.0,0.0,0.0,0.0,0.0,0.0,0.0,,0.0,0.0,0.0,0.0,0.0,0.0,0.0,0.0,Matches,,,,,,,,,,,,,,,,,,,,,,,,,
2017-2018,SeriaA,Sampdoria,Filip Đuričić,rs SRB,MF,25.0,0.1,0.0,0.0,0.0,0.0,0.0,0.0,1.0,0.0,1.0,0.0,0.0,0.0,0.0,0.0,0.0,0.0,Matches,,,,,,,,,,,,,,,,,,,,,,,,,
2017-2018,SeriaA,Sampdoria,Ognjen Stijepović,me MNE,"FW,MF",17.0,0.1,0.0,0.0,0.0,0.0,0.0,0.0,0.0,,0.0,0.0,0.0,0.0,0.0,0.0,0.0,0.0,Matches,,,,,,,,,,,,,,,,,,,,,,,,,
2017-2018,SeriaA,Sampdoria,Squad Total,,,27.0,38.0,624.0,423.0,254.0,274.0,96.0,223.0,600.0,37.2,377.0,505.0,117.0,388.0,335.0,959.0,856.0,25.0,,,,,,,,,,,,,,,,,,,,,,,,,,
2017-2018,SeriaA,Sampdoria,Opponent Total,,,26.9,38.0,629.0,465.0,318.0,249.0,62.0,215.0,572.0,37.6,357.0,421.0,121.0,300.0,503.0,1132.0,1023.0,24.0,,,,,,,,,,,,,,,,,,,,,,,,,,
2017-2018,SeriaA,Sassuolo,Francesco Acerbi,it ITA,DF,29.0,38.0,51.0,32.0,26.0,22.0,3.0,22.0,36.0,61.1,14.0,42.0,21.0,21.0,88.0,139.0,255.0,1.0,Matches,,,,,,,,,,,,,,,,,,,,,,,,,
2017-2018,SeriaA,Sassuolo,Andrea Consigli,it ITA,GK,30.0,36.8,0.0,0.0,0.0,0.0,0.0,0.0,2.0,0.0,2.0,0.0,0.0,0.0,0.0,0.0,27.0,6.0,Matches,,,,,,,,,,,,,,,,,,,,,,,,,
2017-2018,SeriaA,Sassuolo,Simone Missiroli,it ITA,MF,31.0,32.4,62.0,37.0,25.0,31.0,6.0,14.0,72.0,19.4,58.0,46.0,8.0,38.0,67.0,129.0,70.0,0.0,Matches,,,,,,,,,,,,,,,,,,,,,,,,,
2017-2018,SeriaA,Sassuolo,Matteo Politano,it ITA,FW,23.0,31.2,23.0,16.0,8.0,10.0,5.0,3.0,32.0,9.4,29.0,13.0,2.0,11.0,14.0,37.0,13.0,0.0,Matches,,,,,,,,,,,,,,,,,,,,,,,,,
2017-2018,SeriaA,Sassuolo,Francesco Magnanelli,it ITA,MF,32.0,27.7,56.0,38.0,30.0,20.0,6.0,20.0,65.0,30.8,45.0,26.0,7.0,19.0,58.0,114.0,78.0,2.0,Matches,,,,,,,,,,,,,,,,,,,,,,,,,
2017-2018,SeriaA,Sassuolo,Domenico Berardi,it ITA,FW,22.0,25.5,31.0,17.0,9.0,16.0,6.0,11.0,65.0,16.9,54.0,23.0,0.0,23.0,17.0,48.0,14.0,1.0,Matches,,,,,,,,,,,,,,,,,,,,,,,,,
2017-2018,SeriaA,Sassuolo,Federico Peluso,it ITA,DF,33.0,28.8,46.0,34.0,29.0,13.0,4.0,14.0,26.0,53.8,12.0,39.0,13.0,26.0,40.0,86.0,132.0,1.0,Matches,,,,,,,,,,,,,,,,,,,,,,,,,
2017-2018,SeriaA,Sassuolo,Alfred Duncan,gh GHA,MF,24.0,21.6,39.0,29.0,16.0,18.0,5.0,15.0,52.0,28.8,37.0,32.0,2.0,30.0,19.0,58.0,29.0,1.0,Matches,,,,,,,,,,,,,,,,,,,,,,,,,
2017-2018,SeriaA,Sassuolo,Pol Lirola,es ESP,"DF,FW",19.0,22.5,34.0,21.0,26.0,6.0,2.0,20.0,35.0,57.1,15.0,11.0,4.0,7.0,28.0,62.0,88.0,1.0,Matches,,,,,,,,,,,,,,,,,,,,,,,,,
2017-2018,SeriaA,Sassuolo,Paolo Cannavaro,it ITA,DF,36.0,16.0,17.0,9.0,11.0,5.0,1.0,8.0,20.0,40.0,12.0,17.0,13.0,4.0,27.0,44.0,94.0,1.0,Matches,,,,,,,,,,,,,,,,,,,,,,,,,
2017-2018,SeriaA,Sassuolo,Diego Falcinelli,it ITA,FW,26.0,14.6,4.0,4.0,1.0,2.0,1.0,1.0,13.0,7.7,12.0,12.0,2.0,10.0,2.0,6.0,9.0,0.0,Matches,,,,,,,,,,,,,,,,,,,,,,,,,
2017-2018,SeriaA,Sassuolo,Claud Adjapong,it ITA,"DF,FW",19.0,13.6,35.0,26.0,24.0,5.0,6.0,11.0,13.0,84.6,2.0,16.0,3.0,13.0,23.0,58.0,37.0,0.0,Matches,,,,,,,,,,,,,,,,,,,,,,,,,
2017-2018,SeriaA,Sassuolo,Edoardo Goldaniga,it ITA,DF,23.0,12.8,14.0,8.0,10.0,4.0,0.0,5.0,9.0,55.6,4.0,10.0,5.0,5.0,19.0,33.0,56.0,0.0,Matches,,,,,,,,,,,,,,,,,,,,,,,,,
2017-2018,SeriaA,Sassuolo,Stefano Sensi,it ITA,MF,21.0,11.6,17.0,13.0,11.0,6.0,0.0,9.0,22.0,40.9,13.0,16.0,3.0,13.0,22.0,39.0,10.0,1.0,Matches,,,,,,,,,,,,,,,,,,,,,,,,,
2017-2018,SeriaA,Sassuolo,Luca Mazzitelli,it ITA,MF,21.0,11.3,37.0,24.0,14.0,15.0,8.0,10.0,36.0,27.8,26.0,21.0,2.0,19.0,21.0,58.0,19.0,0.0,Matches,,,,,,,,,,,,,,,,,,,,,,,,,
2017-2018,SeriaA,Sassuolo,Rogério,br BRA,DF,19.0,10.1,18.0,14.0,10.0,5.0,3.0,7.0,15.0,46.7,8.0,11.0,1.0,10.0,9.0,27.0,31.0,0.0,Matches,,,,,,,,,,,,,,,,,,,,,,,,,
2017-2018,SeriaA,Sassuolo,Marcello Gazzola,it ITA,DF,32.0,8.2,10.0,9.0,3.0,6.0,1.0,8.0,12.0,66.7,4.0,10.0,2.0,8.0,8.0,18.0,25.0,0.0,Matches,,,,,,,,,,,,,,,,,,,,,,,,,
2017-2018,SeriaA,Sassuolo,Khouma Babacar,sn SEN,FW,24.0,8.3,10.0,6.0,2.0,4.0,4.0,2.0,6.0,33.3,4.0,8.0,0.0,8.0,3.0,13.0,1.0,0.0,Matches,,,,,,,,,,,,,,,,,,,,,,,,,
2017-2018,SeriaA,Sassuolo,Mauricio Lemos,uy URU,DF,21.0,7.8,11.0,9.0,8.0,3.0,0.0,7.0,14.0,50.0,7.0,10.0,5.0,5.0,9.0,20.0,33.0,1.0,Matches,,,,,,,,,,,,,,,,,,,,,,,,,
2017-2018,SeriaA,Sassuolo,Alessandro Matri,it ITA,FW,32.0,10.2,2.0,1.0,1.0,1.0,0.0,0.0,3.0,0.0,3.0,1.0,0.0,1.0,0.0,2.0,5.0,0.0,Matches,,,,,,,,,,,,,,,,,,,,,,,,,
2017-2018,SeriaA,Sassuolo,Antonino Ragusa,it ITA,"FW,MF",27.0,9.2,17.0,7.0,11.0,4.0,2.0,8.0,23.0,34.8,15.0,12.0,1.0,11.0,6.0,23.0,16.0,0.0,Matches,,,,,,,,,,,,,,,,,,,,,,,,,
2017-2018,SeriaA,Sassuolo,Francesco Cassata,it ITA,MF,20.0,5.1,12.0,7.0,6.0,5.0,1.0,2.0,10.0,20.0,8.0,3.0,0.0,3.0,5.0,17.0,0.0,0.0,Matches,,,,,,,,,,,,,,,,,,,,,,,,,
2017-2018,SeriaA,Sassuolo,Cristian Dell'Orco,it ITA,DF,23.0,4.7,4.0,1.0,1.0,2.0,1.0,1.0,3.0,33.3,2.0,5.0,1.0,4.0,10.0,14.0,19.0,0.0,Matches,,,,,,,,,,,,,,,,,,,,,,,,,
2017-2018,SeriaA,Sassuolo,Timo Letschert,nl NED,DF,24.0,4.6,13.0,8.0,10.0,3.0,0.0,5.0,8.0,62.5,3.0,9.0,3.0,6.0,7.0,20.0,23.0,0.0,Matches,,,,,,,,,,,,,,,,,,,,,,,,,
2017-2018,SeriaA,Sassuolo,Davide Biondini,it ITA,MF,34.0,2.3,4.0,4.0,2.0,2.0,0.0,1.0,2.0,50.0,1.0,1.0,0.0,1.0,3.0,7.0,1.0,0.0,Matches,,,,,,,,,,,,,,,,,,,,,,,,,
2017-2018,SeriaA,Sassuolo,Gianluca Pegolo,it ITA,GK,36.0,1.2,0.0,0.0,0.0,0.0,0.0,0.0,0.0,,0.0,0.0,0.0,0.0,0.0,0.0,0.0,0.0,Matches,,,,,,,,,,,,,,,,,,,,,,,,,
2017-2018,SeriaA,Sassuolo,Nicholas Pierini,it ITA,"MF,FW",18.0,0.5,1.0,1.0,0.0,0.0,1.0,0.0,0.0,,0.0,1.0,0.0,1.0,1.0,2.0,0.0,0.0,Matches,,,,,,,,,,,,,,,,,,,,,,,,,
2017-2018,SeriaA,Sassuolo,Gianluca Scamacca,it ITA,"FW,MF",18.0,0.3,0.0,0.0,0.0,0.0,0.0,0.0,0.0,,0.0,1.0,0.0,1.0,0.0,0.0,0.0,0.0,Matches,,,,,,,,,,,,,,,,,,,,,,,,,
2017-2018,SeriaA,Sassuolo,Squad Total,,,27.2,38.0,568.0,375.0,294.0,208.0,66.0,204.0,594.0,34.3,390.0,396.0,98.0,298.0,506.0,1074.0,1085.0,16.0,,,,,,,,,,,,,,,,,,,,,,,,,,
2017-2018,SeriaA,Sassuolo,Opponent Total,,,27.2,38.0,635.0,450.0,335.0,228.0,72.0,207.0,537.0,38.5,330.0,437.0,135.0,302.0,389.0,1024.0,919.0,17.0,,,,,,,,,,,,,,,,,,,,,,,,,,
2017-2018,SeriaA,Genoa,Mattia Perin,it ITA,GK,24.0,37.0,0.0,0.0,0.0,0.0,0.0,0.0,1.0,0.0,1.0,0.0,0.0,0.0,1.0,1.0,14.0,2.0,Matches,,,,,,,,,,,,,,,,,,,,,,,,,
2017-2018,SeriaA,Genoa,Andrea Bertolacci,it ITA,MF,26.0,32.2,85.0,53.0,40.0,38.0,7.0,21.0,63.0,33.3,42.0,46.0,12.0,34.0,46.0,131.0,37.0,1.0,Matches,,,,,,,,,,,,,,,,,,,,,,,,,
2017-2018,SeriaA,Genoa,Diego Laxalt,uy URU,DF,24.0,31.2,54.0,43.0,31.0,17.0,6.0,22.0,59.0,37.3,37.0,38.0,3.0,35.0,25.0,79.0,55.0,1.0,Matches,,,,,,,,,,,,,,,,,,,,,,,,,
2017-2018,SeriaA,Genoa,Ervin Zukanović,ba BIH,DF,30.0,31.9,50.0,41.0,33.0,16.0,1.0,20.0,51.0,39.2,31.0,32.0,19.0,13.0,48.0,98.0,175.0,0.0,Matches,,,,,,,,,,,,,,,,,,,,,,,,,
2017-2018,SeriaA,Genoa,Luca Rossettini,it ITA,DF,32.0,22.5,16.0,8.0,12.0,3.0,1.0,6.0,17.0,35.3,11.0,31.0,21.0,10.0,29.0,45.0,151.0,1.0,Matches,,,,,,,,,,,,,,,,,,,,,,,,,
2017-2018,SeriaA,Genoa,Goran Pandev,mk MKD,"FW,MF",34.0,20.0,10.0,9.0,3.0,6.0,1.0,2.0,13.0,15.4,11.0,8.0,0.0,8.0,4.0,14.0,5.0,0.0,Matches,,,,,,,,,,,,,,,,,,,,,,,,,
2017-2018,SeriaA,Genoa,Aleandro Rosi,it ITA,DF,30.0,18.9,24.0,17.0,7.0,13.0,4.0,5.0,19.0,26.3,14.0,24.0,5.0,19.0,20.0,44.0,61.0,1.0,Matches,,,,,,,,,,,,,,,,,,,,,,,,,
2017-2018,SeriaA,Genoa,Miguel Veloso,pt POR,MF,31.0,19.3,40.0,29.0,18.0,19.0,3.0,11.0,41.0,26.8,30.0,26.0,3.0,23.0,13.0,53.0,35.0,0.0,Matches,,,,,,,,,,,,,,,,,,,,,,,,,
2017-2018,SeriaA,Genoa,Nicolás Spolli,ar ARG,DF,34.0,20.0,27.0,21.0,24.0,2.0,1.0,13.0,22.0,59.1,9.0,26.0,17.0,9.0,36.0,63.0,120.0,2.0,Matches,,,,,,,,,,,,,,,,,,,,,,,,,
2017-2018,SeriaA,Genoa,Davide Biraschi,it ITA,DF,23.0,20.0,33.0,25.0,13.0,19.0,1.0,18.0,25.0,72.0,7.0,19.0,10.0,9.0,38.0,71.0,78.0,0.0,Matches,,,,,,,,,,,,,,,,,,,,,,,,,
2017-2018,SeriaA,Genoa,Luca Rigoni,it ITA,MF,32.0,17.5,32.0,22.0,11.0,20.0,1.0,7.0,35.0,20.0,28.0,24.0,2.0,22.0,19.0,51.0,13.0,0.0,Matches,,,,,,,,,,,,,,,,,,,,,,,,,
2017-2018,SeriaA,Genoa,Adel Taarabt,ma MAR,"FW,MF",28.0,17.9,18.0,11.0,5.0,11.0,2.0,7.0,16.0,43.8,9.0,13.0,3.0,10.0,12.0,30.0,7.0,0.0,Matches,,,,,,,,,,,,,,,,,,,,,,,,,
2017-2018,SeriaA,Genoa,Armando Izzo,it ITA,DF,25.0,15.4,30.0,23.0,14.0,10.0,6.0,12.0,18.0,66.7,6.0,15.0,6.0,9.0,34.0,64.0,70.0,0.0,Matches,,,,,,,,,,,,,,,,,,,,,,,,,
2017-2018,SeriaA,Genoa,Oscar Hiljemark,se SWE,MF,25.0,14.2,12.0,8.0,2.0,8.0,2.0,3.0,24.0,12.5,21.0,14.0,4.0,10.0,9.0,21.0,12.0,0.0,Matches,,,,,,,,,,,,,,,,,,,,,,,,,
2017-2018,SeriaA,Genoa,Gianluca Lapadula,pe PER,FW,27.0,16.6,8.0,5.0,4.0,4.0,0.0,1.0,11.0,9.1,10.0,7.0,1.0,6.0,3.0,11.0,8.0,0.0,Matches,,,,,,,,,,,,,,,,,,,,,,,,,
2017-2018,SeriaA,Genoa,Darko Lazović,rs SRB,"DF,MF",26.0,13.8,19.0,12.0,16.0,2.0,1.0,9.0,18.0,50.0,9.0,8.0,0.0,8.0,13.0,32.0,12.0,0.0,Matches,,,,,,,,,,,,,,,,,,,,,,,,,
2017-2018,SeriaA,Genoa,Andrey Galabinov,bg BUL,FW,28.0,12.5,7.0,5.0,0.0,5.0,2.0,0.0,5.0,0.0,5.0,17.0,1.0,16.0,2.0,9.0,11.0,0.0,Matches,,,,,,,,,,,,,,,,,,,,,,,,,
2017-2018,SeriaA,Genoa,Iuri Medeiros,pt POR,"FW,MF",23.0,7.1,6.0,4.0,3.0,2.0,1.0,4.0,8.0,50.0,4.0,3.0,1.0,2.0,2.0,8.0,3.0,0.0,Matches,,,,,,,,,,,,,,,,,,,,,,,,,
2017-2018,SeriaA,Genoa,Stephane Omeonga,be BEL,"MF,DF",21.0,8.9,25.0,15.0,16.0,8.0,1.0,7.0,18.0,38.9,11.0,20.0,1.0,19.0,5.0,30.0,6.0,0.0,Matches,,,,,,,,,,,,,,,,,,,,,,,,,
2017-2018,SeriaA,Genoa,Isaac Cofie,gh GHA,MF,25.0,6.6,13.0,10.0,3.0,9.0,1.0,7.0,15.0,46.7,8.0,9.0,3.0,6.0,10.0,23.0,7.0,0.0,Matches,,,,,,,,,,,,,,,,,,,,,,,,,
2017-2018,SeriaA,Genoa,Daniel Bessa,it ITA,MF,24.0,4.9,6.0,6.0,2.0,2.0,2.0,0.0,1.0,0.0,1.0,7.0,0.0,7.0,3.0,9.0,6.0,0.0,Matches,,,,,,,,,,,,,,,,,,,,,,,,,
2017-2018,SeriaA,Genoa,Pedro Pereira,pt POR,DF,19.0,4.2,5.0,4.0,2.0,1.0,2.0,3.0,5.0,60.0,2.0,5.0,2.0,3.0,5.0,10.0,15.0,0.0,Matches,,,,,,,,,,,,,,,,,,,,,,,,,
2017-2018,SeriaA,Genoa,Jawad El Yamiq,ma MAR,DF,25.0,4.0,8.0,5.0,7.0,1.0,0.0,6.0,8.0,75.0,2.0,11.0,5.0,6.0,5.0,13.0,22.0,1.0,Matches,,,,,,,,,,,,,,,,,,,,,,,,,
2017-2018,SeriaA,Genoa,Francesco Migliore,it ITA,DF,29.0,3.7,5.0,5.0,4.0,1.0,0.0,2.0,6.0,33.3,4.0,1.0,0.0,1.0,3.0,8.0,9.0,1.0,Matches,,,,,,,,,,,,,,,,,,,,,,,,,
2017-2018,SeriaA,Genoa,Santiago Gentiletti,ar ARG,DF,32.0,3.2,4.0,3.0,4.0,0.0,0.0,1.0,6.0,16.7,5.0,1.0,0.0,1.0,3.0,7.0,11.0,1.0,Matches,,,,,,,,,,,,,,,,,,,,,,,,,
2017-2018,SeriaA,Genoa,Pietro Pellegri,it ITA,FW,16.0,3.1,1.0,0.0,0.0,0.0,1.0,0.0,5.0,0.0,5.0,3.0,0.0,3.0,2.0,3.0,1.0,0.0,Matches,,,,,,,,,,,,,,,,,,,,,,,,,
2017-2018,SeriaA,Genoa,Petar Brlek,hr CRO,MF,23.0,2.6,9.0,7.0,4.0,5.0,0.0,3.0,7.0,42.9,4.0,0.0,0.0,0.0,1.0,10.0,3.0,0.0,Matches,,,,,,,,,,,,,,,,,,,,,,,,,
2017-2018,SeriaA,Genoa,Raffaele Palladino,it ITA,"MF,FW",33.0,2.6,1.0,1.0,1.0,0.0,0.0,0.0,1.0,0.0,1.0,0.0,0.0,0.0,1.0,2.0,0.0,0.0,Matches,,,,,,,,,,,,,,,,,,,,,,,,,
2017-2018,SeriaA,Genoa,Federico Ricci,it ITA,MF,23.0,2.4,2.0,2.0,2.0,0.0,0.0,1.0,3.0,33.3,2.0,2.0,0.0,2.0,1.0,3.0,1.0,0.0,Matches,,,,,,,,,,,,,,,,,,,,,,,,,
2017-2018,SeriaA,Genoa,Giuseppe Rossi,it ITA,"FW,MF",30.0,2.9,1.0,1.0,0.0,1.0,0.0,0.0,3.0,0.0,3.0,2.0,0.0,2.0,1.0,2.0,1.0,0.0,Matches,,,,,,,,,,,,,,,,,,,,,,,,,
2017-2018,SeriaA,Genoa,Eugenio Lamanna,it ITA,GK,27.0,1.0,0.0,0.0,0.0,0.0,0.0,0.0,0.0,,0.0,0.0,0.0,0.0,0.0,0.0,1.0,0.0,Matches,,,,,,,,,,,,,,,,,,,,,,,,,
2017-2018,SeriaA,Genoa,Ricardo Centurión,ar ARG,"MF,FW",24.0,0.6,0.0,0.0,0.0,0.0,0.0,0.0,0.0,,0.0,0.0,0.0,0.0,0.0,0.0,0.0,0.0,Matches,,,,,,,,,,,,,,,,,,,,,,,,,
2017-2018,SeriaA,Genoa,Eddie Salcedo,it ITA,FW,15.0,0.4,0.0,0.0,0.0,0.0,0.0,0.0,0.0,,0.0,0.0,0.0,0.0,0.0,0.0,0.0,0.0,Matches,,,,,,,,,,,,,,,,,,,,,,,,,
2017-2018,SeriaA,Genoa,Squad Total,,,27.9,38.0,551.0,395.0,281.0,223.0,47.0,191.0,524.0,36.5,333.0,412.0,119.0,293.0,394.0,945.0,950.0,11.0,,,,,,,,,,,,,,,,,,,,,,,,,,
2017-2018,SeriaA,Genoa,Opponent Total,,,26.9,38.0,559.0,388.0,283.0,221.0,55.0,176.0,507.0,34.7,331.0,400.0,102.0,298.0,394.0,953.0,1003.0,9.0,,,,,,,,,,,,,,,,,,,,,,,,,,
2017-2018,SeriaA,Chievo,Stefano Sorrentino,it ITA,GK,38.0,38.0,0.0,0.0,0.0,0.0,0.0,0.0,0.0,,0.0,0.0,0.0,0.0,0.0,0.0,23.0,3.0,Matches,,,,,,,,,,,,,,,,,,,,,,,,,
2017-2018,SeriaA,Chievo,Ivan Radovanović,rs SRB,MF,28.0,34.9,55.0,35.0,30.0,22.0,3.0,18.0,48.0,37.5,30.0,39.0,16.0,23.0,47.0,102.0,107.0,1.0,Matches,,,,,,,,,,,,,,,,,,,,,,,,,
2017-2018,SeriaA,Chievo,Roberto Inglese,it ITA,FW,25.0,30.9,31.0,21.0,13.0,9.0,9.0,7.0,30.0,23.3,23.0,21.0,2.0,19.0,8.0,39.0,17.0,1.0,Matches,,,,,,,,,,,,,,,,,,,,,,,,,
2017-2018,SeriaA,Chievo,Fabrizio Cacciatore,it ITA,DF,30.0,31.9,34.0,27.0,20.0,9.0,5.0,15.0,30.0,50.0,15.0,33.0,11.0,22.0,38.0,72.0,99.0,3.0,Matches,,,,,,,,,,,,,,,,,,,,,,,,,
2017-2018,SeriaA,Chievo,Valter Birsa,si SVN,"MF,FW",30.0,27.8,28.0,14.0,7.0,18.0,3.0,7.0,54.0,13.0,47.0,22.0,2.0,20.0,24.0,52.0,20.0,1.0,Matches,,,,,,,,,,,,,,,,,,,,,,,,,
2017-2018,SeriaA,Chievo,Përparim Hetemaj,fi FIN,MF,30.0,26.8,74.0,48.0,34.0,25.0,15.0,29.0,78.0,37.2,49.0,39.0,6.0,33.0,39.0,113.0,47.0,1.0,Matches,,,,,,,,,,,,,,,,,,,,,,,,,
2017-2018,SeriaA,Chievo,Nenad Tomović,rs SRB,DF,29.0,25.6,23.0,17.0,17.0,6.0,0.0,10.0,17.0,58.8,7.0,29.0,21.0,8.0,50.0,73.0,146.0,0.0,Matches,,,,,,,,,,,,,,,,,,,,,,,,,
2017-2018,SeriaA,Chievo,Massimo Gobbi,it ITA,DF,36.0,22.8,24.0,18.0,13.0,9.0,2.0,11.0,26.0,42.3,15.0,20.0,5.0,15.0,22.0,46.0,90.0,1.0,Matches,,,,,,,,,,,,,,,,,,,,,,,,,
2017-2018,SeriaA,Chievo,Lucas Castro,ar ARG,MF,28.0,22.1,54.0,40.0,14.0,29.0,11.0,16.0,43.0,37.2,27.0,39.0,7.0,32.0,38.0,92.0,35.0,0.0,Matches,,,,,,,,,,,,,,,,,,,,,,,,,
2017-2018,SeriaA,Chievo,Alessandro Gamberini,it ITA,DF,35.0,20.2,13.0,8.0,11.0,2.0,0.0,8.0,12.0,66.7,4.0,32.0,25.0,7.0,16.0,29.0,117.0,1.0,Matches,,,,,,,,,,,,,,,,,,,,,,,,,
2017-2018,SeriaA,Chievo,Dario Dainelli,it ITA,DF,38.0,16.7,19.0,14.0,14.0,4.0,1.0,10.0,21.0,47.6,11.0,27.0,22.0,5.0,46.0,65.0,126.0,0.0,Matches,,,,,,,,,,,,,,,,,,,,,,,,,
2017-2018,SeriaA,Chievo,Manuel Pucciarelli,it ITA,"FW,MF",26.0,15.3,23.0,14.0,3.0,11.0,9.0,8.0,21.0,38.1,13.0,15.0,0.0,15.0,7.0,30.0,4.0,0.0,Matches,,,,,,,,,,,,,,,,,,,,,,,,,
2017-2018,SeriaA,Chievo,Samuel Bastien,cd COD,MF,20.0,15.1,17.0,13.0,7.0,8.0,2.0,7.0,23.0,30.4,16.0,23.0,2.0,21.0,18.0,35.0,25.0,0.0,Matches,,,,,,,,,,,,,,,,,,,,,,,,,
2017-2018,SeriaA,Chievo,Mattia Bani,it ITA,DF,23.0,14.6,28.0,20.0,22.0,6.0,0.0,11.0,26.0,42.3,15.0,19.0,10.0,9.0,27.0,55.0,111.0,0.0,Matches,,,,,,,,,,,,,,,,,,,,,,,,,
2017-2018,SeriaA,Chievo,Fabio Depaoli,it ITA,"DF,MF",20.0,13.2,31.0,22.0,21.0,7.0,3.0,21.0,40.0,52.5,19.0,27.0,10.0,17.0,15.0,46.0,42.0,0.0,Matches,,,,,,,,,,,,,,,,,,,,,,,,,
2017-2018,SeriaA,Chievo,Nicola Rigoni,it ITA,MF,26.0,10.4,29.0,20.0,15.0,12.0,2.0,9.0,26.0,34.6,17.0,8.0,3.0,5.0,11.0,40.0,22.0,1.0,Matches,,,,,,,,,,,,,,,,,,,,,,,,,
2017-2018,SeriaA,Chievo,Emanuele Giaccherini,it ITA,"MF,FW",32.0,10.0,7.0,4.0,4.0,2.0,1.0,5.0,25.0,20.0,20.0,9.0,3.0,6.0,5.0,12.0,6.0,0.0,Matches,,,,,,,,,,,,,,,,,,,,,,,,,
2017-2018,SeriaA,Chievo,Riccardo Meggiorini,it ITA,FW,31.0,8.7,9.0,6.0,3.0,6.0,0.0,1.0,6.0,16.7,5.0,12.0,3.0,9.0,2.0,11.0,9.0,0.0,Matches,,,,,,,,,,,,,,,,,,,,,,,,,
2017-2018,SeriaA,Chievo,Paweł Jaroszyński,pl POL,DF,22.0,9.0,20.0,12.0,14.0,5.0,1.0,9.0,18.0,50.0,9.0,11.0,4.0,7.0,21.0,41.0,40.0,1.0,Matches,,,,,,,,,,,,,,,,,,,,,,,,,
2017-2018,SeriaA,Chievo,Mariusz Stępiński,pl POL,FW,22.0,7.9,9.0,5.0,4.0,4.0,1.0,2.0,10.0,20.0,8.0,5.0,1.0,4.0,4.0,13.0,5.0,0.0,Matches,,,,,,,,,,,,,,,,,,,,,,,,,
2017-2018,SeriaA,Chievo,Boštjan Cesar,si SVN,DF,35.0,6.1,4.0,3.0,3.0,1.0,0.0,3.0,4.0,75.0,1.0,6.0,4.0,2.0,3.0,7.0,40.0,0.0,Matches,,,,,,,,,,,,,,,,,,,,,,,,,
2017-2018,SeriaA,Chievo,Sergio Pellissier,it ITA,FW,38.0,6.2,6.0,2.0,1.0,3.0,2.0,1.0,3.0,33.3,2.0,3.0,0.0,3.0,1.0,7.0,2.0,0.0,Matches,,,,,,,,,,,,,,,,,,,,,,,,,
2017-2018,SeriaA,Chievo,Luca Garritano,it ITA,"MF,FW",23.0,2.1,4.0,3.0,2.0,1.0,1.0,0.0,4.0,0.0,4.0,3.0,1.0,2.0,1.0,5.0,6.0,0.0,Matches,,,,,,,,,,,,,,,,,,,,,,,,,
2017-2018,SeriaA,Chievo,Mehdi Léris,dz ALG,"MF,FW",19.0,0.5,1.0,1.0,1.0,0.0,0.0,0.0,1.0,0.0,1.0,0.0,0.0,0.0,1.0,2.0,0.0,0.0,Matches,,,,,,,,,,,,,,,,,,,,,,,,,
2017-2018,SeriaA,Chievo,Gianluca Gaudino,de GER,MF,20.0,0.2,0.0,0.0,0.0,0.0,0.0,0.0,0.0,,0.0,1.0,0.0,1.0,0.0,0.0,1.0,0.0,Matches,,,,,,,,,,,,,,,,,,,,,,,,,
2017-2018,SeriaA,Chievo,Squad Total,,,30.3,38.0,543.0,367.0,273.0,199.0,71.0,208.0,566.0,36.7,358.0,443.0,158.0,285.0,444.0,987.0,1140.0,14.0,,,,,,,,,,,,,,,,,,,,,,,,,,
2017-2018,SeriaA,Chievo,Opponent Total,,,26.6,38.0,516.0,339.0,244.0,212.0,60.0,174.0,378.0,46.0,204.0,333.0,77.0,256.0,400.0,916.0,1011.0,11.0,,,,,,,,,,,,,,,,,,,,,,,,,,
2017-2018,SeriaA,Udinese,Albano Bizzarri,ar ARG,GK,39.0,32.0,2.0,2.0,2.0,0.0,0.0,2.0,2.0,100.0,0.0,0.0,0.0,0.0,1.0,3.0,12.0,4.0,Matches,,,,,,,,,,,,,,,,,,,,,,,,,
2017-2018,SeriaA,Udinese,Danilo Larangeira,br BRA,DF,33.0,30.8,35.0,21.0,26.0,8.0,1.0,16.0,29.0,55.2,13.0,50.0,38.0,12.0,50.0,85.0,161.0,2.0,Matches,,,,,,,,,,,,,,,,,,,,,,,,,
2017-2018,SeriaA,Udinese,Antonín Barák,cz CZE,MF,22.0,30.1,58.0,38.0,22.0,27.0,9.0,21.0,58.0,36.2,37.0,34.0,2.0,32.0,18.0,76.0,26.0,1.0,Matches,,,,,,,,,,,,,,,,,,,,,,,,,
2017-2018,SeriaA,Udinese,Samir Santos,br BRA,DF,22.0,28.5,55.0,38.0,35.0,17.0,3.0,19.0,38.0,50.0,19.0,33.0,16.0,17.0,75.0,130.0,161.0,1.0,Matches,,,,,,,,,,,,,,,,,,,,,,,,,
2017-2018,SeriaA,Udinese,Jakub Jankto,cz CZE,"MF,FW",21.0,29.5,29.0,18.0,9.0,14.0,6.0,10.0,46.0,21.7,36.0,46.0,8.0,38.0,20.0,49.0,27.0,0.0,Matches,,,,,,,,,,,,,,,,,,,,,,,,,
2017-2018,SeriaA,Udinese,Jens Stryger Larsen,dk DEN,DF,26.0,28.1,36.0,27.0,25.0,10.0,1.0,21.0,39.0,53.8,18.0,35.0,14.0,21.0,31.0,67.0,82.0,2.0,Matches,,,,,,,,,,,,,,,,,,,,,,,,,
2017-2018,SeriaA,Udinese,Bram Nuytinck,nl NED,DF,27.0,26.2,65.0,41.0,40.0,24.0,1.0,25.0,39.0,64.1,14.0,43.0,24.0,19.0,37.0,102.0,124.0,1.0,Matches,,,,,,,,,,,,,,,,,,,,,,,,,
2017-2018,SeriaA,Udinese,Kevin Lasagna,it ITA,FW,24.0,23.7,10.0,7.0,0.0,8.0,2.0,2.0,7.0,28.6,5.0,27.0,4.0,23.0,8.0,18.0,18.0,0.0,Matches,,,,,,,,,,,,,,,,,,,,,,,,,
2017-2018,SeriaA,Udinese,Rodrigo De Paul,ar ARG,"FW,MF",23.0,25.8,31.0,18.0,10.0,17.0,4.0,4.0,32.0,12.5,28.0,34.0,1.0,33.0,16.0,47.0,8.0,0.0,Matches,,,,,,,,,,,,,,,,,,,,,,,,,
2017-2018,SeriaA,Udinese,Seko Fofana,ci CIV,MF,22.0,20.8,20.0,17.0,8.0,12.0,0.0,4.0,20.0,20.0,16.0,17.0,3.0,14.0,27.0,47.0,26.0,1.0,Matches,,,,,,,,,,,,,,,,,,,,,,,,,
2017-2018,SeriaA,Udinese,Maxi López,ar ARG,FW,33.0,18.7,12.0,8.0,2.0,7.0,3.0,0.0,4.0,0.0,4.0,8.0,2.0,6.0,2.0,14.0,18.0,0.0,Matches,,,,,,,,,,,,,,,,,,,,,,,,,
2017-2018,SeriaA,Udinese,Ali Adnan Kadhim,iq IRQ,"DF,FW",23.0,18.6,54.0,35.0,35.0,14.0,5.0,29.0,50.0,58.0,21.0,31.0,6.0,25.0,41.0,95.0,90.0,0.0,Matches,,,,,,,,,,,,,,,,,,,,,,,,,
2017-2018,SeriaA,Udinese,Silvan Widmer,ch SUI,"DF,FW",24.0,18.1,45.0,32.0,30.0,15.0,0.0,22.0,40.0,55.0,18.0,22.0,5.0,17.0,28.0,73.0,59.0,0.0,Matches,,,,,,,,,,,,,,,,,,,,,,,,,
2017-2018,SeriaA,Udinese,Valon Behrami,ch SUI,MF,32.0,15.5,63.0,46.0,30.0,27.0,6.0,8.0,44.0,18.2,36.0,47.0,15.0,32.0,22.0,85.0,19.0,0.0,Matches,,,,,,,,,,,,,,,,,,,,,,,,,
2017-2018,SeriaA,Udinese,Andrija Balić,hr CRO,MF,19.0,12.0,18.0,9.0,5.0,12.0,1.0,8.0,27.0,29.6,19.0,6.0,3.0,3.0,16.0,34.0,13.0,0.0,Matches,,,,,,,,,,,,,,,,,,,,,,,,,
2017-2018,SeriaA,Udinese,Giuseppe Pezzella,it ITA,"DF,FW",19.0,10.0,19.0,11.0,10.0,4.0,5.0,7.0,19.0,36.8,12.0,8.0,1.0,7.0,6.0,25.0,32.0,0.0,Matches,,,,,,,,,,,,,,,,,,,,,,,,,
2017-2018,SeriaA,Udinese,Stipe Perica,hr CRO,FW,22.0,10.5,8.0,5.0,2.0,5.0,1.0,2.0,13.0,15.4,11.0,7.0,1.0,6.0,3.0,11.0,9.0,0.0,Matches,,,,,,,,,,,,,,,,,,,,,,,,,
2017-2018,SeriaA,Udinese,Gabriele Angella,it ITA,DF,28.0,9.9,15.0,13.0,11.0,3.0,1.0,8.0,11.0,72.7,3.0,11.0,9.0,2.0,21.0,36.0,66.0,0.0,Matches,,,,,,,,,,,,,,,,,,,,,,,,,
2017-2018,SeriaA,Udinese,Emil Hallfreðsson,is ISL,MF,33.0,8.5,19.0,14.0,9.0,7.0,3.0,7.0,24.0,29.2,17.0,13.0,2.0,11.0,20.0,39.0,16.0,0.0,Matches,,,,,,,,,,,,,,,,,,,,,,,,,
2017-2018,SeriaA,Udinese,Simone Scuffet,it ITA,GK,21.0,6.0,0.0,0.0,0.0,0.0,0.0,0.0,0.0,,0.0,0.0,0.0,0.0,1.0,1.0,1.0,1.0,Matches,,,,,,,,,,,,,,,,,,,,,,,,,
2017-2018,SeriaA,Udinese,Francesco Zampano,it ITA,DF,23.0,4.6,9.0,7.0,5.0,3.0,1.0,5.0,10.0,50.0,5.0,4.0,0.0,4.0,6.0,15.0,7.0,0.0,Matches,,,,,,,,,,,,,,,,,,,,,,,,,
2017-2018,SeriaA,Udinese,Svante Ingelsson,se SWE,MF,19.0,3.6,9.0,6.0,3.0,3.0,3.0,2.0,10.0,20.0,8.0,4.0,0.0,4.0,6.0,15.0,4.0,0.0,Matches,,,,,,,,,,,,,,,,,,,,,,,,,
2017-2018,SeriaA,Udinese,Cyril Théréau,fr FRA,"FW,MF",34.0,2.0,1.0,1.0,1.0,0.0,0.0,1.0,2.0,50.0,1.0,0.0,0.0,0.0,0.0,1.0,2.0,0.0,Matches,,,,,,,,,,,,,,,,,,,,,,,,,
2017-2018,SeriaA,Udinese,Ryder Matos,br BRA,MF,24.0,1.9,3.0,1.0,1.0,1.0,1.0,1.0,1.0,100.0,0.0,2.0,0.0,2.0,2.0,5.0,3.0,0.0,Matches,,,,,,,,,,,,,,,,,,,,,,,,,
2017-2018,SeriaA,Udinese,Molla Wagué,ml MLI,DF,26.0,0.6,1.0,0.0,0.0,1.0,0.0,0.0,0.0,,0.0,0.0,0.0,0.0,2.0,3.0,5.0,0.0,Matches,,,,,,,,,,,,,,,,,,,,,,,,,
2017-2018,SeriaA,Udinese,Riad Bajić,ba BIH,"FW,MF",23.0,0.9,0.0,0.0,0.0,0.0,0.0,0.0,0.0,,0.0,0.0,0.0,0.0,0.0,0.0,3.0,0.0,Matches,,,,,,,,,,,,,,,,,,,,,,,,,
2017-2018,SeriaA,Udinese,Simone Pontisso,it ITA,MF,20.0,0.1,1.0,0.0,0.0,1.0,0.0,0.0,0.0,,0.0,0.0,0.0,0.0,0.0,1.0,0.0,0.0,Matches,,,,,,,,,,,,,,,,,,,,,,,,,
2017-2018,SeriaA,Udinese,Squad Total,,,26.5,38.0,618.0,415.0,321.0,240.0,57.0,224.0,565.0,39.6,341.0,482.0,154.0,328.0,459.0,1077.0,992.0,13.0,,,,,,,,,,,,,,,,,,,,,,,,,,
2017-2018,SeriaA,Udinese,Opponent Total,,,27.0,38.0,606.0,392.0,272.0,266.0,68.0,230.0,542.0,42.4,312.0,368.0,94.0,274.0,420.0,1026.0,898.0,12.0,,,,,,,,,,,,,,,,,,,,,,,,,,
2017-2018,SeriaA,Bologna,Simone Verdi,it ITA,"FW,MF",25.0,31.4,33.0,24.0,17.0,13.0,3.0,11.0,43.0,25.6,32.0,20.0,1.0,19.0,36.0,69.0,12.0,0.0,Matches,,,,,,,,,,,,,,,,,,,,,,,,,
2017-2018,SeriaA,Bologna,Antonio Mirante,it ITA,GK,34.0,33.0,0.0,0.0,0.0,0.0,0.0,0.0,3.0,0.0,3.0,1.0,0.0,1.0,0.0,0.0,11.0,5.0,Matches,,,,,,,,,,,,,,,,,,,,,,,,,
2017-2018,SeriaA,Bologna,Adam Masina,ma MAR,DF,23.0,31.4,82.0,57.0,49.0,26.0,7.0,36.0,84.0,42.9,48.0,46.0,7.0,39.0,51.0,133.0,127.0,0.0,Matches,,,,,,,,,,,,,,,,,,,,,,,,,
2017-2018,SeriaA,Bologna,Andrea Poli,it ITA,MF,27.0,28.3,66.0,53.0,33.0,27.0,6.0,18.0,64.0,28.1,46.0,55.0,3.0,52.0,43.0,109.0,27.0,0.0,Matches,,,,,,,,,,,,,,,,,,,,,,,,,
2017-2018,SeriaA,Bologna,Erick Pulgar,cl CHI,MF,23.0,30.8,70.0,48.0,41.0,29.0,0.0,24.0,75.0,32.0,51.0,49.0,13.0,36.0,46.0,116.0,83.0,1.0,Matches,,,,,,,,,,,,,,,,,,,,,,,,,
2017-2018,SeriaA,Bologna,Filip Helander,se SWE,DF,24.0,27.8,48.0,32.0,33.0,15.0,0.0,15.0,29.0,51.7,14.0,47.0,25.0,22.0,37.0,85.0,160.0,2.0,Matches,,,,,,,,,,,,,,,,,,,,,,,,,
2017-2018,SeriaA,Bologna,Rodrigo Palacio,ar ARG,"FW,MF",35.0,22.9,25.0,18.0,6.0,12.0,7.0,10.0,28.0,35.7,18.0,16.0,2.0,14.0,12.0,37.0,14.0,0.0,Matches,,,,,,,,,,,,,,,,,,,,,,,,,
2017-2018,SeriaA,Bologna,Sebastien De Maio,fr FRA,DF,30.0,22.8,26.0,17.0,15.0,11.0,0.0,10.0,25.0,40.0,15.0,35.0,18.0,17.0,36.0,62.0,147.0,0.0,Matches,,,,,,,,,,,,,,,,,,,,,,,,,
2017-2018,SeriaA,Bologna,Giancarlo González,cr CRC,DF,29.0,20.6,20.0,15.0,14.0,5.0,1.0,9.0,13.0,69.2,4.0,26.0,18.0,8.0,33.0,53.0,152.0,1.0,Matches,,,,,,,,,,,,,,,,,,,,,,,,,
2017-2018,SeriaA,Bologna,Godfred Donsah,gh GHA,MF,21.0,19.9,29.0,20.0,11.0,14.0,4.0,10.0,17.0,58.8,7.0,25.0,0.0,25.0,22.0,51.0,43.0,0.0,Matches,,,,,,,,,,,,,,,,,,,,,,,,,
2017-2018,SeriaA,Bologna,Federico Di Francesco,it ITA,"FW,DF",23.0,17.7,26.0,13.0,14.0,8.0,4.0,5.0,20.0,25.0,15.0,24.0,2.0,22.0,16.0,42.0,25.0,0.0,Matches,,,,,,,,,,,,,,,,,,,,,,,,,
2017-2018,SeriaA,Bologna,Mattia Destro,it ITA,FW,26.0,18.0,15.0,13.0,4.0,9.0,2.0,3.0,11.0,27.3,8.0,10.0,1.0,9.0,5.0,20.0,26.0,0.0,Matches,,,,,,,,,,,,,,,,,,,,,,,,,
2017-2018,SeriaA,Bologna,Ibrahima Mbaye,sn SEN,DF,22.0,19.6,59.0,34.0,40.0,17.0,2.0,25.0,36.0,69.4,11.0,25.0,6.0,19.0,28.0,87.0,95.0,0.0,Matches,,,,,,,,,,,,,,,,,,,,,,,,,
2017-2018,SeriaA,Bologna,Blerim Džemaili,ch SUI,"MF,FW",31.0,13.3,27.0,19.0,11.0,15.0,1.0,9.0,27.0,33.3,18.0,15.0,4.0,11.0,18.0,45.0,11.0,0.0,Matches,,,,,,,,,,,,,,,,,,,,,,,,,
2017-2018,SeriaA,Bologna,Emil Krafth,se SWE,DF,22.0,10.5,23.0,16.0,14.0,8.0,1.0,10.0,19.0,52.6,9.0,12.0,4.0,8.0,16.0,39.0,39.0,1.0,Matches,,,,,,,,,,,,,,,,,,,,,,,,,
2017-2018,SeriaA,Bologna,Vasilis Torosidis,gr GRE,DF,32.0,9.1,8.0,7.0,5.0,2.0,1.0,4.0,9.0,44.4,5.0,8.0,3.0,5.0,15.0,23.0,42.0,0.0,Matches,,,,,,,,,,,,,,,,,,,,,,,,,
2017-2018,SeriaA,Bologna,Ádám Nagy,hu HUN,MF,22.0,7.9,16.0,9.0,6.0,8.0,2.0,7.0,13.0,53.8,6.0,11.0,0.0,11.0,7.0,23.0,5.0,0.0,Matches,,,,,,,,,,,,,,,,,,,,,,,,,
2017-2018,SeriaA,Bologna,Lorenzo Crisetig,it ITA,MF,24.0,6.2,18.0,14.0,8.0,9.0,1.0,7.0,24.0,29.2,17.0,8.0,2.0,6.0,13.0,31.0,16.0,1.0,Matches,,,,,,,,,,,,,,,,,,,,,,,,,
2017-2018,SeriaA,Bologna,Simone Romagnoli,it ITA,DF,27.0,6.2,12.0,9.0,10.0,2.0,0.0,4.0,9.0,44.4,5.0,12.0,8.0,4.0,7.0,19.0,41.0,2.0,Matches,,,,,,,,,,,,,,,,,,,,,,,,,
2017-2018,SeriaA,Bologna,Domenico Maietta,it ITA,DF,34.0,5.2,5.0,4.0,4.0,1.0,0.0,3.0,9.0,33.3,6.0,8.0,6.0,2.0,7.0,12.0,13.0,1.0,Matches,,,,,,,,,,,,,,,,,,,,,,,,,
2017-2018,SeriaA,Bologna,Felipe Avenatti,uy URU,FW,24.0,5.2,6.0,4.0,1.0,5.0,0.0,1.0,2.0,50.0,1.0,7.0,1.0,6.0,1.0,7.0,6.0,0.0,Matches,,,,,,,,,,,,,,,,,,,,,,,,,
2017-2018,SeriaA,Bologna,Angelo da Costa Júnior,br BRA,GK,33.0,4.0,0.0,0.0,0.0,0.0,0.0,0.0,0.0,,0.0,0.0,0.0,0.0,0.0,0.0,2.0,0.0,Matches,,,,,,,,,,,,,,,,,,,,,,,,,
2017-2018,SeriaA,Bologna,Riccardo Orsolini,it ITA,"FW,DF",20.0,3.8,5.0,5.0,4.0,1.0,0.0,1.0,5.0,20.0,4.0,2.0,1.0,1.0,3.0,8.0,4.0,0.0,Matches,,,,,,,,,,,,,,,,,,,,,,,,,
2017-2018,SeriaA,Bologna,Saphir Taïder,dz ALG,MF,25.0,4.3,6.0,2.0,4.0,2.0,0.0,1.0,2.0,50.0,1.0,3.0,2.0,1.0,1.0,7.0,4.0,0.0,Matches,,,,,,,,,,,,,,,,,,,,,,,,,
2017-2018,SeriaA,Bologna,Bruno Petković,hr CRO,"FW,MF",22.0,3.7,7.0,6.0,0.0,5.0,2.0,1.0,1.0,100.0,0.0,3.0,0.0,3.0,4.0,11.0,5.0,0.0,Matches,,,,,,,,,,,,,,,,,,,,,,,,,
2017-2018,SeriaA,Bologna,Ladislav Krejčí,cz CZE,"MF,FW",25.0,4.4,7.0,5.0,1.0,3.0,3.0,1.0,5.0,20.0,4.0,3.0,0.0,3.0,2.0,9.0,3.0,0.0,Matches,,,,,,,,,,,,,,,,,,,,,,,,,
2017-2018,SeriaA,Bologna,Cesar Falletti,uy URU,"MF,FW",24.0,3.6,11.0,7.0,4.0,6.0,1.0,4.0,8.0,50.0,4.0,10.0,0.0,10.0,0.0,11.0,5.0,0.0,Matches,,,,,,,,,,,,,,,,,,,,,,,,,
2017-2018,SeriaA,Bologna,Orji Okwonkwo,ng NGA,"FW,MF",19.0,2.9,9.0,3.0,6.0,3.0,0.0,1.0,4.0,25.0,3.0,2.0,0.0,2.0,1.0,10.0,1.0,0.0,Matches,,,,,,,,,,,,,,,,,,,,,,,,,
2017-2018,SeriaA,Bologna,Cheick Keita,ml MLI,DF,21.0,1.4,2.0,2.0,1.0,1.0,0.0,1.0,3.0,33.3,2.0,5.0,0.0,5.0,2.0,4.0,1.0,0.0,Matches,,,,,,,,,,,,,,,,,,,,,,,,,
2017-2018,SeriaA,Bologna,Antonio Santurro,do DOM,GK,25.0,1.0,0.0,0.0,0.0,0.0,0.0,0.0,0.0,,0.0,0.0,0.0,0.0,0.0,0.0,1.0,0.0,Matches,,,,,,,,,,,,,,,,,,,,,,,,,
2017-2018,SeriaA,Bologna,Squad Total,,,26.8,38.0,661.0,456.0,356.0,257.0,48.0,231.0,588.0,39.3,357.0,488.0,127.0,361.0,462.0,1123.0,1121.0,14.0,,,,,,,,,,,,,,,,,,,,,,,,,,
2017-2018,SeriaA,Bologna,Opponent Total,,,27.1,38.0,616.0,417.0,260.0,265.0,91.0,143.0,470.0,30.4,327.0,423.0,97.0,326.0,464.0,1080.0,830.0,16.0,,,,,,,,,,,,,,,,,,,,,,,,,,
2017-2018,SeriaA,Cagliari,Simone Padoin,it ITA,"DF,MF",33.0,34.5,22.0,18.0,8.0,10.0,4.0,12.0,28.0,42.9,16.0,38.0,14.0,24.0,24.0,46.0,74.0,0.0,Matches,,,,,,,,,,,,,,,,,,,,,,,,,
2017-2018,SeriaA,Cagliari,Nicolò Barella,it ITA,MF,20.0,32.8,92.0,69.0,37.0,43.0,12.0,25.0,78.0,32.1,53.0,48.0,6.0,42.0,45.0,137.0,53.0,0.0,Matches,,,,,,,,,,,,,,,,,,,,,,,,,
2017-2018,SeriaA,Cagliari,Leonardo Pavoletti,it ITA,FW,28.0,30.2,27.0,13.0,5.0,14.0,8.0,2.0,21.0,9.5,19.0,13.0,5.0,8.0,13.0,40.0,28.0,0.0,Matches,,,,,,,,,,,,,,,,,,,,,,,,,
2017-2018,SeriaA,Cagliari,Artur Ioniță,md MDA,MF,26.0,29.7,63.0,45.0,30.0,24.0,9.0,17.0,38.0,44.7,21.0,39.0,7.0,32.0,28.0,91.0,29.0,0.0,Matches,,,,,,,,,,,,,,,,,,,,,,,,,
2017-2018,SeriaA,Cagliari,Alessio Cragno,it ITA,GK,23.0,28.2,0.0,0.0,0.0,0.0,0.0,0.0,0.0,,0.0,1.0,0.0,1.0,0.0,0.0,12.0,0.0,Matches,,,,,,,,,,,,,,,,,,,,,,,,,
2017-2018,SeriaA,Cagliari,Luca Ceppitelli,it ITA,DF,27.0,24.7,45.0,33.0,31.0,12.0,2.0,16.0,34.0,47.1,18.0,33.0,21.0,12.0,50.0,95.0,156.0,0.0,Matches,,,,,,,,,,,,,,,,,,,,,,,,,
2017-2018,SeriaA,Cagliari,Paolo Faragò,it ITA,DF,24.0,27.3,92.0,67.0,53.0,24.0,15.0,24.0,60.0,40.0,36.0,41.0,5.0,36.0,23.0,115.0,76.0,0.0,Matches,,,,,,,,,,,,,,,,,,,,,,,,,
2017-2018,SeriaA,Cagliari,Luca Cigarini,it ITA,MF,31.0,22.5,42.0,30.0,16.0,25.0,1.0,18.0,64.0,28.1,46.0,32.0,5.0,27.0,42.0,84.0,27.0,1.0,Matches,,,,,,,,,,,,,,,,,,,,,,,,,
2017-2018,SeriaA,Cagliari,Fabio Pisacane,it ITA,DF,31.0,21.4,52.0,39.0,36.0,13.0,3.0,15.0,41.0,36.6,26.0,29.0,16.0,13.0,38.0,90.0,105.0,1.0,Matches,,,,,,,,,,,,,,,,,,,,,,,,,
2017-2018,SeriaA,Cagliari,Filippo Romagna,it ITA,DF,20.0,21.0,33.0,18.0,20.0,12.0,1.0,16.0,26.0,61.5,10.0,20.0,11.0,9.0,33.0,66.0,96.0,0.0,Matches,,,,,,,,,,,,,,,,,,,,,,,,,
2017-2018,SeriaA,Cagliari,Marco Andreolli,it ITA,DF,31.0,20.3,25.0,17.0,20.0,4.0,1.0,12.0,20.0,60.0,8.0,24.0,17.0,7.0,30.0,55.0,139.0,0.0,Matches,,,,,,,,,,,,,,,,,,,,,,,,,
2017-2018,SeriaA,Cagliari,João Pedro,it ITA,"MF,FW",25.0,18.4,15.0,9.0,4.0,9.0,2.0,0.0,12.0,0.0,12.0,9.0,1.0,8.0,11.0,26.0,24.0,0.0,Matches,,,,,,,,,,,,,,,,,,,,,,,,,
2017-2018,SeriaA,Cagliari,Marco Sau,it ITA,"FW,MF",29.0,14.6,9.0,6.0,2.0,4.0,3.0,1.0,17.0,5.9,16.0,10.0,0.0,10.0,9.0,18.0,1.0,0.0,Matches,,,,,,,,,,,,,,,,,,,,,,,,,
2017-2018,SeriaA,Cagliari,Diego Farias,br BRA,"FW,MF",27.0,17.9,21.0,15.0,3.0,9.0,9.0,6.0,24.0,25.0,18.0,17.0,0.0,17.0,8.0,29.0,6.0,0.0,Matches,,,,,,,,,,,,,,,,,,,,,,,,,
2017-2018,SeriaA,Cagliari,Leandro Castán,br BRA,DF,30.0,12.7,24.0,15.0,16.0,8.0,0.0,15.0,20.0,75.0,5.0,16.0,10.0,6.0,23.0,47.0,48.0,1.0,Matches,,,,,,,,,,,,,,,,,,,,,,,,,
2017-2018,SeriaA,Cagliari,Senna Miangue,be BEL,"DF,FW",20.0,8.9,7.0,5.0,4.0,2.0,1.0,3.0,7.0,42.9,4.0,8.0,1.0,7.0,7.0,14.0,35.0,0.0,Matches,,,,,,,,,,,,,,,,,,,,,,,,,
2017-2018,SeriaA,Cagliari,Rafael,br BRA,GK,35.0,8.8,0.0,0.0,0.0,0.0,0.0,0.0,0.0,,0.0,0.0,0.0,0.0,1.0,1.0,9.0,0.0,Matches,,,,,,,,,,,,,,,,,,,,,,,,,
2017-2018,SeriaA,Cagliari,Charalambos Lykogiannis,gr GRE,DF,23.0,7.6,16.0,12.0,9.0,5.0,2.0,11.0,18.0,61.1,7.0,12.0,3.0,9.0,15.0,31.0,28.0,0.0,Matches,,,,,,,,,,,,,,,,,,,,,,,,,
2017-2018,SeriaA,Cagliari,Marco Capuano,it ITA,DF,25.0,7.7,13.0,9.0,6.0,7.0,0.0,4.0,8.0,50.0,4.0,7.0,2.0,5.0,6.0,19.0,23.0,1.0,Matches,,,,,,,,,,,,,,,,,,,,,,,,,
2017-2018,SeriaA,Cagliari,Daniele Dessena,it ITA,"MF,DF",30.0,6.4,18.0,10.0,12.0,5.0,1.0,6.0,12.0,50.0,6.0,7.0,1.0,6.0,6.0,24.0,17.0,0.0,Matches,,,,,,,,,,,,,,,,,,,,,,,,,
2017-2018,SeriaA,Cagliari,Alessandro Deiola,it ITA,MF,21.0,5.0,9.0,7.0,5.0,3.0,1.0,6.0,13.0,46.2,7.0,8.0,0.0,8.0,4.0,13.0,12.0,0.0,Matches,,,,,,,,,,,,,,,,,,,,,,,,,
2017-2018,SeriaA,Cagliari,Niccolò Giannetti,it ITA,"FW,DF",26.0,3.3,5.0,4.0,2.0,3.0,0.0,2.0,6.0,33.3,4.0,1.0,0.0,1.0,1.0,6.0,3.0,0.0,Matches,,,,,,,,,,,,,,,,,,,,,,,,,
2017-2018,SeriaA,Cagliari,Gregory van der Wiel,nl NED,DF,29.0,3.2,5.0,3.0,4.0,1.0,0.0,3.0,5.0,60.0,2.0,1.0,0.0,1.0,10.0,15.0,12.0,0.0,Matches,,,,,,,,,,,,,,,,,,,,,,,,,
2017-2018,SeriaA,Cagliari,Han Kwang-song,kp PRK,FW,18.0,3.1,1.0,1.0,0.0,0.0,1.0,0.0,4.0,0.0,4.0,4.0,0.0,4.0,0.0,1.0,0.0,0.0,Matches,,,,,,,,,,,,,,,,,,,,,,,,,
2017-2018,SeriaA,Cagliari,Andrea Cossu,it ITA,"MF,FW",37.0,2.7,1.0,0.0,0.0,0.0,1.0,0.0,2.0,0.0,2.0,2.0,0.0,2.0,3.0,4.0,2.0,0.0,Matches,,,,,,,,,,,,,,,,,,,,,,,,,
2017-2018,SeriaA,Cagliari,Damir Ceter,co COL,FW,19.0,2.2,2.0,1.0,0.0,2.0,0.0,0.0,0.0,,0.0,3.0,0.0,3.0,0.0,2.0,1.0,0.0,Matches,,,,,,,,,,,,,,,,,,,,,,,,,
2017-2018,SeriaA,Cagliari,Duje Čop,hr CRO,"FW,MF",27.0,1.1,1.0,1.0,0.0,0.0,1.0,0.0,1.0,0.0,1.0,1.0,0.0,1.0,0.0,1.0,0.0,0.0,Matches,,,,,,,,,,,,,,,,,,,,,,,,,
2017-2018,SeriaA,Cagliari,Luca Crosta,it ITA,GK,19.0,1.0,0.0,0.0,0.0,0.0,0.0,0.0,0.0,,0.0,0.0,0.0,0.0,0.0,0.0,1.0,0.0,Matches,,,,,,,,,,,,,,,,,,,,,,,,,
2017-2018,SeriaA,Cagliari,Fabrizio Caligara,it ITA,MF,17.0,0.2,0.0,0.0,0.0,0.0,0.0,0.0,0.0,,0.0,1.0,1.0,0.0,1.0,1.0,1.0,0.0,Matches,,,,,,,,,,,,,,,,,,,,,,,,,
2017-2018,SeriaA,Cagliari,Squad Total,,,27.1,38.0,640.0,447.0,323.0,239.0,78.0,214.0,559.0,38.3,345.0,425.0,126.0,299.0,431.0,1071.0,1018.0,4.0,,,,,,,,,,,,,,,,,,,,,,,,,,
2017-2018,SeriaA,Cagliari,Opponent Total,,,27.1,38.0,521.0,357.0,233.0,228.0,60.0,171.0,409.0,41.8,238.0,372.0,97.0,275.0,401.0,922.0,1056.0,16.0,,,,,,,,,,,,,,,,,,,,,,,,,,
2017-2018,SeriaA,SPAL,Manuel Lazzari,it ITA,DF,23.0,34.6,61.0,47.0,33.0,21.0,7.0,27.0,62.0,43.5,35.0,32.0,7.0,25.0,31.0,92.0,73.0,2.0,Matches,,,,,,,,,,,,,,,,,,,,,,,,,
2017-2018,SeriaA,SPAL,Francesco Vicari,it ITA,DF,22.0,31.7,38.0,22.0,25.0,13.0,0.0,21.0,39.0,53.8,18.0,33.0,27.0,6.0,45.0,83.0,210.0,1.0,Matches,,,,,,,,,,,,,,,,,,,,,,,,,
2017-2018,SeriaA,SPAL,Felipe dal Belo,br BRA,DF,33.0,28.6,51.0,34.0,32.0,16.0,3.0,25.0,49.0,51.0,24.0,42.0,24.0,18.0,48.0,99.0,157.0,1.0,Matches,,,,,,,,,,,,,,,,,,,,,,,,,
2017-2018,SeriaA,SPAL,Federico Viviani,it ITA,MF,25.0,27.6,52.0,36.0,23.0,26.0,3.0,18.0,55.0,32.7,37.0,39.0,9.0,30.0,58.0,110.0,26.0,2.0,Matches,,,,,,,,,,,,,,,,,,,,,,,,,
2017-2018,SeriaA,SPAL,Mirco Antenucci,it ITA,FW,32.0,28.6,16.0,13.0,6.0,8.0,2.0,0.0,21.0,0.0,21.0,14.0,0.0,14.0,11.0,27.0,15.0,0.0,Matches,,,,,,,,,,,,,,,,,,,,,,,,,
2017-2018,SeriaA,SPAL,Alberto Grassi,it ITA,MF,22.0,25.0,44.0,33.0,22.0,12.0,10.0,16.0,35.0,45.7,19.0,27.0,8.0,19.0,47.0,91.0,55.0,0.0,Matches,,,,,,,,,,,,,,,,,,,,,,,,,
2017-2018,SeriaA,SPAL,Alfred Gomis,sn SEN,GK,23.0,25.1,0.0,0.0,0.0,0.0,0.0,0.0,1.0,0.0,1.0,0.0,0.0,0.0,1.0,1.0,10.0,3.0,Matches,,,,,,,,,,,,,,,,,,,,,,,,,
2017-2018,SeriaA,SPAL,Alberto Paloschi,it ITA,FW,27.0,24.3,10.0,7.0,0.0,9.0,1.0,0.0,10.0,0.0,10.0,2.0,1.0,1.0,4.0,14.0,11.0,0.0,Matches,,,,,,,,,,,,,,,,,,,,,,,,,
2017-2018,SeriaA,SPAL,Federico Mattiello,it ITA,DF,22.0,24.5,59.0,40.0,31.0,22.0,6.0,21.0,44.0,47.7,23.0,53.0,15.0,38.0,64.0,123.0,66.0,0.0,Matches,,,,,,,,,,,,,,,,,,,,,,,,,
2017-2018,SeriaA,SPAL,Pasquale Schiattarella,it ITA,MF,30.0,22.1,40.0,31.0,20.0,15.0,5.0,13.0,43.0,30.2,30.0,7.0,2.0,5.0,24.0,64.0,26.0,0.0,Matches,,,,,,,,,,,,,,,,,,,,,,,,,
2017-2018,SeriaA,SPAL,Bartosz Salamon,pl POL,DF,26.0,19.2,28.0,22.0,21.0,7.0,0.0,12.0,21.0,57.1,9.0,24.0,18.0,6.0,58.0,86.0,148.0,0.0,Matches,,,,,,,,,,,,,,,,,,,,,,,,,
2017-2018,SeriaA,SPAL,Jasmin Kurtić,si SVN,"MF,FW",28.0,16.0,28.0,18.0,13.0,11.0,4.0,5.0,21.0,23.8,16.0,13.0,1.0,12.0,17.0,45.0,25.0,0.0,Matches,,,,,,,,,,,,,,,,,,,,,,,,,
2017-2018,SeriaA,SPAL,Thiago Cionek,pl POL,DF,31.0,15.0,28.0,21.0,18.0,6.0,4.0,11.0,20.0,55.0,9.0,19.0,9.0,10.0,35.0,63.0,99.0,0.0,Matches,,,,,,,,,,,,,,,,,,,,,,,,,
2017-2018,SeriaA,SPAL,Filippo Costa,it ITA,DF,22.0,16.4,19.0,12.0,7.0,7.0,5.0,7.0,17.0,41.2,10.0,23.0,6.0,17.0,22.0,41.0,50.0,0.0,Matches,,,,,,,,,,,,,,,,,,,,,,,,,
2017-2018,SeriaA,SPAL,Alex Meret,it ITA,GK,20.0,12.9,0.0,0.0,0.0,0.0,0.0,0.0,1.0,0.0,1.0,0.0,0.0,0.0,0.0,0.0,5.0,0.0,Matches,,,,,,,,,,,,,,,,,,,,,,,,,
2017-2018,SeriaA,SPAL,Luca Mora,it ITA,MF,29.0,10.4,19.0,17.0,6.0,8.0,5.0,5.0,17.0,29.4,12.0,9.0,3.0,6.0,4.0,23.0,20.0,0.0,Matches,,,,,,,,,,,,,,,,,,,,,,,,,
2017-2018,SeriaA,SPAL,Sergio Floccari,it ITA,FW,35.0,9.8,13.0,9.0,7.0,5.0,1.0,6.0,11.0,54.5,5.0,6.0,1.0,5.0,2.0,15.0,6.0,0.0,Matches,,,,,,,,,,,,,,,,,,,,,,,,,
2017-2018,SeriaA,SPAL,Marco Borriello,it ITA,FW,35.0,8.6,4.0,2.0,2.0,1.0,1.0,0.0,1.0,0.0,1.0,1.0,0.0,1.0,1.0,5.0,6.0,0.0,Matches,,,,,,,,,,,,,,,,,,,,,,,,,
2017-2018,SeriaA,SPAL,Everton Luiz,br BRA,MF,29.0,7.1,22.0,16.0,10.0,10.0,2.0,6.0,29.0,20.7,23.0,8.0,1.0,7.0,10.0,32.0,8.0,1.0,Matches,,,,,,,,,,,,,,,,,,,,,,,,,
2017-2018,SeriaA,SPAL,Sauli Väisänen,fi FIN,DF,23.0,6.0,12.0,9.0,9.0,3.0,0.0,6.0,8.0,75.0,2.0,5.0,4.0,1.0,13.0,25.0,26.0,0.0,Matches,,,,,,,,,,,,,,,,,,,,,,,,,
2017-2018,SeriaA,SPAL,Luca Rizzo,it ITA,MF,25.0,5.4,18.0,10.0,7.0,10.0,1.0,5.0,17.0,29.4,12.0,10.0,0.0,10.0,3.0,21.0,5.0,1.0,Matches,,,,,,,,,,,,,,,,,,,,,,,,,
2017-2018,SeriaA,SPAL,Michele Cremonesi,it ITA,DF,29.0,4.3,4.0,2.0,2.0,2.0,0.0,1.0,4.0,25.0,3.0,5.0,3.0,2.0,7.0,11.0,28.0,0.0,Matches,,,,,,,,,,,,,,,,,,,,,,,,,
2017-2018,SeriaA,SPAL,Eros Schiavon,it ITA,"MF,DF",34.0,4.3,6.0,5.0,2.0,3.0,1.0,1.0,7.0,14.3,6.0,6.0,2.0,4.0,2.0,8.0,4.0,0.0,Matches,,,,,,,,,,,,,,,,,,,,,,,,,
2017-2018,SeriaA,SPAL,Lorenco Šimić,hr CRO,DF,21.0,3.5,5.0,3.0,5.0,0.0,0.0,3.0,4.0,75.0,1.0,7.0,4.0,3.0,11.0,16.0,15.0,0.0,Matches,,,,,,,,,,,,,,,,,,,,,,,,,
2017-2018,SeriaA,SPAL,Federico Bonazzoli,it ITA,"FW,DF",20.0,2.0,1.0,0.0,0.0,1.0,0.0,0.0,0.0,,0.0,3.0,0.0,3.0,0.0,1.0,0.0,0.0,Matches,,,,,,,,,,,,,,,,,,,,,,,,,
2017-2018,SeriaA,SPAL,Marios Oikonomou,gr GRE,DF,24.0,1.9,5.0,3.0,4.0,1.0,0.0,0.0,2.0,0.0,2.0,0.0,0.0,0.0,4.0,9.0,12.0,0.0,Matches,,,,,,,,,,,,,,,,,,,,,,,,,
2017-2018,SeriaA,SPAL,Mattia Vitale,it ITA,"MF,FW",19.0,1.1,2.0,1.0,2.0,0.0,0.0,0.0,0.0,,0.0,1.0,0.0,1.0,3.0,5.0,1.0,0.0,Matches,,,,,,,,,,,,,,,,,,,,,,,,,
2017-2018,SeriaA,SPAL,Boukary Dramé,sn SEN,"DF,MF",32.0,1.1,1.0,1.0,1.0,0.0,0.0,0.0,0.0,,0.0,0.0,0.0,0.0,2.0,3.0,4.0,0.0,Matches,,,,,,,,,,,,,,,,,,,,,,,,,
2017-2018,SeriaA,SPAL,Gabriele Marchegiani,it ITA,GK,21.0,0.0,0.0,0.0,0.0,0.0,0.0,0.0,0.0,,0.0,0.0,0.0,0.0,0.0,0.0,0.0,0.0,Matches,,,,,,,,,,,,,,,,,,,,,,,,,
2017-2018,SeriaA,SPAL,Squad Total,,,26.7,38.0,586.0,414.0,308.0,217.0,61.0,209.0,539.0,38.8,330.0,389.0,145.0,244.0,527.0,1113.0,1111.0,11.0,,,,,,,,,,,,,,,,,,,,,,,,,,
2017-2018,SeriaA,SPAL,Opponent Total,,,26.8,38.0,576.0,392.0,262.0,237.0,77.0,217.0,530.0,40.9,313.0,354.0,98.0,256.0,335.0,911.0,827.0,9.0,,,,,,,,,,,,,,,,,,,,,,,,,,
2017-2018,SeriaA,Crotone,Alex Cordaz,it ITA,GK,34.0,38.0,0.0,0.0,0.0,0.0,0.0,0.0,0.0,,0.0,0.0,0.0,0.0,2.0,2.0,16.0,4.0,Matches,,,,,,,,,,,,,,,,,,,,,,,,,
2017-2018,SeriaA,Crotone,Federico Ceccherini,it ITA,DF,25.0,35.9,35.0,21.0,28.0,4.0,3.0,13.0,25.0,52.0,12.0,39.0,21.0,18.0,83.0,118.0,276.0,1.0,Matches,,,,,,,,,,,,,,,,,,,,,,,,,
2017-2018,SeriaA,Crotone,Rolando Mandragora,it ITA,MF,20.0,36.0,91.0,60.0,48.0,34.0,9.0,26.0,69.0,37.7,43.0,41.0,13.0,28.0,86.0,177.0,75.0,0.0,Matches,,,,,,,,,,,,,,,,,,,,,,,,,
2017-2018,SeriaA,Crotone,Andrea Barberis,it ITA,MF,23.0,33.7,80.0,44.0,33.0,42.0,5.0,16.0,68.0,23.5,52.0,52.0,5.0,47.0,58.0,138.0,67.0,1.0,Matches,,,,,,,,,,,,,,,,,,,,,,,,,
2017-2018,SeriaA,Crotone,Bruno Martella,it ITA,DF,24.0,29.1,30.0,21.0,19.0,7.0,4.0,12.0,30.0,40.0,18.0,22.0,9.0,13.0,48.0,78.0,151.0,1.0,Matches,,,,,,,,,,,,,,,,,,,,,,,,,
2017-2018,SeriaA,Crotone,Marcello Trotta,it ITA,FW,24.0,25.1,39.0,21.0,12.0,18.0,9.0,10.0,55.0,18.2,45.0,22.0,2.0,20.0,14.0,53.0,20.0,0.0,Matches,,,,,,,,,,,,,,,,,,,,,,,,,
2017-2018,SeriaA,Crotone,Adrian Stoian,ro ROU,"MF,FW",26.0,23.7,23.0,19.0,12.0,10.0,1.0,11.0,44.0,25.0,33.0,29.0,0.0,29.0,25.0,48.0,26.0,0.0,Matches,,,,,,,,,,,,,,,,,,,,,,,,,
2017-2018,SeriaA,Crotone,Mario Sampirisi,it ITA,DF,24.0,24.4,44.0,32.0,29.0,12.0,3.0,13.0,22.0,59.1,9.0,27.0,14.0,13.0,43.0,87.0,116.0,2.0,Matches,,,,,,,,,,,,,,,,,,,,,,,,,
2017-2018,SeriaA,Crotone,Marcus Rohdén,se SWE,MF,26.0,18.1,33.0,19.0,21.0,10.0,2.0,14.0,50.0,28.0,36.0,14.0,1.0,13.0,18.0,51.0,30.0,0.0,Matches,,,,,,,,,,,,,,,,,,,,,,,,,
2017-2018,SeriaA,Crotone,Andrea Nalini,it ITA,"FW,MF",27.0,18.2,43.0,32.0,22.0,16.0,5.0,16.0,25.0,64.0,9.0,25.0,2.0,23.0,15.0,58.0,19.0,1.0,Matches,,,,,,,,,,,,,,,,,,,,,,,,,
2017-2018,SeriaA,Crotone,Davide Faraoni,it ITA,"DF,MF",25.0,19.5,62.0,39.0,36.0,20.0,6.0,28.0,47.0,59.6,19.0,30.0,8.0,22.0,58.0,120.0,76.0,0.0,Matches,,,,,,,,,,,,,,,,,,,,,,,,,
2017-2018,SeriaA,Crotone,Ante Budimir,hr CRO,FW,26.0,17.6,28.0,20.0,4.0,16.0,8.0,2.0,20.0,10.0,18.0,20.0,3.0,17.0,7.0,35.0,27.0,0.0,Matches,,,,,,,,,,,,,,,,,,,,,,,,,
2017-2018,SeriaA,Crotone,Marco Capuano,it ITA,DF,25.0,15.6,20.0,10.0,14.0,6.0,0.0,5.0,15.0,33.3,10.0,19.0,13.0,6.0,28.0,48.0,93.0,0.0,Matches,,,,,,,,,,,,,,,,,,,,,,,,,
2017-2018,SeriaA,Crotone,Arlind Ajeti,al ALB,DF,23.0,14.1,42.0,23.0,25.0,14.0,3.0,18.0,30.0,60.0,12.0,27.0,15.0,12.0,34.0,76.0,82.0,0.0,Matches,,,,,,,,,,,,,,,,,,,,,,,,,
2017-2018,SeriaA,Crotone,Simeon Nwankwo,ng NGA,FW,25.0,13.5,12.0,9.0,1.0,5.0,6.0,1.0,12.0,8.3,11.0,16.0,3.0,13.0,1.0,13.0,20.0,0.0,Matches,,,,,,,,,,,,,,,,,,,,,,,,,
2017-2018,SeriaA,Crotone,Federico Ricci,it ITA,FW,23.0,10.2,25.0,18.0,9.0,10.0,6.0,9.0,28.0,32.1,19.0,14.0,0.0,14.0,11.0,36.0,5.0,0.0,Matches,,,,,,,,,,,,,,,,,,,,,,,,,
2017-2018,SeriaA,Crotone,Ahmad Benali,ly LBY,MF,25.0,9.0,19.0,10.0,8.0,10.0,1.0,5.0,27.0,18.5,22.0,14.0,1.0,13.0,8.0,27.0,15.0,0.0,Matches,,,,,,,,,,,,,,,,,,,,,,,,,
2017-2018,SeriaA,Crotone,Daniel Pavlović,ba BIH,DF,29.0,8.4,10.0,5.0,9.0,0.0,1.0,5.0,10.0,50.0,5.0,4.0,3.0,1.0,5.0,15.0,22.0,0.0,Matches,,,,,,,,,,,,,,,,,,,,,,,,,
2017-2018,SeriaA,Crotone,Stefan Simić,cz CZE,DF,22.0,6.2,13.0,8.0,11.0,2.0,0.0,10.0,11.0,90.9,1.0,6.0,3.0,3.0,10.0,23.0,44.0,0.0,Matches,,,,,,,,,,,,,,,,,,,,,,,,,
2017-2018,SeriaA,Crotone,Aleksandar Tonev,bg BUL,"FW,MF",27.0,4.5,5.0,3.0,1.0,2.0,2.0,0.0,1.0,0.0,1.0,4.0,1.0,3.0,1.0,6.0,6.0,0.0,Matches,,,,,,,,,,,,,,,,,,,,,,,,,
2017-2018,SeriaA,Crotone,Leandro Cabrera,uy URU,DF,26.0,4.1,8.0,5.0,8.0,0.0,0.0,0.0,3.0,0.0,3.0,5.0,2.0,3.0,6.0,14.0,33.0,0.0,Matches,,,,,,,,,,,,,,,,,,,,,,,,,
2017-2018,SeriaA,Crotone,Giovanni Crociata,it ITA,"MF,FW",19.0,3.2,9.0,6.0,3.0,4.0,2.0,1.0,4.0,25.0,3.0,7.0,0.0,7.0,4.0,13.0,3.0,0.0,Matches,,,,,,,,,,,,,,,,,,,,,,,,,
2017-2018,SeriaA,Crotone,Marco Tumminello,it ITA,FW,18.0,2.3,2.0,2.0,0.0,1.0,1.0,0.0,2.0,0.0,2.0,2.0,0.0,2.0,0.0,2.0,0.0,0.0,Matches,,,,,,,,,,,,,,,,,,,,,,,,,
2017-2018,SeriaA,Crotone,Mariano Julio Izco,ar ARG,MF,34.0,2.0,6.0,4.0,2.0,4.0,0.0,2.0,4.0,50.0,2.0,2.0,0.0,2.0,4.0,10.0,1.0,0.0,Matches,,,,,,,,,,,,,,,,,,,,,,,,,
2017-2018,SeriaA,Crotone,Moussa Diaby,fr FRA,MF,18.0,0.8,1.0,0.0,1.0,0.0,0.0,1.0,4.0,25.0,3.0,1.0,0.0,1.0,1.0,2.0,0.0,0.0,Matches,,,,,,,,,,,,,,,,,,,,,,,,,
2017-2018,SeriaA,Crotone,Oliver Kragl,de GER,MF,27.0,1.1,1.0,0.0,0.0,1.0,0.0,0.0,0.0,,0.0,1.0,0.0,1.0,2.0,3.0,2.0,0.0,Matches,,,,,,,,,,,,,,,,,,,,,,,,,
2017-2018,SeriaA,Crotone,Aristóteles Romero,ve VEN,"MF,FW",21.0,1.0,11.0,7.0,7.0,4.0,0.0,3.0,5.0,60.0,2.0,3.0,0.0,3.0,5.0,16.0,0.0,0.0,Matches,,,,,,,,,,,,,,,,,,,,,,,,,
2017-2018,SeriaA,Crotone,Noë Dussenne,be BEL,FW,25.0,0.9,2.0,0.0,2.0,0.0,0.0,0.0,0.0,,0.0,0.0,0.0,0.0,1.0,3.0,8.0,0.0,Matches,,,,,,,,,,,,,,,,,,,,,,,,,
2017-2018,SeriaA,Crotone,Niccolò Zanellato,it ITA,MF,19.0,0.8,3.0,2.0,0.0,3.0,0.0,1.0,2.0,50.0,1.0,3.0,0.0,3.0,0.0,3.0,0.0,0.0,Matches,,,,,,,,,,,,,,,,,,,,,,,,,
2017-2018,SeriaA,Crotone,Squad Total,,,25.6,38.0,697.0,440.0,365.0,255.0,77.0,222.0,613.0,36.2,391.0,449.0,119.0,330.0,578.0,1275.0,1233.0,10.0,,,,,,,,,,,,,,,,,,,,,,,,,,
2017-2018,SeriaA,Crotone,Opponent Total,,,27.1,38.0,555.0,388.0,248.0,232.0,75.0,167.0,418.0,40.0,251.0,406.0,83.0,323.0,468.0,1023.0,871.0,15.0,,,,,,,,,,,,,,,,,,,,,,,,,,
2017-2018,SeriaA,Hellas Verona,Nícolas Andrade,br BRA,GK,29.0,36.0,2.0,1.0,2.0,0.0,0.0,1.0,4.0,25.0,3.0,2.0,0.0,2.0,2.0,4.0,16.0,7.0,Matches,,,,,,,,,,,,,,,,,,,,,,,,,
2017-2018,SeriaA,Hellas Verona,Rômulo,it ITA,"MF,DF",30.0,35.2,58.0,44.0,23.0,29.0,6.0,13.0,54.0,24.1,41.0,29.0,2.0,27.0,43.0,101.0,41.0,0.0,Matches,,,,,,,,,,,,,,,,,,,,,,,,,
2017-2018,SeriaA,Hellas Verona,Antonio Caracciolo,it ITA,DF,27.0,31.7,52.0,34.0,41.0,8.0,3.0,17.0,30.0,56.7,13.0,64.0,44.0,20.0,39.0,91.0,203.0,0.0,Matches,,,,,,,,,,,,,,,,,,,,,,,,,
2017-2018,SeriaA,Hellas Verona,Mohamed Fares,dz ALG,"DF,MF",21.0,28.9,50.0,33.0,29.0,17.0,4.0,16.0,42.0,38.1,26.0,24.0,5.0,19.0,50.0,100.0,132.0,2.0,Matches,,,,,,,,,,,,,,,,,,,,,,,,,
2017-2018,SeriaA,Hellas Verona,Alex Ferrari,it ITA,DF,23.0,23.7,73.0,54.0,42.0,23.0,8.0,36.0,67.0,53.7,31.0,41.0,15.0,26.0,47.0,120.0,117.0,4.0,Matches,,,,,,,,,,,,,,,,,,,,,,,,,
2017-2018,SeriaA,Hellas Verona,Daniele Verde,it ITA,"FW,MF",21.0,21.7,10.0,9.0,8.0,1.0,1.0,6.0,20.0,30.0,14.0,8.0,0.0,8.0,30.0,40.0,19.0,0.0,Matches,,,,,,,,,,,,,,,,,,,,,,,,,
2017-2018,SeriaA,Hellas Verona,Alessio Cerci,it ITA,FW,30.0,18.2,15.0,10.0,7.0,3.0,5.0,4.0,16.0,25.0,12.0,4.0,0.0,4.0,4.0,19.0,8.0,0.0,Matches,,,,,,,,,,,,,,,,,,,,,,,,,
2017-2018,SeriaA,Hellas Verona,Marcel Büchel,li LIE,MF,26.0,18.8,37.0,21.0,15.0,21.0,1.0,13.0,48.0,27.1,35.0,35.0,6.0,29.0,45.0,82.0,46.0,1.0,Matches,,,,,,,,,,,,,,,,,,,,,,,,,
2017-2018,SeriaA,Hellas Verona,Samuel Souprayen,fr FRA,DF,28.0,17.6,29.0,19.0,25.0,3.0,1.0,12.0,19.0,63.2,7.0,18.0,9.0,9.0,22.0,51.0,67.0,1.0,Matches,,,,,,,,,,,,,,,,,,,,,,,,,
2017-2018,SeriaA,Hellas Verona,Mattia Valoti,it ITA,"MF,FW",23.0,17.5,62.0,41.0,21.0,35.0,6.0,11.0,53.0,20.8,42.0,25.0,3.0,22.0,41.0,103.0,37.0,1.0,Matches,,,,,,,,,,,,,,,,,,,,,,,,,
2017-2018,SeriaA,Hellas Verona,Thomas Heurtaux,fr FRA,DF,29.0,15.5,14.0,11.0,12.0,2.0,0.0,4.0,8.0,50.0,4.0,25.0,16.0,9.0,37.0,51.0,97.0,1.0,Matches,,,,,,,,,,,,,,,,,,,,,,,,,
2017-2018,SeriaA,Hellas Verona,Daniel Bessa,it ITA,"MF,FW",24.0,15.4,26.0,19.0,9.0,15.0,2.0,8.0,29.0,27.6,21.0,12.0,2.0,10.0,14.0,40.0,8.0,1.0,Matches,,,,,,,,,,,,,,,,,,,,,,,,,
2017-2018,SeriaA,Hellas Verona,Jagoš Vuković,rs SRB,DF,29.0,14.8,5.0,4.0,3.0,1.0,1.0,3.0,6.0,50.0,3.0,19.0,14.0,5.0,20.0,25.0,113.0,0.0,Matches,,,,,,,,,,,,,,,,,,,,,,,,,
2017-2018,SeriaA,Hellas Verona,Bruno Zuculini,ar ARG,MF,24.0,13.5,68.0,49.0,37.0,28.0,3.0,20.0,48.0,41.7,28.0,35.0,8.0,27.0,38.0,106.0,31.0,0.0,Matches,,,,,,,,,,,,,,,,,,,,,,,,,
2017-2018,SeriaA,Hellas Verona,Martín Cáceres,uy URU,DF,30.0,12.9,16.0,11.0,14.0,1.0,1.0,7.0,18.0,38.9,11.0,9.0,5.0,4.0,19.0,35.0,41.0,1.0,Matches,,,,,,,,,,,,,,,,,,,,,,,,,
2017-2018,SeriaA,Hellas Verona,Moise Kean,it ITA,FW,17.0,12.6,8.0,5.0,1.0,3.0,4.0,1.0,6.0,16.7,5.0,6.0,0.0,6.0,7.0,15.0,4.0,0.0,Matches,,,,,,,,,,,,,,,,,,,,,,,,,
2017-2018,SeriaA,Hellas Verona,Marco Fossati,it ITA,MF,24.0,12.2,27.0,13.0,11.0,14.0,2.0,11.0,33.0,33.3,22.0,19.0,6.0,13.0,23.0,50.0,31.0,1.0,Matches,,,,,,,,,,,,,,,,,,,,,,,,,
2017-2018,SeriaA,Hellas Verona,Ryder Matos,br BRA,"FW,MF",24.0,10.9,18.0,15.0,11.0,5.0,2.0,4.0,9.0,44.4,5.0,5.0,0.0,5.0,3.0,21.0,9.0,1.0,Matches,,,,,,,,,,,,,,,,,,,,,,,,,
2017-2018,SeriaA,Hellas Verona,Bruno Petković,hr CRO,FW,22.0,10.2,14.0,12.0,3.0,8.0,3.0,6.0,13.0,46.2,7.0,11.0,1.0,10.0,7.0,21.0,12.0,0.0,Matches,,,,,,,,,,,,,,,,,,,,,,,,,
2017-2018,SeriaA,Hellas Verona,Giampaolo Pazzini,it ITA,FW,32.0,11.0,0.0,0.0,0.0,0.0,0.0,0.0,4.0,0.0,4.0,2.0,0.0,2.0,1.0,1.0,13.0,0.0,Matches,,,,,,,,,,,,,,,,,,,,,,,,,
2017-2018,SeriaA,Hellas Verona,Simone Calvano,it ITA,MF,24.0,7.2,13.0,12.0,4.0,9.0,0.0,3.0,16.0,18.8,13.0,10.0,4.0,6.0,15.0,28.0,14.0,1.0,Matches,,,,,,,,,,,,,,,,,,,,,,,,,
2017-2018,SeriaA,Hellas Verona,Rolando Aarons,eng ENG,"MF,FW",21.0,5.7,13.0,8.0,4.0,4.0,5.0,1.0,7.0,14.3,6.0,3.0,1.0,2.0,2.0,15.0,0.0,0.0,Matches,,,,,,,,,,,,,,,,,,,,,,,,,
2017-2018,SeriaA,Hellas Verona,Enrico Bearzotti,it ITA,"DF,FW",20.0,4.6,3.0,2.0,2.0,0.0,1.0,1.0,4.0,25.0,3.0,3.0,1.0,2.0,4.0,7.0,18.0,0.0,Matches,,,,,,,,,,,,,,,,,,,,,,,,,
2017-2018,SeriaA,Hellas Verona,Andrea Danzi,it ITA,MF,18.0,4.4,11.0,6.0,7.0,4.0,0.0,5.0,13.0,38.5,8.0,3.0,0.0,3.0,5.0,16.0,5.0,1.0,Matches,,,,,,,,,,,,,,,,,,,,,,,,,
2017-2018,SeriaA,Hellas Verona,Franco Zuculini,ar ARG,"MF,FW",26.0,3.7,11.0,8.0,5.0,5.0,1.0,5.0,14.0,35.7,9.0,4.0,0.0,4.0,5.0,16.0,6.0,1.0,Matches,,,,,,,,,,,,,,,,,,,,,,,,,
2017-2018,SeriaA,Hellas Verona,Gian Filippo Felicioli,it ITA,"MF,DF",19.0,3.1,13.0,8.0,5.0,5.0,3.0,0.0,4.0,0.0,4.0,0.0,0.0,0.0,5.0,18.0,6.0,0.0,Matches,,,,,,,,,,,,,,,,,,,,,,,,,
2017-2018,SeriaA,Hellas Verona,Marco Silvestri,it ITA,GK,26.0,2.0,0.0,0.0,0.0,0.0,0.0,0.0,0.0,,0.0,0.0,0.0,0.0,1.0,1.0,0.0,0.0,Matches,,,,,,,,,,,,,,,,,,,,,,,,,
2017-2018,SeriaA,Hellas Verona,Mattia Zaccagni,it ITA,"MF,FW",22.0,1.7,7.0,5.0,4.0,0.0,3.0,2.0,3.0,66.7,1.0,0.0,0.0,0.0,5.0,12.0,0.0,0.0,Matches,,,,,,,,,,,,,,,,,,,,,,,,,
2017-2018,SeriaA,Hellas Verona,Lee Seung-woo,kr KOR,"MF,FW",19.0,4.0,3.0,2.0,0.0,1.0,2.0,0.0,6.0,0.0,6.0,1.0,0.0,1.0,2.0,5.0,0.0,0.0,Matches,,,,,,,,,,,,,,,,,,,,,,,,,
2017-2018,SeriaA,Hellas Verona,Matteo Bianchetti,it ITA,DF,24.0,1.4,3.0,1.0,3.0,0.0,0.0,1.0,3.0,33.3,2.0,3.0,2.0,1.0,2.0,5.0,8.0,0.0,Matches,,,,,,,,,,,,,,,,,,,,,,,,,
2017-2018,SeriaA,Hellas Verona,Deian Boldor,ro ROU,DF,22.0,1.0,3.0,2.0,3.0,0.0,0.0,2.0,3.0,66.7,1.0,5.0,2.0,3.0,3.0,6.0,11.0,0.0,Matches,,,,,,,,,,,,,,,,,,,,,,,,,
2017-2018,SeriaA,Hellas Verona,Ľubomír Tupta,sk SVK,"MF,FW",19.0,0.4,0.0,0.0,0.0,0.0,0.0,0.0,3.0,0.0,3.0,0.0,0.0,0.0,0.0,0.0,0.0,0.0,Matches,,,,,,,,,,,,,,,,,,,,,,,,,
2017-2018,SeriaA,Hellas Verona,Squad Total,,,25.9,38.0,664.0,459.0,351.0,245.0,68.0,213.0,603.0,35.3,390.0,425.0,146.0,279.0,541.0,1205.0,1113.0,24.0,,,,,,,,,,,,,,,,,,,,,,,,,,
2017-2018,SeriaA,Hellas Verona,Opponent Total,,,27.1,38.0,630.0,442.0,283.0,277.0,70.0,214.0,584.0,36.6,370.0,368.0,96.0,272.0,404.0,1034.0,804.0,9.0,,,,,,,,,,,,,,,,,,,,,,,,,,
2017-2018,SeriaA,Benevento,Berat Djimsiti,al ALB,DF,24.0,30.0,32.0,17.0,28.0,4.0,0.0,12.0,30.0,40.0,18.0,37.0,23.0,14.0,62.0,94.0,178.0,1.0,Matches,,,,,,,,,,,,,,,,,,,,,,,,,
2017-2018,SeriaA,Benevento,Lorenzo Venuti,it ITA,DF,22.0,26.6,44.0,34.0,26.0,12.0,6.0,16.0,37.0,43.2,21.0,40.0,16.0,24.0,40.0,84.0,105.0,3.0,Matches,,,,,,,,,,,,,,,,,,,,,,,,,
2017-2018,SeriaA,Benevento,Danilo Cataldi,it ITA,MF,22.0,25.4,33.0,25.0,12.0,19.0,2.0,5.0,28.0,17.9,23.0,18.0,5.0,13.0,37.0,70.0,20.0,1.0,Matches,,,,,,,,,,,,,,,,,,,,,,,,,
2017-2018,SeriaA,Benevento,Gaetano Letizia,it ITA,DF,27.0,23.8,36.0,26.0,21.0,14.0,1.0,19.0,49.0,38.8,30.0,24.0,3.0,21.0,33.0,69.0,47.0,3.0,Matches,,,,,,,,,,,,,,,,,,,,,,,,,
2017-2018,SeriaA,Benevento,Nicolas Viola,it ITA,MF,27.0,20.6,37.0,27.0,20.0,14.0,3.0,15.0,39.0,38.5,24.0,29.0,8.0,21.0,24.0,61.0,23.0,2.0,Matches,,,,,,,,,,,,,,,,,,,,,,,,,
2017-2018,SeriaA,Benevento,Andrea Costa,it ITA,DF,31.0,15.3,19.0,14.0,13.0,6.0,0.0,9.0,19.0,47.4,10.0,21.0,15.0,6.0,37.0,56.0,78.0,2.0,Matches,,,,,,,,,,,,,,,,,,,,,,,,,
2017-2018,SeriaA,Benevento,Enrico Brignola,it ITA,"MF,FW",18.0,15.0,28.0,21.0,17.0,10.0,1.0,12.0,38.0,31.6,26.0,13.0,0.0,13.0,6.0,34.0,7.0,0.0,Matches,,,,,,,,,,,,,,,,,,,,,,,,,
2017-2018,SeriaA,Benevento,Ledian Memushaj,al ALB,MF,30.0,14.0,28.0,18.0,11.0,13.0,4.0,7.0,30.0,23.3,23.0,24.0,5.0,19.0,10.0,38.0,10.0,1.0,Matches,,,,,,,,,,,,,,,,,,,,,,,,,
2017-2018,SeriaA,Benevento,Massimo Coda,it ITA,FW,28.0,15.7,12.0,9.0,3.0,4.0,5.0,2.0,13.0,15.4,11.0,7.0,2.0,5.0,6.0,18.0,11.0,0.0,Matches,,,,,,,,,,,,,,,,,,,,,,,,,
2017-2018,SeriaA,Benevento,Christian Puggioni,it ITA,GK,36.0,13.1,0.0,0.0,0.0,0.0,0.0,0.0,0.0,,0.0,0.0,0.0,0.0,0.0,0.0,5.0,1.0,Matches,,,,,,,,,,,,,,,,,,,,,,,,,
2017-2018,SeriaA,Benevento,Alin Toșca,ro ROU,DF,25.0,13.0,11.0,8.0,7.0,4.0,0.0,6.0,12.0,50.0,6.0,9.0,4.0,5.0,13.0,24.0,69.0,0.0,Matches,,,,,,,,,,,,,,,,,,,,,,,,,
2017-2018,SeriaA,Benevento,Sandro,br BRA,MF,28.0,12.8,29.0,21.0,15.0,13.0,1.0,12.0,18.0,66.7,6.0,23.0,16.0,7.0,18.0,47.0,43.0,1.0,Matches,,,,,,,,,,,,,,,,,,,,,,,,,
2017-2018,SeriaA,Benevento,Vid Belec,si SVN,GK,27.0,12.4,0.0,0.0,0.0,0.0,0.0,0.0,0.0,,0.0,0.0,0.0,0.0,1.0,1.0,6.0,1.0,Matches,,,,,,,,,,,,,,,,,,,,,,,,,
2017-2018,SeriaA,Benevento,Cristiano Lombardi,it ITA,"MF,DF",21.0,12.4,25.0,19.0,16.0,7.0,2.0,6.0,27.0,22.2,21.0,12.0,2.0,10.0,13.0,38.0,22.0,0.0,Matches,,,,,,,,,,,,,,,,,,,,,,,,,
2017-2018,SeriaA,Benevento,Filip Đuričić,rs SRB,"MF,FW",25.0,10.8,22.0,14.0,11.0,8.0,3.0,5.0,9.0,55.6,4.0,7.0,1.0,6.0,9.0,31.0,5.0,0.0,Matches,,,,,,,,,,,,,,,,,,,,,,,,,
2017-2018,SeriaA,Benevento,Raman Chibsah,gh GHA,MF,24.0,11.6,20.0,13.0,10.0,7.0,3.0,4.0,14.0,28.6,10.0,13.0,2.0,11.0,4.0,24.0,16.0,0.0,Matches,,,,,,,,,,,,,,,,,,,,,,,,,
2017-2018,SeriaA,Benevento,Marco D'Alessandro,it ITA,"MF,FW",26.0,11.6,31.0,22.0,15.0,9.0,7.0,8.0,24.0,33.3,16.0,12.0,1.0,11.0,10.0,41.0,8.0,1.0,Matches,,,,,,,,,,,,,,,,,,,,,,,,,
2017-2018,SeriaA,Benevento,Pietro Iemmello,it ITA,FW,25.0,9.8,2.0,2.0,1.0,1.0,0.0,2.0,8.0,25.0,6.0,4.0,0.0,4.0,1.0,3.0,11.0,2.0,Matches,,,,,,,,,,,,,,,,,,,,,,,,,
2017-2018,SeriaA,Benevento,Alberto Brignoli,it ITA,GK,25.0,12.5,0.0,0.0,0.0,0.0,0.0,0.0,0.0,,0.0,0.0,0.0,0.0,0.0,0.0,15.0,3.0,Matches,,,,,,,,,,,,,,,,,,,,,,,,,
2017-2018,SeriaA,Benevento,Gianluca Di Chiara,it ITA,DF,23.0,11.2,26.0,19.0,18.0,6.0,2.0,7.0,21.0,33.3,14.0,10.0,3.0,7.0,11.0,37.0,37.0,1.0,Matches,,,,,,,,,,,,,,,,,,,,,,,,,
2017-2018,SeriaA,Benevento,Guilherme,br BRA,"MF,FW",26.0,10.5,20.0,11.0,7.0,7.0,6.0,3.0,19.0,15.8,16.0,14.0,1.0,13.0,8.0,28.0,4.0,0.0,Matches,,,,,,,,,,,,,,,,,,,,,,,,,
2017-2018,SeriaA,Benevento,Bacary Sagna,fr FRA,DF,34.0,10.6,9.0,7.0,5.0,3.0,1.0,1.0,7.0,14.3,6.0,9.0,2.0,7.0,20.0,29.0,28.0,0.0,Matches,,,,,,,,,,,,,,,,,,,,,,,,,
2017-2018,SeriaA,Benevento,Vittorio Parigini,it ITA,"MF,FW",21.0,9.5,18.0,11.0,11.0,6.0,1.0,6.0,17.0,35.3,11.0,8.0,1.0,7.0,5.0,23.0,1.0,0.0,Matches,,,,,,,,,,,,,,,,,,,,,,,,,
2017-2018,SeriaA,Benevento,Amato Ciciretti,it ITA,"MF,FW",23.0,9.0,14.0,8.0,5.0,6.0,3.0,2.0,11.0,18.2,9.0,9.0,0.0,9.0,6.0,20.0,4.0,0.0,Matches,,,,,,,,,,,,,,,,,,,,,,,,,
2017-2018,SeriaA,Benevento,Fabio Lucioni,it ITA,DF,29.0,8.0,11.0,9.0,7.0,4.0,0.0,7.0,11.0,63.6,4.0,14.0,11.0,3.0,7.0,18.0,61.0,0.0,Matches,,,,,,,,,,,,,,,,,,,,,,,,,
2017-2018,SeriaA,Benevento,Luca Antei,it ITA,DF,25.0,6.6,19.0,14.0,12.0,7.0,0.0,6.0,11.0,54.5,5.0,10.0,8.0,2.0,26.0,45.0,35.0,0.0,Matches,,,,,,,,,,,,,,,,,,,,,,,,,
2017-2018,SeriaA,Benevento,Lorenzo Del Pinto,it ITA,MF,27.0,8.4,23.0,17.0,10.0,10.0,3.0,7.0,25.0,28.0,18.0,13.0,4.0,9.0,16.0,39.0,7.0,2.0,Matches,,,,,,,,,,,,,,,,,,,,,,,,,
2017-2018,SeriaA,Benevento,George Pușcaș,ro ROU,"FW,MF",21.0,7.8,0.0,0.0,0.0,0.0,0.0,0.0,3.0,0.0,3.0,0.0,0.0,0.0,1.0,1.0,13.0,0.0,Matches,,,,,,,,,,,,,,,,,,,,,,,,,
2017-2018,SeriaA,Benevento,Cheick Diabaté,ml MLI,FW,29.0,7.4,1.0,1.0,0.0,1.0,0.0,1.0,3.0,33.3,2.0,2.0,0.0,2.0,0.0,1.0,6.0,0.0,Matches,,,,,,,,,,,,,,,,,,,,,,,,,
2017-2018,SeriaA,Benevento,Achraf Lazaar,ma MAR,"MF,DF",25.0,5.3,12.0,8.0,9.0,2.0,1.0,5.0,11.0,45.5,6.0,5.0,1.0,4.0,6.0,18.0,10.0,0.0,Matches,,,,,,,,,,,,,,,,,,,,,,,,,
2017-2018,SeriaA,Benevento,Samuel Armenteros,se SWE,FW,27.0,4.8,4.0,2.0,1.0,3.0,0.0,0.0,3.0,0.0,3.0,1.0,1.0,0.0,1.0,5.0,3.0,0.0,Matches,,,,,,,,,,,,,,,,,,,,,,,,,
2017-2018,SeriaA,Benevento,Jean-Claude Billong,cm CMR,DF,23.0,3.3,9.0,7.0,5.0,4.0,0.0,5.0,8.0,62.5,3.0,4.0,3.0,1.0,6.0,15.0,17.0,0.0,Matches,,,,,,,,,,,,,,,,,,,,,,,,,
2017-2018,SeriaA,Benevento,Bright Gyamfi,gh GHA,DF,21.0,3.6,2.0,2.0,1.0,1.0,0.0,1.0,2.0,50.0,1.0,3.0,1.0,2.0,7.0,9.0,8.0,0.0,Matches,,,,,,,,,,,,,,,,,,,,,,,,,
2017-2018,SeriaA,Benevento,Andrew Gravillon,gp GLP,DF,19.0,0.9,2.0,1.0,2.0,0.0,0.0,0.0,1.0,0.0,1.0,1.0,1.0,0.0,3.0,5.0,10.0,0.0,Matches,,,,,,,,,,,,,,,,,,,,,,,,,
2017-2018,SeriaA,Benevento,Fabio Ceravolo,it ITA,FW,30.0,0.6,0.0,0.0,0.0,0.0,0.0,0.0,1.0,0.0,1.0,1.0,0.0,1.0,0.0,0.0,0.0,0.0,Matches,,,,,,,,,,,,,,,,,,,,,,,,,
2017-2018,SeriaA,Benevento,Siriki Sanogo,ci CIV,MF,15.0,0.4,1.0,1.0,0.0,1.0,0.0,0.0,0.0,,0.0,0.0,0.0,0.0,1.0,2.0,1.0,0.0,Matches,,,,,,,,,,,,,,,,,,,,,,,,,
2017-2018,SeriaA,Benevento,Mamadou Kanouté,sn SEN,"FW,MF",23.0,0.4,0.0,0.0,0.0,0.0,0.0,0.0,0.0,,0.0,0.0,0.0,0.0,1.0,1.0,1.0,0.0,Matches,,,,,,,,,,,,,,,,,,,,,,,,,
2017-2018,SeriaA,Benevento,Luca Sparandeo,it ITA,DF,17.0,0.4,0.0,0.0,0.0,0.0,0.0,0.0,1.0,0.0,1.0,1.0,0.0,1.0,0.0,0.0,0.0,0.0,Matches,,,,,,,,,,,,,,,,,,,,,,,,,
2017-2018,SeriaA,Benevento,Karamoko Cissé,gn GUI,"FW,MF",28.0,0.2,1.0,1.0,1.0,0.0,0.0,0.0,0.0,,0.0,0.0,0.0,0.0,0.0,1.0,0.0,0.0,Matches,,,,,,,,,,,,,,,,,,,,,,,,,
2017-2018,SeriaA,Benevento,Giovanni Volpicelli,it ITA,MF,17.0,0.0,0.0,0.0,0.0,0.0,0.0,0.0,1.0,0.0,1.0,0.0,0.0,0.0,0.0,0.0,0.0,0.0,Matches,,,,,,,,,,,,,,,,,,,,,,,,,
2017-2018,SeriaA,Benevento,Christian Rutjens,,,,0.0,,,,,,,,,,,,,,,,,,,,,,,,,,,,,,,,,,,,,,,,,,
2017-2018,SeriaA,Benevento,Squad Total,,,26.0,38.0,581.0,409.0,320.0,206.0,55.0,191.0,551.0,34.7,360.0,398.0,140.0,258.0,449.0,1030.0,925.0,25.0,,,,,,,,,,,,,,,,,,,,,,,,,,
2017-2018,SeriaA,Benevento,Opponent Total,,,27.1,38.0,697.0,450.0,313.0,269.0,115.0,272.0,665.0,40.9,393.0,398.0,104.0,294.0,430.0,1127.0,742.0,11.0,,,,,,,,,,,,,,,,,,,,,,,,,,
