season,league,team,unnamed:_0_level_0_player,unnamed:_1_level_0_nation,unnamed:_2_level_0_pos,unnamed:_3_level_0_age,unnamed:_4_level_0_mp,playing_time_starts,playing_time_min,playing_time_90s,performance_gls,performance_ast,performance_g+a,performance_g-pk,performance_pk,performance_pkatt,performance_crdy,performance_crdr,progression_prgc,progression_prgp,progression_prgr,per_90_minutes_gls,per_90_minutes_ast,per_90_minutes_g+a,per_90_minutes_g-pk,per_90_minutes_g+a-pk,unnamed:_24_level_0_matches,playing_time_mp
2003-2004,EPL,Arsenal,Jens Lehmann,de GER,GK,33.0,38.0,38.0,3420.0,38.0,0.0,0.0,0.0,0.0,0.0,0.0,2.0,0.0,0.0,0.0,0.0,0.0,0.0,0.0,0.0,0.0,Matches,0.0
2003-2004,EPL,Arsenal,Thierry Henry,fr FRA,FW,25.0,37.0,37.0,3330.0,37.0,30.0,6.0,36.0,23.0,7.0,7.0,3.0,0.0,0.0,0.0,0.0,0.81,0.16,0.97,0.62,0.78,Matches,0.0
2003-2004,EPL,Arsenal,Kolo Touré,ci CIV,DF,22.0,37.0,36.0,3184.0,35.4,1.0,1.0,2.0,1.0,0.0,0.0,4.0,0.0,0.0,0.0,0.0,0.03,0.03,0.06,0.03,0.06,Matches,0.0
2003-2004,EPL,Arsenal,Sol Campbell,eng ENG,"DF,FW",28.0,35.0,35.0,3085.0,34.3,1.0,1.0,2.0,1.0,0.0,0.0,2.0,1.0,0.0,0.0,0.0,0.03,0.03,0.06,0.03,0.06,Matches,0.0
2003-2004,EPL,Arsenal,Robert Pirès,fr FRA,"FW,MF",29.0,36.0,33.0,2845.0,31.6,14.0,8.0,22.0,14.0,0.0,0.0,0.0,0.0,0.0,0.0,0.0,0.44,0.25,0.7,0.44,0.7,Matches,0.0
2003-2004,EPL,Arsenal,Ashley Cole,eng ENG,DF,22.0,32.0,32.0,2821.0,31.3,0.0,3.0,3.0,0.0,0.0,0.0,5.0,1.0,0.0,0.0,0.0,0.0,0.1,0.1,0.0,0.1,Matches,0.0
2003-2004,EPL,Arsenal,Lauren,cm CMR,DF,26.0,32.0,30.0,2744.0,30.5,0.0,1.0,1.0,0.0,0.0,0.0,6.0,0.0,0.0,0.0,0.0,0.0,0.03,0.03,0.0,0.03,Matches,0.0
2003-2004,EPL,Arsenal,Gilberto Silva,br BRA,"DF,MF",26.0,32.0,29.0,2546.0,28.3,4.0,4.0,8.0,4.0,0.0,0.0,2.0,0.0,0.0,0.0,0.0,0.14,0.14,0.28,0.14,0.28,Matches,0.0
2003-2004,EPL,Arsenal,Patrick Vieira,fr FRA,MF,27.0,29.0,29.0,2534.0,28.2,3.0,4.0,7.0,3.0,0.0,0.0,11.0,1.0,0.0,0.0,0.0,0.11,0.14,0.25,0.11,0.25,Matches,0.0
2003-2004,EPL,Arsenal,Freddie Ljungberg,se SWE,"FW,MF",26.0,30.0,28.0,2232.0,24.8,4.0,5.0,9.0,4.0,0.0,0.0,2.0,0.0,0.0,0.0,0.0,0.16,0.2,0.36,0.16,0.36,Matches,0.0
2003-2004,EPL,Arsenal,Dennis Bergkamp,nl NED,FW,34.0,28.0,21.0,1766.0,19.6,4.0,7.0,11.0,4.0,0.0,0.0,2.0,0.0,0.0,0.0,0.0,0.2,0.36,0.56,0.2,0.56,Matches,0.0
2003-2004,EPL,Arsenal,Ray Parlour,eng ENG,MF,30.0,25.0,16.0,1521.0,16.9,0.0,0.0,0.0,0.0,0.0,0.0,8.0,0.0,0.0,0.0,0.0,0.0,0.0,0.0,0.0,0.0,Matches,0.0
2003-2004,EPL,Arsenal,Edu Gaspar,br BRA,MF,25.0,30.0,13.0,1483.0,16.5,2.0,2.0,4.0,2.0,0.0,0.0,3.0,0.0,0.0,0.0,0.0,0.12,0.12,0.24,0.12,0.24,Matches,0.0
2003-2004,EPL,Arsenal,Pascal Cygan,fr FRA,DF,29.0,18.0,10.0,987.0,11.0,0.0,0.0,0.0,0.0,0.0,0.0,1.0,0.0,0.0,0.0,0.0,0.0,0.0,0.0,0.0,0.0,Matches,0.0
2003-2004,EPL,Arsenal,Sylvain Wiltord,fr FRA,"FW,MF",29.0,12.0,8.0,648.0,7.2,3.0,1.0,4.0,3.0,0.0,0.0,0.0,0.0,0.0,0.0,0.0,0.42,0.14,0.56,0.42,0.56,Matches,0.0
2003-2004,EPL,Arsenal,Gaël Clichy,fr FRA,DF,18.0,12.0,7.0,657.0,7.3,0.0,0.0,0.0,0.0,0.0,0.0,1.0,0.0,0.0,0.0,0.0,0.0,0.0,0.0,0.0,0.0,Matches,0.0
2003-2004,EPL,Arsenal,José Antonio Reyes,es ESP,MF,19.0,13.0,7.0,655.0,7.3,2.0,1.0,3.0,2.0,0.0,0.0,0.0,0.0,0.0,0.0,0.0,0.27,0.14,0.41,0.27,0.41,Matches,0.0
2003-2004,EPL,Arsenal,Nwankwo Kanu,ng NGA,FW,26.0,10.0,3.0,427.0,4.7,1.0,2.0,3.0,1.0,0.0,0.0,0.0,0.0,0.0,0.0,0.0,0.21,0.42,0.63,0.21,0.63,Matches,0.0
2003-2004,EPL,Arsenal,Martin Keown,eng ENG,"DF,MF",37.0,10.0,3.0,341.0,3.8,0.0,0.0,0.0,0.0,0.0,0.0,1.0,0.0,0.0,0.0,0.0,0.0,0.0,0.0,0.0,0.0,Matches,0.0
2003-2004,EPL,Arsenal,Jérémie Aliadière,fr FRA,"FW,MF",20.0,10.0,3.0,260.0,2.9,0.0,0.0,0.0,0.0,0.0,0.0,1.0,0.0,0.0,0.0,0.0,0.0,0.0,0.0,0.0,0.0,Matches,0.0
2003-2004,EPL,Arsenal,David Bentley,eng ENG,MF,18.0,1.0,1.0,61.0,0.7,0.0,0.0,0.0,0.0,0.0,0.0,0.0,0.0,0.0,0.0,0.0,0.0,0.0,0.0,0.0,0.0,Matches,0.0
2003-2004,EPL,Arsenal,Justin Hoyte,tt TRI,DF,18.0,1.0,0.0,1.0,0.0,0.0,0.0,0.0,0.0,0.0,0.0,0.0,0.0,0.0,0.0,0.0,0.0,0.0,0.0,0.0,0.0,Matches,0.0
2003-2004,EPL,Arsenal,Squad Total,0,0,27.3,38.0,419.0,0.0,0.0,69.0,52.0,121.0,62.0,7.0,7.0,51.0,3.0,0.0,0.0,0.0,1.82,1.37,3.18,1.63,3.0,0,0.0
2003-2004,EPL,Arsenal,Opponent Total,0,0,27.2,38.0,419.0,0.0,0.0,0.0,0.0,0.0,0.0,0.0,0.0,0.0,0.0,0.0,0.0,0.0,0.0,0.0,0.0,0.0,0.0,0,0.0
2003-2004,EPL,Chelsea,Frank Lampard,eng ENG,MF,25.0,38.0,38.0,3374.0,37.5,10.0,5.0,15.0,8.0,2.0,2.0,3.0,0.0,0.0,0.0,0.0,0.27,0.13,0.4,0.21,0.35,Matches,0.0
2003-2004,EPL,Chelsea,John Terry,eng ENG,DF,22.0,33.0,33.0,2965.0,32.9,2.0,2.0,4.0,2.0,0.0,0.0,5.0,0.0,0.0,0.0,0.0,0.06,0.06,0.12,0.06,0.12,Matches,0.0
2003-2004,EPL,Chelsea,Wayne Bridge,eng ENG,DF,22.0,33.0,33.0,2964.0,32.9,1.0,4.0,5.0,1.0,0.0,0.0,1.0,0.0,0.0,0.0,0.0,0.03,0.12,0.15,0.03,0.15,Matches,0.0
2003-2004,EPL,Chelsea,Claude Makélélé,fr FRA,MF,30.0,30.0,26.0,2398.0,26.6,0.0,0.0,0.0,0.0,0.0,0.0,2.0,0.0,0.0,0.0,0.0,0.0,0.0,0.0,0.0,0.0,Matches,0.0
2003-2004,EPL,Chelsea,Carlo Cudicini,it ITA,GK,29.0,26.0,26.0,2340.0,26.0,0.0,0.0,0.0,0.0,0.0,0.0,0.0,0.0,0.0,0.0,0.0,0.0,0.0,0.0,0.0,0.0,Matches,0.0
2003-2004,EPL,Chelsea,William Gallas,fr FRA,DF,25.0,29.0,23.0,2091.0,23.2,0.0,1.0,1.0,0.0,0.0,0.0,1.0,0.0,0.0,0.0,0.0,0.0,0.04,0.04,0.0,0.04,Matches,0.0
2003-2004,EPL,Chelsea,Jimmy Floyd Hasselbaink,nl NED,FW,31.0,30.0,22.0,1990.0,22.1,13.0,5.0,18.0,11.0,2.0,2.0,6.0,0.0,0.0,0.0,0.0,0.59,0.23,0.81,0.5,0.72,Matches,0.0
2003-2004,EPL,Chelsea,Adrian Mutu,ro ROU,"FW,MF",24.0,25.0,21.0,1759.0,19.5,6.0,4.0,10.0,6.0,0.0,0.0,5.0,0.0,0.0,0.0,0.0,0.31,0.2,0.51,0.31,0.51,Matches,0.0
2003-2004,EPL,Chelsea,Mario Melchiot,nl NED,DF,26.0,23.0,20.0,1838.0,20.4,2.0,0.0,2.0,2.0,0.0,0.0,1.0,0.0,0.0,0.0,0.0,0.1,0.0,0.1,0.1,0.1,Matches,0.0
2003-2004,EPL,Chelsea,Geremi,cm CMR,"DF,MF",24.0,25.0,19.0,1745.0,19.4,1.0,4.0,5.0,1.0,0.0,0.0,0.0,1.0,0.0,0.0,0.0,0.05,0.21,0.26,0.05,0.26,Matches,0.0
2003-2004,EPL,Chelsea,Jesper Grønkjær,dk DEN,"FW,MF",25.0,31.0,19.0,1656.0,18.4,2.0,2.0,4.0,2.0,0.0,0.0,5.0,0.0,0.0,0.0,0.0,0.11,0.11,0.22,0.11,0.22,Matches,0.0
2003-2004,EPL,Chelsea,Joe Cole,eng ENG,MF,21.0,35.0,18.0,1648.0,18.3,1.0,5.0,6.0,1.0,0.0,0.0,3.0,0.0,0.0,0.0,0.0,0.05,0.27,0.33,0.05,0.33,Matches,0.0
2003-2004,EPL,Chelsea,Eiður Guðjohnsen,is ISL,"FW,MF",24.0,26.0,17.0,1557.0,17.3,6.0,2.0,8.0,6.0,0.0,0.0,1.0,1.0,0.0,0.0,0.0,0.35,0.12,0.46,0.35,0.46,Matches,0.0
2003-2004,EPL,Chelsea,Glen Johnson,eng ENG,DF,18.0,19.0,17.0,1505.0,16.7,3.0,1.0,4.0,3.0,0.0,0.0,3.0,0.0,0.0,0.0,0.0,0.18,0.06,0.24,0.18,0.24,Matches,0.0
2003-2004,EPL,Chelsea,Damien Duff,ie IRL,"FW,MF",24.0,23.0,17.0,1459.0,16.2,5.0,9.0,14.0,5.0,0.0,0.0,0.0,0.0,0.0,0.0,0.0,0.31,0.56,0.86,0.31,0.86,Matches,0.0
2003-2004,EPL,Chelsea,Marcel Desailly,fr FRA,"DF,MF",34.0,15.0,15.0,1331.0,14.8,0.0,1.0,1.0,0.0,0.0,0.0,0.0,0.0,0.0,0.0,0.0,0.0,0.07,0.07,0.0,0.07,Matches,0.0
2003-2004,EPL,Chelsea,Hernán Crespo,ar ARG,FW,28.0,19.0,13.0,1146.0,12.7,10.0,0.0,10.0,10.0,0.0,0.0,1.0,0.0,0.0,0.0,0.0,0.79,0.0,0.79,0.79,0.79,Matches,0.0
2003-2004,EPL,Chelsea,Robert Huth,de GER,DF,18.0,16.0,8.0,795.0,8.8,0.0,0.0,0.0,0.0,0.0,0.0,8.0,1.0,0.0,0.0,0.0,0.0,0.0,0.0,0.0,0.0,Matches,0.0
2003-2004,EPL,Chelsea,Marco Ambrosio,it ITA,GK,30.0,8.0,8.0,720.0,8.0,0.0,0.0,0.0,0.0,0.0,0.0,0.0,0.0,0.0,0.0,0.0,0.0,0.0,0.0,0.0,0.0,Matches,0.0
2003-2004,EPL,Chelsea,Scott Parker,eng ENG,MF,22.0,11.0,7.0,603.0,6.7,1.0,2.0,3.0,1.0,0.0,0.0,2.0,0.0,0.0,0.0,0.0,0.15,0.3,0.45,0.15,0.45,Matches,0.0
2003-2004,EPL,Chelsea,Juan Sebastián Verón,ar ARG,MF,28.0,7.0,5.0,483.0,5.4,1.0,0.0,1.0,1.0,0.0,0.0,0.0,0.0,0.0,0.0,0.0,0.19,0.0,0.19,0.19,0.19,Matches,0.0
2003-2004,EPL,Chelsea,Celestine Babayaro,ng NGA,"DF,MF",24.0,6.0,5.0,440.0,4.9,1.0,2.0,3.0,1.0,0.0,0.0,0.0,0.0,0.0,0.0,0.0,0.2,0.41,0.61,0.2,0.61,Matches,0.0
2003-2004,EPL,Chelsea,Neil Sullivan,sct SCO,GK,33.0,4.0,4.0,360.0,4.0,0.0,0.0,0.0,0.0,0.0,0.0,0.0,0.0,0.0,0.0,0.0,0.0,0.0,0.0,0.0,0.0,Matches,0.0
2003-2004,EPL,Chelsea,Emmanuel Petit,fr FRA,"DF,MF",32.0,4.0,3.0,264.0,2.9,0.0,1.0,1.0,0.0,0.0,0.0,1.0,0.0,0.0,0.0,0.0,0.0,0.34,0.34,0.0,0.34,Matches,0.0
2003-2004,EPL,Chelsea,Alexis Nicolas,cy CYP,MF,20.0,2.0,1.0,91.0,1.0,0.0,0.0,0.0,0.0,0.0,0.0,0.0,0.0,0.0,0.0,0.0,0.0,0.0,0.0,0.0,0.0,Matches,0.0
2003-2004,EPL,Chelsea,Mario Stanić,hr CRO,"FW,MF",31.0,2.0,0.0,25.0,0.3,0.0,0.0,0.0,0.0,0.0,0.0,0.0,0.0,0.0,0.0,0.0,0.0,0.0,0.0,0.0,0.0,Matches,0.0
2003-2004,EPL,Chelsea,Filipe Oliveira,pt POR,"DF,MF",19.0,1.0,0.0,11.0,0.1,0.0,0.0,0.0,0.0,0.0,0.0,0.0,0.0,0.0,0.0,0.0,0.0,0.0,0.0,0.0,0.0,Matches,0.0
2003-2004,EPL,Chelsea,Squad Total,0,0,25.9,38.0,438.0,0.0,0.0,67.0,58.0,125.0,63.0,4.0,4.0,44.0,3.0,0.0,0.0,0.0,1.76,1.53,3.29,1.66,3.18,0,0.0
2003-2004,EPL,Chelsea,Opponent Total,0,0,27.3,38.0,438.0,0.0,0.0,0.0,0.0,0.0,0.0,0.0,0.0,0.0,0.0,0.0,0.0,0.0,0.0,0.0,0.0,0.0,0.0,0,0.0
2003-2004,EPL,Manchester Utd,Mikaël Silvestre,fr FRA,DF,25.0,34.0,33.0,2848.0,31.6,0.0,1.0,1.0,0.0,0.0,0.0,2.0,0.0,0.0,0.0,0.0,0.0,0.03,0.03,0.0,0.03,Matches,0.0
2003-2004,EPL,Manchester Utd,Tim Howard,us USA,GK,24.0,32.0,32.0,2880.0,32.0,0.0,1.0,1.0,0.0,0.0,0.0,0.0,0.0,0.0,0.0,0.0,0.0,0.03,0.03,0.0,0.03,Matches,0.0
2003-2004,EPL,Manchester Utd,John O'Shea,ie IRL,"DF,MF",22.0,33.0,32.0,2817.0,31.3,2.0,1.0,3.0,2.0,0.0,0.0,1.0,0.0,0.0,0.0,0.0,0.06,0.03,0.1,0.06,0.1,Matches,0.0
2003-2004,EPL,Manchester Utd,Ruud van Nistelrooy,nl NED,FW,27.0,32.0,31.0,2753.0,30.6,20.0,2.0,22.0,19.0,1.0,4.0,4.0,0.0,0.0,0.0,0.0,0.65,0.07,0.72,0.62,0.69,Matches,0.0
2003-2004,EPL,Manchester Utd,Gary Neville,eng ENG,DF,28.0,30.0,30.0,2689.0,29.9,2.0,3.0,5.0,2.0,0.0,0.0,4.0,0.0,0.0,0.0,0.0,0.07,0.1,0.17,0.07,0.17,Matches,0.0
2003-2004,EPL,Manchester Utd,Ryan Giggs,wls WAL,"FW,MF",29.0,33.0,29.0,2536.0,28.2,7.0,11.0,18.0,7.0,0.0,0.0,3.0,0.0,0.0,0.0,0.0,0.25,0.39,0.64,0.25,0.64,Matches,0.0
2003-2004,EPL,Manchester Utd,Phil Neville,eng ENG,"DF,MF",26.0,31.0,29.0,2504.0,27.8,0.0,2.0,2.0,0.0,0.0,0.0,5.0,0.0,0.0,0.0,0.0,0.0,0.07,0.07,0.0,0.07,Matches,0.0
2003-2004,EPL,Manchester Utd,Roy Keane,ie IRL,MF,31.0,28.0,25.0,2196.0,24.4,3.0,3.0,6.0,3.0,0.0,0.0,2.0,0.0,0.0,0.0,0.0,0.12,0.12,0.25,0.12,0.25,Matches,0.0
2003-2004,EPL,Manchester Utd,Paul Scholes,eng ENG,MF,28.0,28.0,24.0,2187.0,24.3,9.0,3.0,12.0,9.0,0.0,0.0,5.0,0.0,0.0,0.0,0.0,0.37,0.12,0.49,0.37,0.49,Matches,0.0
2003-2004,EPL,Manchester Utd,Rio Ferdinand,eng ENG,DF,24.0,20.0,20.0,1760.0,19.6,0.0,1.0,1.0,0.0,0.0,0.0,0.0,0.0,0.0,0.0,0.0,0.0,0.05,0.05,0.0,0.05,Matches,0.0
2003-2004,EPL,Manchester Utd,Quinton Fortune,za RSA,MF,26.0,23.0,18.0,1623.0,18.0,0.0,2.0,2.0,0.0,0.0,0.0,2.0,0.0,0.0,0.0,0.0,0.0,0.11,0.11,0.0,0.11,Matches,0.0
2003-2004,EPL,Manchester Utd,Darren Fletcher,sct SCO,MF,19.0,22.0,17.0,1454.0,16.2,0.0,1.0,1.0,0.0,0.0,0.0,4.0,2.0,0.0,0.0,0.0,0.0,0.06,0.06,0.0,0.06,Matches,0.0
2003-2004,EPL,Manchester Utd,Cristiano Ronaldo,pt POR,"FW,MF",18.0,29.0,15.0,1548.0,17.2,4.0,4.0,8.0,4.0,0.0,0.0,4.0,1.0,0.0,0.0,0.0,0.23,0.23,0.47,0.23,0.47,Matches,0.0
2003-2004,EPL,Manchester Utd,Wes Brown,eng ENG,DF,23.0,17.0,15.0,1411.0,15.7,0.0,1.0,1.0,0.0,0.0,0.0,1.0,0.0,0.0,0.0,0.0,0.0,0.06,0.06,0.0,0.06,Matches,0.0
2003-2004,EPL,Manchester Utd,Nicky Butt,eng ENG,"DF,MF",28.0,21.0,12.0,1106.0,12.3,1.0,0.0,1.0,1.0,0.0,0.0,2.0,0.0,0.0,0.0,0.0,0.08,0.0,0.08,0.08,0.08,Matches,0.0
2003-2004,EPL,Manchester Utd,Diego Forlán,uy URU,"FW,MF",24.0,24.0,10.0,1069.0,11.9,4.0,4.0,8.0,4.0,0.0,0.0,2.0,0.0,0.0,0.0,0.0,0.34,0.34,0.67,0.34,0.67,Matches,0.0
2003-2004,EPL,Manchester Utd,Eric Djemba-Djemba,cm CMR,MF,22.0,15.0,10.0,882.0,9.8,0.0,1.0,1.0,0.0,0.0,0.0,1.0,0.0,0.0,0.0,0.0,0.0,0.1,0.1,0.0,0.1,Matches,0.0
2003-2004,EPL,Manchester Utd,José Kléberson,br BRA,MF,24.0,12.0,10.0,791.0,8.8,2.0,3.0,5.0,2.0,0.0,0.0,1.0,0.0,0.0,0.0,0.0,0.23,0.34,0.57,0.23,0.57,Matches,0.0
2003-2004,EPL,Manchester Utd,Louis Saha,fr FRA,FW,24.0,12.0,9.0,862.0,9.6,7.0,3.0,10.0,0.0,0.0,0.0,0.0,0.0,0.0,0.0,0.0,0.73,0.31,1.04,0.0,0.0,Matches,0.0
2003-2004,EPL,Manchester Utd,Ole Gunnar Solskjær,no NOR,FW,30.0,13.0,7.0,652.0,7.2,0.0,2.0,2.0,0.0,0.0,0.0,2.0,0.0,0.0,0.0,0.0,0.0,0.28,0.28,0.0,0.28,Matches,0.0
2003-2004,EPL,Manchester Utd,Roy Carroll,nir NIR,GK,25.0,6.0,6.0,540.0,6.0,0.0,0.0,0.0,0.0,0.0,0.0,0.0,0.0,0.0,0.0,0.0,0.0,0.0,0.0,0.0,0.0,Matches,0.0
2003-2004,EPL,Manchester Utd,David Bellion,fr FRA,FW,20.0,14.0,4.0,457.0,5.1,2.0,1.0,3.0,2.0,0.0,0.0,0.0,0.0,0.0,0.0,0.0,0.39,0.2,0.59,0.39,0.59,Matches,0.0
2003-2004,EPL,Manchester Utd,Squad Total,0,0,25.8,38.0,418.0,0.0,0.0,63.0,54.0,117.0,62.0,1.0,4.0,42.0,3.0,0.0,0.0,0.0,1.66,1.42,3.08,1.63,3.05,0,0.0
2003-2004,EPL,Manchester Utd,Opponent Total,0,0,27.3,38.0,418.0,0.0,0.0,0.0,0.0,0.0,0.0,0.0,0.0,0.0,0.0,0.0,0.0,0.0,0.0,0.0,0.0,0.0,0.0,0,0.0
2003-2004,EPL,Liverpool,Sami Hyypiä,fi FIN,DF,29.0,38.0,38.0,3420.0,38.0,4.0,1.0,5.0,4.0,0.0,0.0,1.0,0.0,0.0,0.0,0.0,0.11,0.03,0.13,0.11,0.13,Matches,0.0
2003-2004,EPL,Liverpool,Harry Kewell,au AUS,"FW,MF",24.0,36.0,36.0,3120.0,34.7,7.0,3.0,10.0,7.0,0.0,0.0,6.0,0.0,0.0,0.0,0.0,0.2,0.09,0.29,0.2,0.29,Matches,0.0
2003-2004,EPL,Liverpool,Steven Gerrard,eng ENG,MF,23.0,34.0,34.0,3004.0,33.4,4.0,7.0,11.0,3.0,1.0,2.0,2.0,0.0,0.0,0.0,0.0,0.12,0.21,0.33,0.09,0.3,Matches,0.0
2003-2004,EPL,Liverpool,Jerzy Dudek,pl POL,GK,30.0,30.0,30.0,2687.0,29.9,0.0,0.0,0.0,0.0,0.0,0.0,0.0,0.0,0.0,0.0,0.0,0.0,0.0,0.0,0.0,0.0,Matches,0.0
2003-2004,EPL,Liverpool,Michael Owen,eng ENG,FW,23.0,29.0,29.0,2488.0,27.6,16.0,3.0,19.0,12.0,4.0,5.0,0.0,0.0,0.0,0.0,0.0,0.58,0.11,0.69,0.43,0.54,Matches,0.0
2003-2004,EPL,Liverpool,Igor Bišćan,hr CRO,"DF,MF",25.0,29.0,27.0,2325.0,25.8,0.0,0.0,0.0,0.0,0.0,0.0,4.0,0.0,0.0,0.0,0.0,0.0,0.0,0.0,0.0,0.0,Matches,0.0
2003-2004,EPL,Liverpool,Emile Heskey,eng ENG,FW,25.0,35.0,25.0,2398.0,26.6,7.0,4.0,11.0,7.0,0.0,0.0,1.0,0.0,0.0,0.0,0.0,0.26,0.15,0.41,0.26,0.41,Matches,0.0
2003-2004,EPL,Liverpool,Dietmar Hamann,de GER,MF,29.0,25.0,25.0,2117.0,23.5,2.0,2.0,4.0,2.0,0.0,0.0,6.0,0.0,0.0,0.0,0.0,0.09,0.09,0.17,0.09,0.17,Matches,0.0
2003-2004,EPL,Liverpool,John Arne Riise,no NOR,"DF,MF",22.0,28.0,22.0,2133.0,23.7,0.0,4.0,4.0,0.0,0.0,0.0,0.0,0.0,0.0,0.0,0.0,0.0,0.17,0.17,0.0,0.17,Matches,0.0
2003-2004,EPL,Liverpool,Jamie Carragher,eng ENG,"DF,MF",25.0,22.0,22.0,1908.0,21.2,0.0,1.0,1.0,0.0,0.0,0.0,2.0,0.0,0.0,0.0,0.0,0.0,0.05,0.05,0.0,0.05,Matches,0.0
2003-2004,EPL,Liverpool,Danny Murphy,eng ENG,MF,26.0,31.0,19.0,1923.0,21.4,5.0,4.0,9.0,2.0,3.0,3.0,2.0,0.0,0.0,0.0,0.0,0.23,0.19,0.42,0.09,0.28,Matches,0.0
2003-2004,EPL,Liverpool,Steve Finnan,ie IRL,DF,27.0,22.0,19.0,1726.0,19.2,0.0,2.0,2.0,0.0,0.0,0.0,4.0,0.0,0.0,0.0,0.0,0.0,0.1,0.1,0.0,0.1,Matches,0.0
2003-2004,EPL,Liverpool,El Hadji Diouf,sn SEN,"FW,MF",22.0,19.0,16.0,1380.0,15.3,0.0,2.0,2.0,0.0,0.0,0.0,9.0,1.0,0.0,0.0,0.0,0.0,0.13,0.13,0.0,0.13,Matches,0.0
2003-2004,EPL,Liverpool,Stéphane Henchoz,ch SUI,DF,28.0,18.0,15.0,1401.0,15.6,0.0,0.0,0.0,0.0,0.0,0.0,2.0,0.0,0.0,0.0,0.0,0.0,0.0,0.0,0.0,0.0,Matches,0.0
2003-2004,EPL,Liverpool,Vladimír Šmicer,cz CZE,"FW,MF",30.0,20.0,15.0,1200.0,13.3,3.0,1.0,4.0,3.0,0.0,0.0,1.0,0.0,0.0,0.0,0.0,0.23,0.07,0.3,0.23,0.3,Matches,0.0
2003-2004,EPL,Liverpool,Bruno Cheyrou,fr FRA,MF,25.0,12.0,9.0,700.0,7.8,2.0,0.0,2.0,2.0,0.0,0.0,0.0,0.0,0.0,0.0,0.0,0.26,0.0,0.26,0.26,0.26,Matches,0.0
2003-2004,EPL,Liverpool,Djimi Traoré,ml MLI,DF,23.0,7.0,7.0,578.0,6.4,0.0,0.0,0.0,0.0,0.0,0.0,0.0,0.0,0.0,0.0,0.0,0.0,0.0,0.0,0.0,0.0,Matches,0.0
2003-2004,EPL,Liverpool,Milan Baroš,cz CZE,FW,21.0,13.0,6.0,610.0,6.8,1.0,3.0,4.0,1.0,0.0,0.0,2.0,0.0,0.0,0.0,0.0,0.15,0.44,0.59,0.15,0.59,Matches,0.0
2003-2004,EPL,Liverpool,Chris Kirkland,eng ENG,GK,22.0,6.0,6.0,540.0,6.0,0.0,0.0,0.0,0.0,0.0,0.0,1.0,0.0,0.0,0.0,0.0,0.0,0.0,0.0,0.0,0.0,Matches,0.0
2003-2004,EPL,Liverpool,Florent Sinama Pongolle,fr FRA,FW,18.0,15.0,3.0,421.0,4.7,2.0,1.0,3.0,2.0,0.0,0.0,0.0,0.0,0.0,0.0,0.0,0.43,0.21,0.64,0.43,0.64,Matches,0.0
2003-2004,EPL,Liverpool,Anthony Le Tallec,fr FRA,"FW,MF",18.0,13.0,3.0,409.0,4.5,0.0,1.0,1.0,0.0,0.0,0.0,0.0,0.0,0.0,0.0,0.0,0.0,0.22,0.22,0.0,0.22,Matches,0.0
2003-2004,EPL,Liverpool,Salif Diao,sn SEN,MF,26.0,3.0,2.0,216.0,2.4,0.0,1.0,1.0,0.0,0.0,0.0,1.0,0.0,0.0,0.0,0.0,0.0,0.42,0.42,0.0,0.42,Matches,0.0
2003-2004,EPL,Liverpool,Patrice Luzi,fr FRA,GK,23.0,1.0,0.0,13.0,0.1,0.0,0.0,0.0,0.0,0.0,0.0,0.0,0.0,0.0,0.0,0.0,0.0,0.0,0.0,0.0,0.0,Matches,0.0
2003-2004,EPL,Liverpool,John Welsh,eng ENG,MF,19.0,1.0,0.0,7.0,0.1,0.0,0.0,0.0,0.0,0.0,0.0,1.0,0.0,0.0,0.0,0.0,0.0,0.0,0.0,0.0,0.0,Matches,0.0
2003-2004,EPL,Liverpool,Squad Total,0,0,26.0,38.0,408.0,0.0,0.0,53.0,36.0,89.0,45.0,8.0,10.0,46.0,1.0,0.0,0.0,0.0,1.39,0.95,2.34,1.18,2.13,0,0.0
2003-2004,EPL,Liverpool,Opponent Total,0,0,27.3,38.0,408.0,0.0,0.0,0.0,0.0,0.0,0.0,0.0,0.0,0.0,0.0,0.0,0.0,0.0,0.0,0.0,0.0,0.0,0.0,0,0.0
2003-2004,EPL,Newcastle Utd,Shay Given,ie IRL,GK,27.0,38.0,38.0,3420.0,38.0,0.0,0.0,0.0,0.0,0.0,0.0,1.0,0.0,0.0,0.0,0.0,0.0,0.0,0.0,0.0,0.0,Matches,0.0
2003-2004,EPL,Newcastle Utd,Alan Shearer,eng ENG,FW,32.0,37.0,37.0,3313.0,36.8,22.0,4.0,26.0,15.0,7.0,10.0,1.0,0.0,0.0,0.0,0.0,0.6,0.11,0.71,0.41,0.52,Matches,0.0
2003-2004,EPL,Newcastle Utd,Gary Speed,wls WAL,MF,33.0,38.0,37.0,3298.0,36.6,3.0,3.0,6.0,3.0,0.0,0.0,6.0,0.0,0.0,0.0,0.0,0.08,0.08,0.16,0.08,0.16,Matches,0.0
2003-2004,EPL,Newcastle Utd,Olivier Bernard,fr FRA,DF,23.0,35.0,35.0,3133.0,34.8,1.0,3.0,4.0,1.0,0.0,0.0,4.0,0.0,0.0,0.0,0.0,0.03,0.09,0.11,0.03,0.11,Matches,0.0
2003-2004,EPL,Newcastle Utd,Aaron Hughes,nir NIR,DF,23.0,34.0,34.0,2965.0,32.9,0.0,0.0,0.0,0.0,0.0,0.0,0.0,0.0,0.0,0.0,0.0,0.0,0.0,0.0,0.0,0.0,Matches,0.0
2003-2004,EPL,Newcastle Utd,Laurent Robert,fr FRA,"FW,MF",28.0,35.0,31.0,2578.0,28.6,6.0,6.0,12.0,6.0,0.0,0.0,2.0,1.0,0.0,0.0,0.0,0.21,0.21,0.42,0.21,0.42,Matches,0.0
2003-2004,EPL,Newcastle Utd,Titus Bramble,eng ENG,DF,22.0,29.0,27.0,2486.0,27.6,0.0,0.0,0.0,0.0,0.0,0.0,7.0,0.0,0.0,0.0,0.0,0.0,0.0,0.0,0.0,0.0,Matches,0.0
2003-2004,EPL,Newcastle Utd,Andy O'Brien,ie IRL,DF,24.0,28.0,27.0,2345.0,26.1,1.0,0.0,1.0,1.0,0.0,0.0,2.0,2.0,0.0,0.0,0.0,0.04,0.0,0.04,0.04,0.04,Matches,0.0
2003-2004,EPL,Newcastle Utd,Jermaine Jenas,eng ENG,MF,20.0,31.0,26.0,2386.0,26.5,2.0,2.0,4.0,2.0,0.0,0.0,3.0,0.0,0.0,0.0,0.0,0.08,0.08,0.15,0.08,0.15,Matches,0.0
2003-2004,EPL,Newcastle Utd,Kieron Dyer,eng ENG,MF,24.0,25.0,25.0,2160.0,24.0,1.0,3.0,4.0,1.0,0.0,0.0,1.0,0.0,0.0,0.0,0.0,0.04,0.12,0.17,0.04,0.17,Matches,0.0
2003-2004,EPL,Newcastle Utd,Jonathan Woodgate,eng ENG,DF,23.0,18.0,18.0,1563.0,17.4,0.0,0.0,0.0,0.0,0.0,0.0,3.0,0.0,0.0,0.0,0.0,0.0,0.0,0.0,0.0,0.0,Matches,0.0
2003-2004,EPL,Newcastle Utd,Shola Ameobi,ng NGA,FW,21.0,26.0,18.0,1556.0,17.3,7.0,2.0,9.0,7.0,0.0,0.0,0.0,0.0,0.0,0.0,0.0,0.4,0.12,0.52,0.4,0.52,Matches,0.0
2003-2004,EPL,Newcastle Utd,Lee Bowyer,eng ENG,MF,26.0,24.0,17.0,1526.0,17.0,2.0,1.0,3.0,2.0,0.0,0.0,5.0,0.0,0.0,0.0,0.0,0.12,0.06,0.18,0.12,0.18,Matches,0.0
2003-2004,EPL,Newcastle Utd,Steven Caldwell,sct SCO,DF,22.0,18.0,16.0,1496.0,16.6,1.0,1.0,2.0,1.0,0.0,0.0,3.0,0.0,0.0,0.0,0.0,0.06,0.06,0.12,0.06,0.12,Matches,0.0
2003-2004,EPL,Newcastle Utd,Craig Bellamy,wls WAL,FW,24.0,16.0,13.0,1212.0,13.5,4.0,0.0,4.0,4.0,0.0,0.0,3.0,0.0,0.0,0.0,0.0,0.3,0.0,0.3,0.3,0.3,Matches,0.0
2003-2004,EPL,Newcastle Utd,Darren Ambrose,eng ENG,"FW,MF",19.0,24.0,10.0,960.0,10.7,2.0,2.0,4.0,2.0,0.0,0.0,3.0,0.0,0.0,0.0,0.0,0.19,0.19,0.37,0.19,0.37,Matches,0.0
2003-2004,EPL,Newcastle Utd,Nolberto Solano,pe PER,MF,28.0,12.0,8.0,854.0,9.5,0.0,1.0,1.0,0.0,0.0,0.0,0.0,0.0,0.0,0.0,0.0,0.0,0.11,0.11,0.0,0.11,Matches,0.0
2003-2004,EPL,Newcastle Utd,Hugo Viana,pt POR,MF,20.0,16.0,5.0,542.0,6.0,0.0,1.0,1.0,0.0,0.0,0.0,2.0,0.0,0.0,0.0,0.0,0.0,0.17,0.17,0.0,0.17,Matches,0.0
2003-2004,EPL,Newcastle Utd,Andy Griffin,eng ENG,DF,24.0,5.0,5.0,439.0,4.9,0.0,0.0,0.0,0.0,0.0,0.0,2.0,0.0,0.0,0.0,0.0,0.0,0.0,0.0,0.0,0.0,Matches,0.0
2003-2004,EPL,Newcastle Utd,Michael Chopra,eng ENG,FW,19.0,6.0,1.0,131.0,1.5,0.0,0.0,0.0,0.0,0.0,0.0,0.0,0.0,0.0,0.0,0.0,0.0,0.0,0.0,0.0,0.0,Matches,0.0
2003-2004,EPL,Newcastle Utd,Steven Taylor,eng ENG,DF,17.0,1.0,1.0,90.0,1.0,0.0,0.0,0.0,0.0,0.0,0.0,0.0,0.0,0.0,0.0,0.0,0.0,0.0,0.0,0.0,0.0,Matches,0.0
2003-2004,EPL,Newcastle Utd,Michael Bridges,eng ENG,"FW,MF",24.0,6.0,0.0,67.0,0.7,0.0,0.0,0.0,0.0,0.0,0.0,0.0,0.0,0.0,0.0,0.0,0.0,0.0,0.0,0.0,0.0,Matches,0.0
2003-2004,EPL,Newcastle Utd,Martin Brittain,eng ENG,MF,18.0,1.0,0.0,16.0,0.2,0.0,0.0,0.0,0.0,0.0,0.0,0.0,0.0,0.0,0.0,0.0,0.0,0.0,0.0,0.0,0.0,Matches,0.0
2003-2004,EPL,Newcastle Utd,Squad Total,0,0,25.7,38.0,429.0,0.0,0.0,53.0,33.0,86.0,46.0,7.0,10.0,47.0,3.0,0.0,0.0,0.0,1.39,0.87,2.26,1.21,2.08,0,0.0
2003-2004,EPL,Newcastle Utd,Opponent Total,0,0,27.5,38.0,429.0,0.0,0.0,0.0,0.0,0.0,0.0,0.0,0.0,0.0,0.0,0.0,0.0,0.0,0.0,0.0,0.0,0.0,0.0,0,0.0
2003-2004,EPL,Aston Villa,Jlloyd Samuel,tt TRI,"DF,MF",22.0,38.0,38.0,3420.0,38.0,2.0,4.0,6.0,2.0,0.0,0.0,6.0,0.0,0.0,0.0,0.0,0.05,0.11,0.16,0.05,0.16,Matches,0.0
2003-2004,EPL,Aston Villa,Thomas Sørensen,dk DEN,GK,27.0,38.0,38.0,3336.0,37.1,0.0,0.0,0.0,0.0,0.0,0.0,1.0,0.0,0.0,0.0,0.0,0.0,0.0,0.0,0.0,0.0,Matches,0.0
2003-2004,EPL,Aston Villa,Gareth Barry,eng ENG,MF,22.0,36.0,36.0,3009.0,33.4,3.0,8.0,11.0,2.0,1.0,1.0,3.0,1.0,0.0,0.0,0.0,0.09,0.24,0.33,0.06,0.3,Matches,0.0
2003-2004,EPL,Aston Villa,Olof Mellberg,se SWE,"DF,MF",25.0,33.0,33.0,2917.0,32.4,1.0,0.0,1.0,1.0,0.0,0.0,4.0,0.0,0.0,0.0,0.0,0.03,0.0,0.03,0.03,0.03,Matches,0.0
2003-2004,EPL,Aston Villa,Juan Pablo Ángel,co COL,FW,27.0,33.0,33.0,2770.0,30.8,16.0,0.0,16.0,14.0,2.0,3.0,3.0,0.0,0.0,0.0,0.0,0.52,0.0,0.52,0.45,0.45,Matches,0.0
2003-2004,EPL,Aston Villa,Lee Hendrie,eng ENG,MF,26.0,32.0,32.0,2604.0,28.9,2.0,3.0,5.0,2.0,0.0,0.0,10.0,0.0,0.0,0.0,0.0,0.07,0.1,0.17,0.07,0.17,Matches,0.0
2003-2004,EPL,Aston Villa,Gavin McCann,eng ENG,MF,25.0,28.0,28.0,2446.0,27.2,0.0,0.0,0.0,0.0,0.0,0.0,6.0,1.0,0.0,0.0,0.0,0.0,0.0,0.0,0.0,0.0,Matches,0.0
2003-2004,EPL,Aston Villa,Darius Vassell,eng ENG,"FW,MF",23.0,32.0,26.0,2283.0,25.4,9.0,1.0,10.0,8.0,1.0,1.0,0.0,0.0,0.0,0.0,0.0,0.35,0.04,0.39,0.32,0.35,Matches,0.0
2003-2004,EPL,Aston Villa,Mark Delaney,wls WAL,DF,27.0,25.0,23.0,2043.0,22.7,1.0,2.0,3.0,1.0,0.0,0.0,4.0,0.0,0.0,0.0,0.0,0.04,0.09,0.13,0.04,0.13,Matches,0.0
2003-2004,EPL,Aston Villa,Thomas Hitzlsperger,de GER,MF,21.0,32.0,22.0,2224.0,24.7,3.0,6.0,9.0,3.0,0.0,0.0,4.0,0.0,0.0,0.0,0.0,0.12,0.24,0.36,0.12,0.36,Matches,0.0
2003-2004,EPL,Aston Villa,Ronny Johnsen,no NOR,DF,34.0,23.0,21.0,1877.0,20.9,1.0,0.0,1.0,1.0,0.0,0.0,3.0,0.0,0.0,0.0,0.0,0.05,0.0,0.05,0.05,0.05,Matches,0.0
2003-2004,EPL,Aston Villa,Peter Whittingham,eng ENG,MF,18.0,32.0,20.0,1952.0,21.7,0.0,4.0,4.0,0.0,0.0,0.0,5.0,0.0,0.0,0.0,0.0,0.0,0.18,0.18,0.0,0.18,Matches,0.0
2003-2004,EPL,Aston Villa,Ulises de la Cruz,ec ECU,DF,29.0,28.0,20.0,1839.0,20.4,0.0,1.0,1.0,0.0,0.0,0.0,2.0,0.0,0.0,0.0,0.0,0.0,0.05,0.05,0.0,0.05,Matches,0.0
2003-2004,EPL,Aston Villa,Dion Dublin,eng ENG,"DF,FW",34.0,23.0,12.0,1181.0,13.1,3.0,0.0,3.0,3.0,0.0,0.0,1.0,0.0,0.0,0.0,0.0,0.23,0.0,0.23,0.23,0.23,Matches,0.0
2003-2004,EPL,Aston Villa,Nolberto Solano,pe PER,MF,28.0,10.0,10.0,801.0,8.9,0.0,3.0,3.0,0.0,0.0,0.0,1.0,1.0,0.0,0.0,0.0,0.0,0.34,0.34,0.0,0.34,Matches,0.0
2003-2004,EPL,Aston Villa,Marcus Allbäck,se SWE,FW,30.0,15.0,7.0,752.0,8.4,1.0,0.0,1.0,1.0,0.0,0.0,0.0,0.0,0.0,0.0,0.0,0.12,0.0,0.12,0.12,0.12,Matches,0.0
2003-2004,EPL,Aston Villa,Peter Crouch,eng ENG,FW,22.0,16.0,6.0,588.0,6.5,4.0,3.0,7.0,4.0,0.0,0.0,1.0,0.0,0.0,0.0,0.0,0.61,0.46,1.07,0.61,1.07,Matches,0.0
2003-2004,EPL,Aston Villa,Liam Ridgewell,eng ENG,DF,19.0,11.0,5.0,498.0,5.5,0.0,0.0,0.0,0.0,0.0,0.0,0.0,0.0,0.0,0.0,0.0,0.0,0.0,0.0,0.0,0.0,Matches,0.0
2003-2004,EPL,Aston Villa,Alpay Özalan,tr TUR,DF,30.0,6.0,4.0,430.0,4.8,1.0,0.0,1.0,1.0,0.0,0.0,0.0,0.0,0.0,0.0,0.0,0.21,0.0,0.21,0.21,0.21,Matches,0.0
2003-2004,EPL,Aston Villa,Stefan Moore,eng ENG,FW,19.0,15.0,2.0,397.0,4.4,1.0,0.0,1.0,1.0,0.0,0.0,1.0,0.0,0.0,0.0,0.0,0.23,0.0,0.23,0.23,0.23,Matches,0.0
2003-2004,EPL,Aston Villa,Mark Kinsella,ie IRL,MF,30.0,2.0,2.0,105.0,1.2,0.0,0.0,0.0,0.0,0.0,0.0,0.0,0.0,0.0,0.0,0.0,0.0,0.0,0.0,0.0,0.0,Matches,0.0
2003-2004,EPL,Aston Villa,Stefan Postma,nl NED,GK,26.0,2.0,0.0,84.0,0.9,0.0,0.0,0.0,0.0,0.0,0.0,0.0,0.0,0.0,0.0,0.0,0.0,0.0,0.0,0.0,0.0,Matches,0.0
2003-2004,EPL,Aston Villa,Mustapha Hadji,ma MAR,MF,31.0,1.0,0.0,24.0,0.3,0.0,0.0,0.0,0.0,0.0,0.0,0.0,0.0,0.0,0.0,0.0,0.0,0.0,0.0,0.0,0.0,Matches,0.0
2003-2004,EPL,Aston Villa,Squad Total,0,0,25.7,38.0,418.0,0.0,0.0,48.0,34.0,82.0,44.0,4.0,5.0,52.0,3.0,0.0,0.0,0.0,1.26,0.89,2.16,1.16,2.05,0,0.0
2003-2004,EPL,Aston Villa,Opponent Total,0,0,27.4,38.0,418.0,0.0,0.0,0.0,0.0,0.0,0.0,0.0,0.0,0.0,0.0,0.0,0.0,0.0,0.0,0.0,0.0,0.0,0.0,0,0.0
2003-2004,EPL,Charlton Ath,Matt Holland,ie IRL,MF,29.0,38.0,38.0,3408.0,37.9,6.0,1.0,7.0,6.0,0.0,0.0,0.0,0.0,0.0,0.0,0.0,0.16,0.03,0.18,0.16,0.18,Matches,0.0
2003-2004,EPL,Charlton Ath,Dean Kiely,ie IRL,GK,32.0,37.0,37.0,3330.0,37.0,0.0,1.0,1.0,0.0,0.0,0.0,0.0,0.0,0.0,0.0,0.0,0.0,0.03,0.03,0.0,0.03,Matches,0.0
2003-2004,EPL,Charlton Ath,Hermann Hreiðarsson,is ISL,DF,29.0,33.0,33.0,2968.0,33.0,2.0,1.0,3.0,2.0,0.0,0.0,3.0,0.0,0.0,0.0,0.0,0.06,0.03,0.09,0.06,0.09,Matches,0.0
2003-2004,EPL,Charlton Ath,Radostin Kishishev,bg BUL,"DF,MF",29.0,33.0,30.0,2585.0,28.7,0.0,1.0,1.0,0.0,0.0,0.0,4.0,0.0,0.0,0.0,0.0,0.0,0.03,0.03,0.0,0.03,Matches,0.0
2003-2004,EPL,Charlton Ath,Claus Jensen,dk DEN,MF,26.0,31.0,27.0,2512.0,27.9,4.0,5.0,9.0,4.0,0.0,1.0,1.0,0.0,0.0,0.0,0.0,0.14,0.18,0.32,0.14,0.32,Matches,0.0
2003-2004,EPL,Charlton Ath,Chris Perry,eng ENG,DF,30.0,29.0,25.0,2312.0,25.7,1.0,0.0,1.0,1.0,0.0,0.0,5.0,0.0,0.0,0.0,0.0,0.04,0.0,0.04,0.04,0.04,Matches,0.0
2003-2004,EPL,Charlton Ath,Jason Euell,jm JAM,"FW,MF",26.0,31.0,24.0,2218.0,24.6,10.0,2.0,12.0,7.0,3.0,3.0,5.0,1.0,0.0,0.0,0.0,0.41,0.08,0.49,0.28,0.37,Matches,0.0
2003-2004,EPL,Charlton Ath,Graham Stuart,eng ENG,"FW,MF",32.0,28.0,23.0,2024.0,22.5,3.0,1.0,4.0,3.0,0.0,0.0,0.0,0.0,0.0,0.0,0.0,0.13,0.04,0.18,0.13,0.18,Matches,0.0
2003-2004,EPL,Charlton Ath,Paolo Di Canio,it ITA,FW,35.0,31.0,23.0,2017.0,22.4,4.0,12.0,16.0,1.0,3.0,4.0,1.0,0.0,0.0,0.0,0.0,0.18,0.54,0.71,0.04,0.58,Matches,0.0
2003-2004,EPL,Charlton Ath,Mark Fish,za RSA,"DF,FW",29.0,23.0,23.0,1861.0,20.7,0.0,0.0,0.0,0.0,0.0,0.0,1.0,1.0,0.0,0.0,0.0,0.0,0.0,0.0,0.0,0.0,Matches,0.0
2003-2004,EPL,Charlton Ath,Jonathan Fortune,eng ENG,DF,22.0,28.0,21.0,2022.0,22.5,2.0,0.0,2.0,2.0,0.0,0.0,2.0,0.0,0.0,0.0,0.0,0.09,0.0,0.09,0.09,0.09,Matches,0.0
2003-2004,EPL,Charlton Ath,Luke Young,eng ENG,DF,24.0,24.0,21.0,1912.0,21.2,0.0,0.0,0.0,0.0,0.0,0.0,5.0,0.0,0.0,0.0,0.0,0.0,0.0,0.0,0.0,0.0,Matches,0.0
2003-2004,EPL,Charlton Ath,Scott Parker,eng ENG,MF,22.0,20.0,20.0,1763.0,19.6,2.0,0.0,0.0,0.0,0.0,0.0,6.0,1.0,0.0,0.0,0.0,0.1,0.0,0.0,0.0,0.0,Matches,0.0
2003-2004,EPL,Charlton Ath,Paul Konchesky,eng ENG,"DF,FW",22.0,21.0,17.0,1481.0,16.5,0.0,2.0,2.0,0.0,0.0,0.0,3.0,0.0,0.0,0.0,0.0,0.0,0.12,0.12,0.0,0.12,Matches,0.0
2003-2004,EPL,Charlton Ath,Jonatan Johansson,fi FIN,FW,27.0,26.0,16.0,1421.0,15.8,4.0,1.0,5.0,4.0,0.0,0.0,0.0,0.0,0.0,0.0,0.0,0.25,0.06,0.32,0.25,0.32,Matches,0.0
2003-2004,EPL,Charlton Ath,Shaun Bartlett,za RSA,FW,30.0,19.0,13.0,1089.0,12.1,5.0,1.0,6.0,5.0,0.0,0.0,1.0,0.0,0.0,0.0,0.0,0.41,0.08,0.5,0.41,0.5,Matches,0.0
2003-2004,EPL,Charlton Ath,Chris Powell,eng ENG,DF,33.0,16.0,11.0,962.0,10.7,0.0,1.0,1.0,0.0,0.0,0.0,1.0,0.0,0.0,0.0,0.0,0.0,0.09,0.09,0.0,0.09,Matches,0.0
2003-2004,EPL,Charlton Ath,Carlton Cole,eng ENG,FW,19.0,21.0,8.0,971.0,10.8,4.0,0.0,4.0,4.0,0.0,0.0,0.0,0.0,0.0,0.0,0.0,0.37,0.0,0.37,0.37,0.37,Matches,0.0
2003-2004,EPL,Charlton Ath,Kevin Lisbie,jm JAM,FW,24.0,9.0,5.0,452.0,5.0,4.0,0.0,4.0,4.0,0.0,0.0,0.0,0.0,0.0,0.0,0.0,0.8,0.0,0.8,0.8,0.8,Matches,0.0
2003-2004,EPL,Charlton Ath,Mathias Svensson,se SWE,FW,28.0,3.0,1.0,134.0,1.5,0.0,0.0,0.0,0.0,0.0,0.0,0.0,0.0,0.0,0.0,0.0,0.0,0.0,0.0,0.0,0.0,Matches,0.0
2003-2004,EPL,Charlton Ath,Gary Rowett,eng ENG,DF,29.0,1.0,1.0,90.0,1.0,0.0,0.0,0.0,0.0,0.0,0.0,0.0,0.0,0.0,0.0,0.0,0.0,0.0,0.0,0.0,0.0,Matches,0.0
2003-2004,EPL,Charlton Ath,Simon Royce,eng ENG,GK,31.0,1.0,1.0,90.0,1.0,0.0,0.0,0.0,0.0,0.0,0.0,0.0,0.0,0.0,0.0,0.0,0.0,0.0,0.0,0.0,0.0,Matches,0.0
2003-2004,EPL,Charlton Ath,Jerome Thomas,eng ENG,"FW,MF",20.0,1.0,0.0,45.0,0.5,0.0,0.0,0.0,0.0,0.0,0.0,0.0,0.0,0.0,0.0,0.0,0.0,0.0,0.0,0.0,0.0,Matches,0.0
2003-2004,EPL,Charlton Ath,Jamal Campbell-Ryce,jm JAM,"FW,MF",20.0,2.0,0.0,33.0,0.4,0.0,0.0,0.0,0.0,0.0,0.0,0.0,0.0,0.0,0.0,0.0,0.0,0.0,0.0,0.0,0.0,Matches,0.0
2003-2004,EPL,Charlton Ath,Squad Total,0,0,28.4,38.0,406.0,0.0,0.0,50.0,29.0,79.0,44.0,6.0,8.0,35.0,3.0,0.0,0.0,0.0,1.32,0.76,2.08,1.16,1.92,0,0.0
2003-2004,EPL,Charlton Ath,Opponent Total,0,0,27.1,38.0,406.0,0.0,0.0,0.0,0.0,0.0,0.0,0.0,0.0,0.0,0.0,0.0,0.0,0.0,0.0,0.0,0.0,0.0,0.0,0,0.0
2003-2004,EPL,Bolton,Jussi Jääskeläinen,fi FIN,GK,28.0,38.0,38.0,3420.0,38.0,0.0,0.0,0.0,0.0,0.0,0.0,2.0,0.0,0.0,0.0,0.0,0.0,0.0,0.0,0.0,0.0,Matches,0.0
2003-2004,EPL,Bolton,Kevin Davies,eng ENG,FW,26.0,38.0,38.0,3307.0,36.7,9.0,9.0,18.0,9.0,0.0,0.0,9.0,0.0,0.0,0.0,0.0,0.24,0.24,0.49,0.24,0.49,Matches,0.0
2003-2004,EPL,Bolton,Iván Campo,es ESP,"DF,MF",29.0,38.0,37.0,3204.0,35.6,4.0,1.0,5.0,4.0,0.0,0.0,9.0,0.0,0.0,0.0,0.0,0.11,0.03,0.14,0.11,0.14,Matches,0.0
2003-2004,EPL,Bolton,Kevin Nolan,eng ENG,MF,21.0,37.0,37.0,3105.0,34.5,9.0,1.0,10.0,9.0,0.0,0.0,8.0,0.0,0.0,0.0,0.0,0.26,0.03,0.29,0.26,0.29,Matches,0.0
2003-2004,EPL,Bolton,Jay-Jay Okocha,ng NGA,MF,29.0,35.0,33.0,2967.0,33.0,0.0,4.0,4.0,0.0,0.0,0.0,4.0,0.0,0.0,0.0,0.0,0.0,0.12,0.12,0.0,0.12,Matches,0.0
2003-2004,EPL,Bolton,Bruno N'Gotty,fr FRA,DF,32.0,33.0,32.0,2886.0,32.1,3.0,1.0,4.0,3.0,0.0,0.0,3.0,0.0,0.0,0.0,0.0,0.09,0.03,0.12,0.09,0.12,Matches,0.0
2003-2004,EPL,Bolton,Simon Charlton,eng ENG,DF,31.0,30.0,28.0,2460.0,27.3,1.0,2.0,3.0,1.0,0.0,0.0,1.0,0.0,0.0,0.0,0.0,0.04,0.07,0.11,0.04,0.11,Matches,0.0
2003-2004,EPL,Bolton,Nicky Hunt,eng ENG,DF,19.0,30.0,27.0,2478.0,27.5,1.0,1.0,2.0,1.0,0.0,0.0,6.0,0.0,0.0,0.0,0.0,0.04,0.04,0.07,0.04,0.07,Matches,0.0
2003-2004,EPL,Bolton,Emerson Thome,br BRA,DF,31.0,26.0,25.0,2259.0,25.1,0.0,1.0,1.0,0.0,0.0,0.0,7.0,0.0,0.0,0.0,0.0,0.0,0.04,0.04,0.0,0.04,Matches,0.0
2003-2004,EPL,Bolton,Youri Djorkaeff,fr FRA,"FW,MF",35.0,27.0,24.0,2057.0,22.9,9.0,3.0,12.0,8.0,1.0,1.0,1.0,0.0,0.0,0.0,0.0,0.39,0.13,0.53,0.35,0.48,Matches,0.0
2003-2004,EPL,Bolton,Per Frandsen,dk DEN,MF,33.0,33.0,22.0,1920.0,21.3,1.0,0.0,1.0,1.0,0.0,0.0,5.0,0.0,0.0,0.0,0.0,0.05,0.0,0.05,0.05,0.05,Matches,0.0
2003-2004,EPL,Bolton,Ricardo Gardner,jm JAM,"DF,MF",24.0,22.0,20.0,1778.0,19.8,0.0,1.0,1.0,0.0,0.0,0.0,5.0,0.0,0.0,0.0,0.0,0.0,0.05,0.05,0.0,0.05,Matches,0.0
2003-2004,EPL,Bolton,Henrik Pedersen,dk DEN,FW,28.0,33.0,19.0,1739.0,19.3,7.0,0.0,7.0,7.0,0.0,0.0,1.0,0.0,0.0,0.0,0.0,0.36,0.0,0.36,0.36,0.36,Matches,0.0
2003-2004,EPL,Bolton,Stelios Giannakopoulos,gr GRE,"FW,MF",29.0,31.0,17.0,1564.0,17.4,2.0,3.0,5.0,2.0,0.0,0.0,4.0,0.0,0.0,0.0,0.0,0.12,0.17,0.29,0.12,0.29,Matches,0.0
2003-2004,EPL,Bolton,Steve Howey,eng ENG,DF,31.0,14.0,14.0,1188.0,13.2,1.0,0.0,1.0,1.0,0.0,0.0,2.0,0.0,0.0,0.0,0.0,0.08,0.0,0.08,0.08,0.08,Matches,0.0
2003-2004,EPL,Bolton,Anthony Barness,eng ENG,DF,30.0,15.0,11.0,984.0,10.9,0.0,0.0,0.0,0.0,0.0,0.0,0.0,0.0,0.0,0.0,0.0,0.0,0.0,0.0,0.0,0.0,Matches,0.0
2003-2004,EPL,Bolton,Florent Laville,fr FRA,DF,29.0,5.0,5.0,388.0,4.3,0.0,0.0,0.0,0.0,0.0,0.0,1.0,0.0,0.0,0.0,0.0,0.0,0.0,0.0,0.0,0.0,Matches,0.0
2003-2004,EPL,Bolton,Jon Otsemobor,eng ENG,DF,20.0,5.0,5.0,367.0,4.1,0.0,0.0,0.0,0.0,0.0,0.0,1.0,0.0,0.0,0.0,0.0,0.0,0.0,0.0,0.0,0.0,Matches,0.0
2003-2004,EPL,Bolton,Javi Moreno,es ESP,FW,28.0,8.0,1.0,230.0,2.6,0.0,0.0,0.0,0.0,0.0,0.0,0.0,0.0,0.0,0.0,0.0,0.0,0.0,0.0,0.0,0.0,Matches,0.0
2003-2004,EPL,Bolton,Ibrahim Ba,fr FRA,MF,29.0,9.0,0.0,245.0,2.7,0.0,1.0,1.0,0.0,0.0,0.0,0.0,0.0,0.0,0.0,0.0,0.0,0.37,0.37,0.0,0.37,Matches,0.0
2003-2004,EPL,Bolton,Mário Jardel,br BRA,FW,29.0,7.0,0.0,156.0,1.7,0.0,1.0,1.0,0.0,0.0,0.0,1.0,0.0,0.0,0.0,0.0,0.0,0.58,0.58,0.0,0.58,Matches,0.0
2003-2004,EPL,Bolton,Glen Little,eng ENG,MF,27.0,4.0,0.0,29.0,0.3,0.0,1.0,1.0,0.0,0.0,0.0,0.0,0.0,0.0,0.0,0.0,0.0,3.1,3.1,0.0,3.1,Matches,0.0
2003-2004,EPL,Bolton,Ricardo Vaz Tê,pt POR,"FW,MF",16.0,1.0,0.0,23.0,0.3,0.0,0.0,0.0,0.0,0.0,0.0,1.0,0.0,0.0,0.0,0.0,0.0,0.0,0.0,0.0,0.0,Matches,0.0
2003-2004,EPL,Bolton,Delroy Facey,gd GRN,FW,23.0,1.0,0.0,14.0,0.2,0.0,0.0,0.0,0.0,0.0,0.0,1.0,0.0,0.0,0.0,0.0,0.0,0.0,0.0,0.0,0.0,Matches,0.0
2003-2004,EPL,Bolton,Squad Total,0,0,28.5,38.0,433.0,0.0,0.0,47.0,35.0,82.0,46.0,1.0,1.0,63.0,0.0,0.0,0.0,0.0,1.24,0.92,2.16,1.21,2.13,0,0.0
2003-2004,EPL,Bolton,Opponent Total,0,0,27.4,38.0,433.0,0.0,0.0,0.0,0.0,0.0,0.0,0.0,0.0,0.0,0.0,0.0,0.0,0.0,0.0,0.0,0.0,0.0,0.0,0,0.0
2003-2004,EPL,Fulham,Steed Malbranque,fr FRA,MF,23.0,38.0,38.0,3319.0,36.9,6.0,10.0,16.0,4.0,2.0,3.0,3.0,0.0,0.0,0.0,0.0,0.16,0.27,0.43,0.11,0.38,Matches,0.0
2003-2004,EPL,Fulham,Edwin van der Sar,nl NED,GK,32.0,37.0,37.0,3330.0,37.0,0.0,0.0,0.0,0.0,0.0,0.0,0.0,0.0,0.0,0.0,0.0,0.0,0.0,0.0,0.0,0.0,Matches,0.0
2003-2004,EPL,Fulham,Moritz Volz,de GER,DF,20.0,33.0,32.0,2880.0,32.0,0.0,1.0,1.0,0.0,0.0,0.0,5.0,0.0,0.0,0.0,0.0,0.0,0.03,0.03,0.0,0.03,Matches,0.0
2003-2004,EPL,Fulham,Luís Boa Morte,pt POR,"FW,MF",25.0,33.0,32.0,2797.0,31.1,9.0,4.0,13.0,9.0,0.0,0.0,9.0,1.0,0.0,0.0,0.0,0.29,0.13,0.42,0.29,0.42,Matches,0.0
2003-2004,EPL,Fulham,Zat Knight,eng ENG,DF,23.0,31.0,30.0,2718.0,30.2,0.0,1.0,1.0,0.0,0.0,0.0,4.0,0.0,0.0,0.0,0.0,0.0,0.03,0.03,0.0,0.03,Matches,0.0
2003-2004,EPL,Fulham,Sylvain Legwinski,fr FRA,MF,29.0,32.0,30.0,2584.0,28.7,0.0,1.0,1.0,0.0,0.0,0.0,8.0,1.0,0.0,0.0,0.0,0.0,0.03,0.03,0.0,0.03,Matches,0.0
2003-2004,EPL,Fulham,Lee Clark,eng ENG,MF,30.0,25.0,25.0,2180.0,24.2,2.0,3.0,5.0,2.0,0.0,0.0,2.0,0.0,0.0,0.0,0.0,0.08,0.12,0.21,0.08,0.21,Matches,0.0
2003-2004,EPL,Fulham,Alain Goma,fr FRA,DF,30.0,23.0,23.0,2070.0,23.0,0.0,0.0,0.0,0.0,0.0,0.0,5.0,0.0,0.0,0.0,0.0,0.0,0.0,0.0,0.0,0.0,Matches,0.0
2003-2004,EPL,Fulham,Sean Davis,eng ENG,MF,23.0,24.0,22.0,1971.0,21.9,5.0,2.0,7.0,5.0,0.0,0.0,5.0,0.0,0.0,0.0,0.0,0.23,0.09,0.32,0.23,0.32,Matches,0.0
2003-2004,EPL,Fulham,Martin Djetou,fr FRA,"DF,MF",28.0,26.0,19.0,1760.0,19.6,0.0,0.0,0.0,0.0,0.0,0.0,3.0,0.0,0.0,0.0,0.0,0.0,0.0,0.0,0.0,0.0,Matches,0.0
2003-2004,EPL,Fulham,Louis Saha,fr FRA,FW,24.0,20.0,19.0,1609.0,17.9,13.0,0.0,13.0,0.0,0.0,0.0,1.0,0.0,0.0,0.0,0.0,0.73,0.0,0.73,0.0,0.0,Matches,0.0
2003-2004,EPL,Fulham,Jérôme Bonnissel,fr FRA,"DF,FW",30.0,16.0,16.0,1357.0,15.1,0.0,1.0,1.0,0.0,0.0,0.0,0.0,0.0,0.0,0.0,0.0,0.0,0.07,0.07,0.0,0.07,Matches,0.0
2003-2004,EPL,Fulham,Carlos Bocanegra,us USA,DF,24.0,15.0,15.0,1322.0,14.7,0.0,0.0,0.0,0.0,0.0,0.0,2.0,1.0,0.0,0.0,0.0,0.0,0.0,0.0,0.0,0.0,Matches,0.0
2003-2004,EPL,Fulham,Junichi Inamoto,jp JPN,MF,23.0,22.0,15.0,1295.0,14.4,2.0,1.0,3.0,2.0,0.0,0.0,8.0,0.0,0.0,0.0,0.0,0.14,0.07,0.21,0.14,0.21,Matches,0.0
2003-2004,EPL,Fulham,Mark Pembridge,wls WAL,MF,32.0,16.0,13.0,1037.0,11.5,1.0,2.0,3.0,1.0,0.0,0.0,1.0,0.0,0.0,0.0,0.0,0.09,0.17,0.26,0.09,0.26,Matches,0.0
2003-2004,EPL,Fulham,Ian Pearce,eng ENG,DF,29.0,13.0,12.0,1095.0,12.2,0.0,1.0,1.0,0.0,0.0,0.0,0.0,0.0,0.0,0.0,0.0,0.0,0.08,0.08,0.0,0.08,Matches,0.0
2003-2004,EPL,Fulham,Barry Hayles,jm JAM,FW,31.0,26.0,10.0,1028.0,11.4,4.0,2.0,6.0,4.0,0.0,0.0,2.0,0.0,0.0,0.0,0.0,0.35,0.18,0.53,0.35,0.53,Matches,0.0
2003-2004,EPL,Fulham,Andy Melville,wls WAL,"DF,MF",34.0,9.0,9.0,810.0,9.0,0.0,0.0,0.0,0.0,0.0,0.0,1.0,0.0,0.0,0.0,0.0,0.0,0.0,0.0,0.0,0.0,Matches,0.0
2003-2004,EPL,Fulham,Brian McBride,us USA,FW,31.0,16.0,5.0,648.0,7.2,4.0,1.0,5.0,4.0,0.0,0.0,0.0,0.0,0.0,0.0,0.0,0.56,0.14,0.69,0.56,0.69,Matches,0.0
2003-2004,EPL,Fulham,Adam Green,eng ENG,DF,19.0,4.0,4.0,360.0,4.0,0.0,0.0,0.0,0.0,0.0,0.0,1.0,0.0,0.0,0.0,0.0,0.0,0.0,0.0,0.0,0.0,Matches,0.0
2003-2004,EPL,Fulham,Collins John,nl NED,FW,17.0,8.0,3.0,324.0,3.6,4.0,1.0,5.0,4.0,0.0,0.0,1.0,0.0,0.0,0.0,0.0,1.11,0.28,1.39,1.11,1.39,Matches,0.0
2003-2004,EPL,Fulham,Bobby Petta,nl NED,MF,28.0,9.0,3.0,319.0,3.5,0.0,0.0,0.0,0.0,0.0,0.0,0.0,0.0,0.0,0.0,0.0,0.0,0.0,0.0,0.0,0.0,Matches,0.0
2003-2004,EPL,Fulham,Jon Harley,eng ENG,DF,23.0,4.0,3.0,316.0,3.5,0.0,0.0,0.0,0.0,0.0,0.0,0.0,0.0,0.0,0.0,0.0,0.0,0.0,0.0,0.0,0.0,Matches,0.0
2003-2004,EPL,Fulham,Dean Leacock,eng ENG,"DF,MF",19.0,4.0,3.0,306.0,3.4,0.0,0.0,0.0,0.0,0.0,0.0,2.0,0.0,0.0,0.0,0.0,0.0,0.0,0.0,0.0,0.0,Matches,0.0
2003-2004,EPL,Fulham,Mark Crossley,wls WAL,GK,34.0,1.0,1.0,90.0,1.0,0.0,0.0,0.0,0.0,0.0,0.0,0.0,0.0,0.0,0.0,0.0,0.0,0.0,0.0,0.0,0.0,Matches,0.0
2003-2004,EPL,Fulham,Steve Marlet,fr FRA,"FW,MF",29.0,1.0,1.0,90.0,1.0,1.0,0.0,1.0,1.0,0.0,0.0,0.0,0.0,0.0,0.0,0.0,1.0,0.0,1.0,1.0,1.0,Matches,0.0
2003-2004,EPL,Fulham,Malik Buari,eng ENG,"DF,MF",19.0,3.0,1.0,79.0,0.9,0.0,0.0,0.0,0.0,0.0,0.0,0.0,0.0,0.0,0.0,0.0,0.0,0.0,0.0,0.0,0.0,Matches,0.0
2003-2004,EPL,Fulham,Facundo Sava,ar ARG,FW,29.0,6.0,0.0,108.0,1.2,1.0,0.0,1.0,1.0,0.0,0.0,0.0,0.0,0.0,0.0,0.0,0.83,0.0,0.83,0.83,0.83,Matches,0.0
2003-2004,EPL,Fulham,Darren Pratley,eng ENG,"DF,MF",18.0,1.0,0.0,16.0,0.2,0.0,0.0,0.0,0.0,0.0,0.0,0.0,0.0,0.0,0.0,0.0,0.0,0.0,0.0,0.0,0.0,Matches,0.0
2003-2004,EPL,Fulham,Zesh Rehman,pk PAK,DF,19.0,1.0,0.0,1.0,0.0,0.0,0.0,0.0,0.0,0.0,0.0,0.0,0.0,0.0,0.0,0.0,0.0,0.0,0.0,0.0,0.0,Matches,0.0
2003-2004,EPL,Fulham,Squad Total,0,0,27.1,38.0,421.0,0.0,0.0,52.0,32.0,84.0,50.0,2.0,3.0,59.0,3.0,0.0,0.0,0.0,1.37,0.84,2.21,1.32,2.16,0,0.0
2003-2004,EPL,Fulham,Opponent Total,0,0,27.2,38.0,421.0,0.0,0.0,0.0,0.0,0.0,0.0,0.0,0.0,0.0,0.0,0.0,0.0,0.0,0.0,0.0,0.0,0.0,0.0,0,0.0
2003-2004,EPL,Birmingham City,Kenny Cunningham,ie IRL,DF,32.0,36.0,36.0,3211.0,35.7,0.0,2.0,2.0,0.0,0.0,0.0,2.0,1.0,0.0,0.0,0.0,0.0,0.06,0.06,0.0,0.06,Matches,0.0
2003-2004,EPL,Birmingham City,Damien Johnson,nir NIR,MF,24.0,35.0,35.0,3072.0,34.1,1.0,4.0,5.0,1.0,0.0,0.0,6.0,0.0,0.0,0.0,0.0,0.03,0.12,0.15,0.03,0.15,Matches,0.0
2003-2004,EPL,Birmingham City,Maik Taylor,nir NIR,GK,31.0,34.0,34.0,2959.0,32.9,0.0,0.0,0.0,0.0,0.0,0.0,0.0,2.0,0.0,0.0,0.0,0.0,0.0,0.0,0.0,0.0,Matches,0.0
2003-2004,EPL,Birmingham City,Mikael Forssell,fi FIN,FW,22.0,32.0,32.0,2807.0,31.2,17.0,1.0,18.0,16.0,1.0,1.0,1.0,0.0,0.0,0.0,0.0,0.55,0.03,0.58,0.51,0.55,Matches,0.0
2003-2004,EPL,Birmingham City,Stephen Clemence,eng ENG,MF,25.0,35.0,32.0,2728.0,30.3,2.0,1.0,3.0,2.0,0.0,0.0,4.0,0.0,0.0,0.0,0.0,0.07,0.03,0.1,0.07,0.1,Matches,0.0
2003-2004,EPL,Birmingham City,Robbie Savage,wls WAL,MF,28.0,31.0,31.0,2675.0,29.7,3.0,4.0,7.0,1.0,2.0,2.0,12.0,0.0,0.0,0.0,0.0,0.1,0.13,0.24,0.03,0.17,Matches,0.0
2003-2004,EPL,Birmingham City,Matthew Upson,eng ENG,DF,24.0,30.0,30.0,2686.0,29.8,0.0,1.0,1.0,0.0,0.0,0.0,2.0,0.0,0.0,0.0,0.0,0.0,0.03,0.03,0.0,0.03,Matches,0.0
2003-2004,EPL,Birmingham City,Stan Lazaridis,au AUS,"DF,MF",30.0,30.0,25.0,2125.0,23.6,2.0,5.0,7.0,2.0,0.0,0.0,0.0,0.0,0.0,0.0,0.0,0.08,0.21,0.3,0.08,0.3,Matches,0.0
2003-2004,EPL,Birmingham City,Jamie Clapham,eng ENG,DF,27.0,25.0,22.0,2015.0,22.4,0.0,1.0,1.0,0.0,0.0,0.0,0.0,0.0,0.0,0.0,0.0,0.0,0.04,0.04,0.0,0.04,Matches,0.0
2003-2004,EPL,Birmingham City,David Dunn,eng ENG,MF,23.0,21.0,20.0,1790.0,19.9,2.0,1.0,3.0,1.0,1.0,2.0,2.0,0.0,0.0,0.0,0.0,0.1,0.05,0.15,0.05,0.1,Matches,0.0
2003-2004,EPL,Birmingham City,Clinton Morrison,ie IRL,FW,24.0,32.0,19.0,1793.0,19.9,4.0,4.0,8.0,4.0,0.0,0.0,1.0,0.0,0.0,0.0,0.0,0.2,0.2,0.4,0.2,0.4,Matches,0.0
2003-2004,EPL,Birmingham City,Bryan Hughes,eng ENG,MF,27.0,26.0,17.0,1679.0,18.7,3.0,1.0,4.0,3.0,0.0,0.0,0.0,0.0,0.0,0.0,0.0,0.16,0.05,0.21,0.16,0.21,Matches,0.0
2003-2004,EPL,Birmingham City,Olivier Tébily,ci CIV,DF,27.0,27.0,17.0,1553.0,17.3,0.0,0.0,0.0,0.0,0.0,0.0,4.0,0.0,0.0,0.0,0.0,0.0,0.0,0.0,0.0,0.0,Matches,0.0
2003-2004,EPL,Birmingham City,Jeff Kenna,ie IRL,DF,32.0,17.0,14.0,1200.0,13.3,2.0,0.0,2.0,2.0,0.0,0.0,1.0,0.0,0.0,0.0,0.0,0.15,0.0,0.15,0.15,0.15,Matches,0.0
2003-2004,EPL,Birmingham City,Christophe Dugarry,fr FRA,"FW,MF",31.0,14.0,12.0,992.0,11.0,1.0,1.0,2.0,1.0,0.0,0.0,4.0,1.0,0.0,0.0,0.0,0.09,0.09,0.18,0.09,0.18,Matches,0.0
2003-2004,EPL,Birmingham City,Martin Taylor,eng ENG,DF,23.0,12.0,11.0,993.0,11.0,1.0,0.0,1.0,1.0,0.0,0.0,0.0,0.0,0.0,0.0,0.0,0.09,0.0,0.09,0.09,0.09,Matches,0.0
2003-2004,EPL,Birmingham City,Darren Purse,eng ENG,DF,26.0,9.0,9.0,802.0,8.9,0.0,0.0,0.0,0.0,0.0,0.0,0.0,1.0,0.0,0.0,0.0,0.0,0.0,0.0,0.0,0.0,Matches,0.0
2003-2004,EPL,Birmingham City,Stern John,tt TRI,FW,26.0,29.0,7.0,830.0,9.2,4.0,0.0,4.0,4.0,0.0,0.0,0.0,0.0,0.0,0.0,0.0,0.43,0.0,0.43,0.43,0.43,Matches,0.0
2003-2004,EPL,Birmingham City,Aliou Cissé,sn SEN,"DF,MF",27.0,15.0,5.0,535.0,5.9,0.0,0.0,0.0,0.0,0.0,0.0,5.0,0.0,0.0,0.0,0.0,0.0,0.0,0.0,0.0,0.0,Matches,0.0
2003-2004,EPL,Birmingham City,Ian Bennett,eng ENG,GK,31.0,6.0,4.0,461.0,5.1,0.0,0.0,0.0,0.0,0.0,0.0,0.0,0.0,0.0,0.0,0.0,0.0,0.0,0.0,0.0,0.0,Matches,0.0
2003-2004,EPL,Birmingham City,Martin Grainger,eng ENG,DF,30.0,4.0,3.0,250.0,2.8,1.0,1.0,2.0,1.0,0.0,0.0,0.0,0.0,0.0,0.0,0.0,0.36,0.36,0.72,0.36,0.72,Matches,0.0
2003-2004,EPL,Birmingham City,Geoff Horsfield,eng ENG,FW,29.0,3.0,2.0,147.0,1.6,0.0,0.0,0.0,0.0,0.0,0.0,0.0,0.0,0.0,0.0,0.0,0.0,0.0,0.0,0.0,0.0,Matches,0.0
2003-2004,EPL,Birmingham City,Darren Carter,eng ENG,"DF,MF",19.0,5.0,1.0,74.0,0.8,0.0,0.0,0.0,0.0,0.0,0.0,0.0,0.0,0.0,0.0,0.0,0.0,0.0,0.0,0.0,0.0,Matches,0.0
2003-2004,EPL,Birmingham City,Jovan Kirovski,us USA,FW,27.0,6.0,0.0,69.0,0.8,0.0,0.0,0.0,0.0,0.0,0.0,0.0,0.0,0.0,0.0,0.0,0.0,0.0,0.0,0.0,0.0,Matches,0.0
2003-2004,EPL,Birmingham City,Paul Devlin,sct SCO,MF,31.0,2.0,0.0,20.0,0.2,0.0,0.0,0.0,0.0,0.0,0.0,0.0,0.0,0.0,0.0,0.0,0.0,0.0,0.0,0.0,0.0,Matches,0.0
2003-2004,EPL,Birmingham City,Andrew Barrowman,sct SCO,FW,18.0,1.0,0.0,3.0,0.0,0.0,0.0,0.0,0.0,0.0,0.0,0.0,0.0,0.0,0.0,0.0,0.0,0.0,0.0,0.0,0.0,Matches,0.0
2003-2004,EPL,Birmingham City,Luciano Figueroa,ar ARG,FW,22.0,1.0,0.0,3.0,0.0,0.0,0.0,0.0,0.0,0.0,0.0,0.0,0.0,0.0,0.0,0.0,0.0,0.0,0.0,0.0,0.0,Matches,0.0
2003-2004,EPL,Birmingham City,Squad Total,0,0,27.4,38.0,428.0,0.0,0.0,43.0,29.0,72.0,39.0,4.0,5.0,45.0,5.0,0.0,0.0,0.0,1.13,0.76,1.89,1.03,1.79,0,0.0
2003-2004,EPL,Birmingham City,Opponent Total,0,0,27.2,38.0,428.0,0.0,0.0,0.0,0.0,0.0,0.0,0.0,0.0,0.0,0.0,0.0,0.0,0.0,0.0,0.0,0.0,0.0,0.0,0,0.0
2003-2004,EPL,Middlesbrough,Mark Schwarzer,au AUS,GK,30.0,0.0,36.0,3240.0,36.0,0.0,0.0,0.0,0.0,0.0,0.0,0.0,0.0,0.0,0.0,0.0,0.0,0.0,0.0,0.0,0.0,Matches,36.0
2003-2004,EPL,Middlesbrough,George Boateng,nl NED,MF,27.0,0.0,35.0,3121.0,34.7,0.0,2.0,2.0,0.0,0.0,0.0,6.0,0.0,0.0,0.0,0.0,0.0,0.06,0.06,0.0,0.06,Matches,35.0
2003-2004,EPL,Middlesbrough,Boudewijn Zenden,nl NED,"DF,FW",26.0,0.0,31.0,2737.0,30.4,4.0,4.0,8.0,4.0,0.0,0.0,4.0,1.0,0.0,0.0,0.0,0.13,0.13,0.26,0.13,0.26,Matches,31.0
2003-2004,EPL,Middlesbrough,Franck Queudrue,fr FRA,DF,24.0,0.0,31.0,2695.0,29.9,0.0,1.0,1.0,0.0,0.0,0.0,4.0,0.0,0.0,0.0,0.0,0.0,0.03,0.03,0.0,0.03,Matches,31.0
2003-2004,EPL,Middlesbrough,Gaizka Mendieta,es ESP,MF,29.0,0.0,30.0,2661.0,29.6,2.0,4.0,6.0,2.0,0.0,0.0,3.0,0.0,0.0,0.0,0.0,0.07,0.14,0.2,0.07,0.2,Matches,31.0
2003-2004,EPL,Middlesbrough,Danny Mills,eng ENG,DF,26.0,0.0,28.0,2503.0,27.8,1.0,1.0,2.0,1.0,0.0,0.0,7.0,0.0,0.0,0.0,0.0,0.04,0.04,0.07,0.04,0.07,Matches,28.0
2003-2004,EPL,Middlesbrough,Gareth Southgate,eng ENG,DF,32.0,0.0,27.0,2430.0,27.0,1.0,2.0,3.0,1.0,0.0,0.0,1.0,0.0,0.0,0.0,0.0,0.04,0.07,0.11,0.04,0.11,Matches,27.0
2003-2004,EPL,Middlesbrough,Juninho Paulista,br BRA,MF,30.0,0.0,26.0,2293.0,25.5,8.0,2.0,10.0,8.0,0.0,0.0,2.0,0.0,0.0,0.0,0.0,0.31,0.08,0.39,0.31,0.39,Matches,31.0
2003-2004,EPL,Middlesbrough,Joseph-Désiré Job,cm CMR,"FW,MF",25.0,0.0,19.0,1579.0,17.5,6.0,3.0,9.0,6.0,0.0,1.0,1.0,0.0,0.0,0.0,0.0,0.34,0.17,0.51,0.34,0.51,Matches,24.0
2003-2004,EPL,Middlesbrough,Doriva,br BRA,MF,31.0,0.0,19.0,1533.0,17.0,0.0,2.0,2.0,0.0,0.0,0.0,6.0,0.0,0.0,0.0,0.0,0.0,0.12,0.12,0.0,0.12,Matches,21.0
2003-2004,EPL,Middlesbrough,Szilárd Németh,sk SVK,FW,25.0,0.0,17.0,1617.0,18.0,9.0,2.0,11.0,9.0,0.0,0.0,2.0,0.0,0.0,0.0,0.0,0.5,0.11,0.61,0.5,0.61,Matches,32.0
2003-2004,EPL,Middlesbrough,Jonathan Greening,eng ENG,MF,24.0,0.0,17.0,1603.0,17.8,1.0,2.0,3.0,1.0,0.0,0.0,5.0,0.0,0.0,0.0,0.0,0.06,0.11,0.17,0.06,0.17,Matches,25.0
2003-2004,EPL,Middlesbrough,Colin Cooper,eng ENG,DF,36.0,0.0,17.0,1439.0,16.0,0.0,0.0,0.0,0.0,0.0,0.0,3.0,0.0,0.0,0.0,0.0,0.0,0.0,0.0,0.0,0.0,Matches,19.0
2003-2004,EPL,Middlesbrough,Ugo Ehiogu,eng ENG,DF,30.0,0.0,16.0,1395.0,15.5,0.0,0.0,0.0,0.0,0.0,0.0,4.0,0.0,0.0,0.0,0.0,0.0,0.0,0.0,0.0,0.0,Matches,16.0
2003-2004,EPL,Middlesbrough,Chris Riggott,eng ENG,DF,22.0,0.0,14.0,1271.0,14.1,0.0,0.0,0.0,0.0,0.0,0.0,2.0,0.0,0.0,0.0,0.0,0.0,0.0,0.0,0.0,0.0,Matches,17.0
2003-2004,EPL,Middlesbrough,Massimo Maccarone,it ITA,FW,23.0,0.0,13.0,1223.0,13.6,6.0,2.0,8.0,5.0,1.0,1.0,2.0,0.0,0.0,0.0,0.0,0.44,0.15,0.59,0.37,0.52,Matches,23.0
2003-2004,EPL,Middlesbrough,Stuart Parnaby,eng ENG,DF,21.0,0.0,8.0,813.0,9.0,0.0,0.0,0.0,0.0,0.0,0.0,1.0,0.0,0.0,0.0,0.0,0.0,0.0,0.0,0.0,0.0,Matches,13.0
2003-2004,EPL,Middlesbrough,Andrew Davies,eng ENG,DF,18.0,0.0,8.0,721.0,8.0,0.0,0.0,0.0,0.0,0.0,0.0,0.0,0.0,0.0,0.0,0.0,0.0,0.0,0.0,0.0,0.0,Matches,10.0
2003-2004,EPL,Middlesbrough,Michael Ricketts,eng ENG,FW,24.0,0.0,7.0,778.0,8.6,2.0,1.0,3.0,0.0,2.0,2.0,2.0,0.0,0.0,0.0,0.0,0.23,0.12,0.35,0.0,0.12,Matches,23.0
2003-2004,EPL,Middlesbrough,Stewart Downing,eng ENG,"FW,MF",19.0,0.0,7.0,775.0,8.6,0.0,1.0,1.0,0.0,0.0,0.0,0.0,0.0,0.0,0.0,0.0,0.0,0.12,0.12,0.0,0.12,Matches,20.0
2003-2004,EPL,Middlesbrough,Malcolm Christie,eng ENG,FW,24.0,0.0,7.0,664.0,7.4,1.0,1.0,2.0,1.0,0.0,1.0,1.0,0.0,0.0,0.0,0.0,0.14,0.14,0.27,0.14,0.27,Matches,10.0
2003-2004,EPL,Middlesbrough,Alan Wright,eng ENG,DF,31.0,0.0,2.0,180.0,2.0,0.0,0.0,0.0,0.0,0.0,0.0,0.0,0.0,0.0,0.0,0.0,0.0,0.0,0.0,0.0,0.0,Matches,2.0
2003-2004,EPL,Middlesbrough,Brad Jones,au AUS,GK,21.0,0.0,1.0,90.0,1.0,0.0,0.0,0.0,0.0,0.0,0.0,0.0,0.0,0.0,0.0,0.0,0.0,0.0,0.0,0.0,0.0,Matches,1.0
2003-2004,EPL,Middlesbrough,Carlo Nash,eng ENG,GK,29.0,0.0,1.0,90.0,1.0,0.0,0.0,0.0,0.0,0.0,0.0,0.0,0.0,0.0,0.0,0.0,0.0,0.0,0.0,0.0,0.0,Matches,1.0
2003-2004,EPL,Middlesbrough,Carlos Marinelli,ar ARG,MF,21.0,0.0,1.0,55.0,0.6,1.0,0.0,1.0,1.0,0.0,0.0,0.0,0.0,0.0,0.0,0.0,1.64,0.0,1.64,1.64,1.64,Matches,1.0
2003-2004,EPL,Middlesbrough,Robbie Stockdale,sct SCO,DF,23.0,0.0,0.0,83.0,0.9,0.0,0.0,0.0,0.0,0.0,0.0,0.0,0.0,0.0,0.0,0.0,0.0,0.0,0.0,0.0,0.0,Matches,2.0
2003-2004,EPL,Middlesbrough,James Morrison,sct SCO,"FW,MF",17.0,0.0,0.0,29.0,0.3,0.0,0.0,0.0,0.0,0.0,0.0,0.0,0.0,0.0,0.0,0.0,0.0,0.0,0.0,0.0,0.0,Matches,1.0
2003-2004,EPL,Middlesbrough,Squad Total,0,0,27.6,0.0,418.0,0.0,0.0,42.0,28.0,70.0,39.0,3.0,5.0,52.0,1.0,0.0,0.0,0.0,1.11,0.74,1.84,1.03,1.76,0,38.0
2003-2004,EPL,Middlesbrough,Opponent Total,0,0,27.0,0.0,418.0,0.0,0.0,0.0,0.0,0.0,0.0,0.0,0.0,0.0,0.0,0.0,0.0,0.0,0.0,0.0,0.0,0.0,0.0,0,38.0
2003-2004,EPL,Southampton,Paul Telfer,sct SCO,"DF,MF",31.0,37.0,33.0,3040.0,33.8,0.0,2.0,2.0,0.0,0.0,0.0,3.0,0.0,0.0,0.0,0.0,0.0,0.06,0.06,0.0,0.06,Matches,0.0
2003-2004,EPL,Southampton,James Beattie,eng ENG,FW,25.0,37.0,32.0,2965.0,32.9,14.0,6.0,20.0,12.0,2.0,2.0,3.0,0.0,0.0,0.0,0.0,0.42,0.18,0.61,0.36,0.55,Matches,0.0
2003-2004,EPL,Southampton,Claus Lundekvam,no NOR,DF,30.0,31.0,31.0,2512.0,27.9,0.0,2.0,2.0,0.0,0.0,0.0,2.0,0.0,0.0,0.0,0.0,0.0,0.07,0.07,0.0,0.07,Matches,0.0
2003-2004,EPL,Southampton,Kevin Phillips,eng ENG,FW,30.0,34.0,28.0,2594.0,28.8,13.0,3.0,16.0,13.0,0.0,0.0,2.0,1.0,0.0,0.0,0.0,0.45,0.1,0.56,0.45,0.56,Matches,0.0
2003-2004,EPL,Southampton,Antti Niemi,fi FIN,GK,31.0,28.0,28.0,2520.0,28.0,0.0,0.0,0.0,0.0,0.0,0.0,1.0,0.0,0.0,0.0,0.0,0.0,0.0,0.0,0.0,0.0,Matches,0.0
2003-2004,EPL,Southampton,Jason Dodd,eng ENG,DF,32.0,28.0,27.0,2372.0,26.4,1.0,3.0,4.0,1.0,0.0,0.0,2.0,0.0,0.0,0.0,0.0,0.04,0.11,0.15,0.04,0.15,Matches,0.0
2003-2004,EPL,Southampton,Michael Svensson,se SWE,DF,27.0,26.0,26.0,2336.0,26.0,2.0,1.0,3.0,2.0,0.0,0.0,7.0,1.0,0.0,0.0,0.0,0.08,0.04,0.12,0.08,0.12,Matches,0.0
2003-2004,EPL,Southampton,Rory Delap,ie IRL,MF,27.0,27.0,26.0,2180.0,24.2,1.0,2.0,3.0,1.0,0.0,0.0,1.0,0.0,0.0,0.0,0.0,0.04,0.08,0.12,0.04,0.12,Matches,0.0
2003-2004,EPL,Southampton,Danny Higginbotham,gi GIB,DF,24.0,27.0,24.0,2286.0,25.4,0.0,0.0,0.0,0.0,0.0,0.0,3.0,0.0,0.0,0.0,0.0,0.0,0.0,0.0,0.0,0.0,Matches,0.0
2003-2004,EPL,Southampton,David Prutton,eng ENG,MF,21.0,26.0,21.0,1960.0,21.8,1.0,2.0,3.0,1.0,0.0,0.0,4.0,1.0,0.0,0.0,0.0,0.05,0.09,0.14,0.05,0.14,Matches,0.0
2003-2004,EPL,Southampton,Fabrice Fernandes,fr FRA,MF,23.0,27.0,21.0,1760.0,19.6,1.0,2.0,3.0,1.0,0.0,0.0,2.0,0.0,0.0,0.0,0.0,0.05,0.1,0.15,0.05,0.15,Matches,0.0
2003-2004,EPL,Southampton,Graeme Le Saux,eng ENG,DF,34.0,19.0,19.0,1562.0,17.4,0.0,1.0,1.0,0.0,0.0,0.0,4.0,0.0,0.0,0.0,0.0,0.0,0.06,0.06,0.0,0.06,Matches,0.0
2003-2004,EPL,Southampton,Anders Svensson,se SWE,MF,27.0,30.0,17.0,1523.0,16.9,0.0,2.0,2.0,0.0,0.0,0.0,6.0,0.0,0.0,0.0,0.0,0.0,0.12,0.12,0.0,0.12,Matches,0.0
2003-2004,EPL,Southampton,Brett Ormerod,eng ENG,FW,26.0,22.0,14.0,1202.0,13.4,5.0,0.0,5.0,5.0,0.0,0.0,1.0,0.0,0.0,0.0,0.0,0.37,0.0,0.37,0.37,0.37,Matches,0.0
2003-2004,EPL,Southampton,Chris Marsden,eng ENG,MF,34.0,13.0,9.0,856.0,9.5,0.0,1.0,1.0,0.0,0.0,0.0,4.0,0.0,0.0,0.0,0.0,0.0,0.11,0.11,0.0,0.11,Matches,0.0
2003-2004,EPL,Southampton,Yoann Folly,tg TOG,MF,18.0,9.0,9.0,810.0,9.0,0.0,0.0,0.0,0.0,0.0,0.0,1.0,0.0,0.0,0.0,0.0,0.0,0.0,0.0,0.0,0.0,Matches,0.0
2003-2004,EPL,Southampton,Neil McCann,sct SCO,MF,28.0,18.0,9.0,798.0,8.9,0.0,0.0,0.0,0.0,0.0,0.0,4.0,0.0,0.0,0.0,0.0,0.0,0.0,0.0,0.0,0.0,Matches,0.0
2003-2004,EPL,Southampton,Fitz Hall,eng ENG,"DF,FW",22.0,11.0,7.0,750.0,8.3,0.0,0.0,0.0,0.0,0.0,0.0,0.0,0.0,0.0,0.0,0.0,0.0,0.0,0.0,0.0,0.0,Matches,0.0
2003-2004,EPL,Southampton,Matt Oakley,eng ENG,MF,25.0,7.0,7.0,630.0,7.0,0.0,1.0,1.0,0.0,0.0,0.0,2.0,0.0,0.0,0.0,0.0,0.0,0.14,0.14,0.0,0.14,Matches,0.0
2003-2004,EPL,Southampton,Marians Pahars,lv LVA,"FW,MF",26.0,14.0,6.0,584.0,6.5,2.0,1.0,3.0,2.0,0.0,0.0,0.0,0.0,0.0,0.0,0.0,0.31,0.15,0.46,0.31,0.46,Matches,0.0
2003-2004,EPL,Southampton,Stephen Crainey,sct SCO,DF,22.0,5.0,5.0,440.0,4.9,0.0,1.0,1.0,0.0,0.0,0.0,0.0,0.0,0.0,0.0,0.0,0.0,0.2,0.2,0.0,0.2,Matches,0.0
2003-2004,EPL,Southampton,Darren Kenton,eng ENG,DF,24.0,7.0,3.0,363.0,4.0,0.0,0.0,0.0,0.0,0.0,0.0,0.0,0.0,0.0,0.0,0.0,0.0,0.0,0.0,0.0,0.0,Matches,0.0
2003-2004,EPL,Southampton,Alan Blayney,nir NIR,GK,21.0,2.0,2.0,180.0,2.0,0.0,0.0,0.0,0.0,0.0,0.0,0.0,0.0,0.0,0.0,0.0,0.0,0.0,0.0,0.0,0.0,Matches,0.0
2003-2004,EPL,Southampton,Léandre Griffit,fr FRA,"FW,MF",19.0,5.0,2.0,149.0,1.7,2.0,0.0,2.0,2.0,0.0,0.0,0.0,0.0,0.0,0.0,0.0,1.21,0.0,1.21,1.21,1.21,Matches,0.0
2003-2004,EPL,Southampton,Chris Baird,nir NIR,"DF,MF",21.0,4.0,1.0,192.0,2.1,0.0,0.0,0.0,0.0,0.0,0.0,1.0,0.0,0.0,0.0,0.0,0.0,0.0,0.0,0.0,0.0,Matches,0.0
2003-2004,EPL,Southampton,Jo Tessem,no NOR,MF,31.0,3.0,1.0,98.0,1.1,0.0,0.0,0.0,0.0,0.0,0.0,0.0,0.0,0.0,0.0,0.0,0.0,0.0,0.0,0.0,0.0,Matches,0.0
2003-2004,EPL,Southampton,Agustín Delgado,ec ECU,FW,28.0,4.0,0.0,54.0,0.6,0.0,0.0,0.0,0.0,0.0,0.0,0.0,0.0,0.0,0.0,0.0,0.0,0.0,0.0,0.0,0.0,Matches,0.0
2003-2004,EPL,Southampton,Squad Total,0,0,27.9,38.0,403.0,0.0,0.0,43.0,27.0,70.0,41.0,2.0,2.0,51.0,3.0,0.0,0.0,0.0,1.13,0.71,1.84,1.08,1.79,0,0.0
2003-2004,EPL,Southampton,Opponent Total,0,0,27.2,38.0,403.0,0.0,0.0,0.0,0.0,0.0,0.0,0.0,0.0,0.0,0.0,0.0,0.0,0.0,0.0,0.0,0.0,0.0,0.0,0,0.0
2003-2004,EPL,Portsmouth,Arjan de Zeeuw,nl NED,DF,33.0,36.0,36.0,3240.0,36.0,1.0,3.0,4.0,1.0,0.0,0.0,7.0,0.0,0.0,0.0,0.0,0.03,0.08,0.11,0.03,0.11,Matches,0.0
2003-2004,EPL,Portsmouth,Yakubu Aiyegbeni,ng NGA,FW,20.0,37.0,35.0,3124.0,34.7,16.0,3.0,19.0,14.0,2.0,2.0,2.0,0.0,0.0,0.0,0.0,0.46,0.09,0.55,0.4,0.49,Matches,0.0
2003-2004,EPL,Portsmouth,Dejan Stefanović,rs SRB,DF,28.0,32.0,32.0,2825.0,31.4,3.0,0.0,3.0,3.0,0.0,0.0,4.0,1.0,0.0,0.0,0.0,0.1,0.0,0.1,0.1,0.1,Matches,0.0
2003-2004,EPL,Portsmouth,Shaka Hislop,tt TRI,GK,34.0,30.0,30.0,2700.0,30.0,0.0,0.0,0.0,0.0,0.0,0.0,1.0,0.0,0.0,0.0,0.0,0.0,0.0,0.0,0.0,0.0,Matches,0.0
2003-2004,EPL,Portsmouth,Steve Stone,eng ENG,MF,31.0,32.0,29.0,2543.0,28.3,2.0,5.0,7.0,2.0,0.0,0.0,3.0,1.0,0.0,0.0,0.0,0.07,0.18,0.25,0.07,0.25,Matches,0.0
2003-2004,EPL,Portsmouth,Amdy Faye,sn SEN,"DF,MF",26.0,27.0,27.0,2281.0,25.3,0.0,0.0,0.0,0.0,0.0,0.0,6.0,0.0,0.0,0.0,0.0,0.0,0.0,0.0,0.0,0.0,Matches,0.0
2003-2004,EPL,Portsmouth,Teddy Sheringham,eng ENG,FW,37.0,32.0,25.0,2215.0,24.6,9.0,4.0,13.0,8.0,1.0,1.0,5.0,0.0,0.0,0.0,0.0,0.37,0.16,0.53,0.33,0.49,Matches,0.0
2003-2004,EPL,Portsmouth,Alexey Smertin,ru RUS,MF,28.0,26.0,23.0,2066.0,23.0,0.0,1.0,1.0,0.0,0.0,0.0,2.0,0.0,0.0,0.0,0.0,0.0,0.04,0.04,0.0,0.04,Matches,0.0
2003-2004,EPL,Portsmouth,Patrik Berger,cz CZE,MF,29.0,20.0,20.0,1689.0,18.8,5.0,5.0,10.0,5.0,0.0,0.0,3.0,1.0,0.0,0.0,0.0,0.27,0.27,0.53,0.27,0.53,Matches,0.0
2003-2004,EPL,Portsmouth,John Curtis,eng ENG,DF,24.0,21.0,19.0,1702.0,18.9,1.0,0.0,1.0,1.0,0.0,0.0,0.0,0.0,0.0,0.0,0.0,0.05,0.0,0.05,0.05,0.05,Matches,0.0
2003-2004,EPL,Portsmouth,Linvoy Primus,eng ENG,DF,29.0,21.0,19.0,1607.0,17.9,0.0,0.0,0.0,0.0,0.0,0.0,0.0,0.0,0.0,0.0,0.0,0.0,0.0,0.0,0.0,0.0,Matches,0.0
2003-2004,EPL,Portsmouth,Matthew Taylor,eng ENG,"DF,MF",21.0,30.0,18.0,1834.0,20.4,0.0,3.0,3.0,0.0,0.0,0.0,2.0,0.0,0.0,0.0,0.0,0.0,0.15,0.15,0.0,0.15,Matches,0.0
2003-2004,EPL,Portsmouth,Nigel Quashie,sct SCO,MF,25.0,21.0,17.0,1601.0,17.8,1.0,0.0,0.0,0.0,0.0,0.0,5.0,0.0,0.0,0.0,0.0,0.06,0.0,0.0,0.0,0.0,Matches,0.0
2003-2004,EPL,Portsmouth,Boris Živković,hr CRO,DF,27.0,18.0,17.0,1532.0,17.0,0.0,1.0,1.0,0.0,0.0,0.0,3.0,0.0,0.0,0.0,0.0,0.0,0.06,0.06,0.0,0.06,Matches,0.0
2003-2004,EPL,Portsmouth,Lomana LuaLua,cd COD,"FW,MF",22.0,22.0,12.0,1165.0,12.9,4.0,1.0,5.0,4.0,0.0,0.0,1.0,0.0,0.0,0.0,0.0,0.31,0.08,0.39,0.31,0.39,Matches,0.0
2003-2004,EPL,Portsmouth,Sébastien Schemmel,fr FRA,DF,28.0,14.0,12.0,1035.0,11.5,0.0,1.0,1.0,0.0,0.0,0.0,5.0,0.0,0.0,0.0,0.0,0.0,0.09,0.09,0.0,0.09,Matches,0.0
2003-2004,EPL,Portsmouth,Petri Pasanen,fi FIN,DF,22.0,12.0,11.0,940.0,10.4,0.0,0.0,0.0,0.0,0.0,0.0,0.0,0.0,0.0,0.0,0.0,0.0,0.0,0.0,0.0,0.0,Matches,0.0
2003-2004,EPL,Portsmouth,Eyal Berkovic,il ISR,MF,31.0,11.0,10.0,820.0,9.1,1.0,1.0,2.0,1.0,0.0,0.0,2.0,0.0,0.0,0.0,0.0,0.11,0.11,0.22,0.11,0.22,Matches,0.0
2003-2004,EPL,Portsmouth,Hayden Foxe,au AUS,DF,26.0,10.0,8.0,738.0,8.2,1.0,0.0,1.0,1.0,0.0,0.0,2.0,0.0,0.0,0.0,0.0,0.12,0.0,0.12,0.12,0.12,Matches,0.0
2003-2004,EPL,Portsmouth,Richard Hughes,sct SCO,MF,24.0,11.0,8.0,700.0,7.8,0.0,0.0,0.0,0.0,0.0,0.0,1.0,0.0,0.0,0.0,0.0,0.0,0.0,0.0,0.0,0.0,Matches,0.0
2003-2004,EPL,Portsmouth,Tim Sherwood,eng ENG,MF,34.0,13.0,7.0,668.0,7.4,0.0,1.0,1.0,0.0,0.0,0.0,6.0,0.0,0.0,0.0,0.0,0.0,0.13,0.13,0.0,0.13,Matches,0.0
2003-2004,EPL,Portsmouth,Harald Wapenaar,nl NED,GK,33.0,5.0,5.0,450.0,5.0,0.0,0.0,0.0,0.0,0.0,0.0,0.0,0.0,0.0,0.0,0.0,0.0,0.0,0.0,0.0,0.0,Matches,0.0
2003-2004,EPL,Portsmouth,Jason Roberts,gd GRN,FW,25.0,10.0,4.0,477.0,5.3,1.0,0.0,1.0,1.0,0.0,0.0,0.0,0.0,0.0,0.0,0.0,0.19,0.0,0.19,0.19,0.19,Matches,0.0
2003-2004,EPL,Portsmouth,Ivica Mornar,hr CRO,"FW,MF",29.0,8.0,3.0,355.0,3.9,1.0,0.0,1.0,1.0,0.0,0.0,0.0,0.0,0.0,0.0,0.0,0.25,0.0,0.25,0.25,0.25,Matches,0.0
2003-2004,EPL,Portsmouth,Pavel Srníček,cz CZE,GK,35.0,3.0,3.0,270.0,3.0,0.0,0.0,0.0,0.0,0.0,0.0,0.0,0.0,0.0,0.0,0.0,0.0,0.0,0.0,0.0,0.0,Matches,0.0
2003-2004,EPL,Portsmouth,Gary O'Neil,eng ENG,MF,20.0,3.0,3.0,235.0,2.6,2.0,0.0,2.0,2.0,0.0,0.0,0.0,0.0,0.0,0.0,0.0,0.77,0.0,0.77,0.77,0.77,Matches,0.0
2003-2004,EPL,Portsmouth,Svetoslav Todorov,bg BUL,FW,24.0,1.0,1.0,45.0,0.5,0.0,0.0,0.0,0.0,0.0,0.0,0.0,0.0,0.0,0.0,0.0,0.0,0.0,0.0,0.0,0.0,Matches,0.0
2003-2004,EPL,Portsmouth,Richard Duffy,wls WAL,DF,17.0,1.0,0.0,68.0,0.8,0.0,0.0,0.0,0.0,0.0,0.0,0.0,0.0,0.0,0.0,0.0,0.0,0.0,0.0,0.0,0.0,Matches,0.0
2003-2004,EPL,Portsmouth,Vincent Péricard,fr FRA,FW,20.0,6.0,0.0,58.0,0.6,0.0,0.0,0.0,0.0,0.0,0.0,1.0,0.0,0.0,0.0,0.0,0.0,0.0,0.0,0.0,0.0,Matches,0.0
2003-2004,EPL,Portsmouth,Kevin Harper,sct SCO,FW,27.0,7.0,0.0,57.0,0.6,0.0,0.0,0.0,0.0,0.0,0.0,0.0,0.0,0.0,0.0,0.0,0.0,0.0,0.0,0.0,0.0,Matches,0.0
2003-2004,EPL,Portsmouth,Deon Burton,jm JAM,FW,26.0,1.0,0.0,17.0,0.2,0.0,0.0,0.0,0.0,0.0,0.0,0.0,0.0,0.0,0.0,0.0,0.0,0.0,0.0,0.0,0.0,Matches,0.0
2003-2004,EPL,Portsmouth,Carl Robinson,wls WAL,MF,26.0,1.0,0.0,5.0,0.1,0.0,0.0,0.0,0.0,0.0,0.0,0.0,0.0,0.0,0.0,0.0,0.0,0.0,0.0,0.0,0.0,Matches,0.0
2003-2004,EPL,Portsmouth,Squad Total,0,0,28.5,38.0,433.0,0.0,0.0,49.0,31.0,80.0,46.0,3.0,3.0,60.0,3.0,0.0,0.0,0.0,1.29,0.82,2.11,1.21,2.03,0,0.0
2003-2004,EPL,Portsmouth,Opponent Total,0,0,27.3,38.0,433.0,0.0,0.0,0.0,0.0,0.0,0.0,0.0,0.0,0.0,0.0,0.0,0.0,0.0,0.0,0.0,0.0,0.0,0.0,0,0.0
2003-2004,EPL,Tottenham,Kasey Keller,us USA,GK,33.0,38.0,38.0,3420.0,38.0,0.0,0.0,0.0,0.0,0.0,0.0,0.0,0.0,0.0,0.0,0.0,0.0,0.0,0.0,0.0,0.0,Matches,0.0
2003-2004,EPL,Tottenham,Anthony Gardner,eng ENG,DF,22.0,33.0,33.0,2970.0,33.0,0.0,1.0,1.0,0.0,0.0,0.0,8.0,0.0,0.0,0.0,0.0,0.0,0.03,0.03,0.0,0.03,Matches,0.0
2003-2004,EPL,Tottenham,Stephen Carr,ie IRL,DF,26.0,32.0,32.0,2806.0,31.2,1.0,2.0,3.0,1.0,0.0,0.0,9.0,1.0,0.0,0.0,0.0,0.03,0.06,0.1,0.03,0.1,Matches,0.0
2003-2004,EPL,Tottenham,Robbie Keane,ie IRL,FW,23.0,34.0,31.0,2878.0,32.0,14.0,3.0,17.0,11.0,3.0,3.0,1.0,0.0,0.0,0.0,0.0,0.44,0.09,0.53,0.34,0.44,Matches,0.0
2003-2004,EPL,Tottenham,Mauricio Taricco,ar ARG,DF,30.0,32.0,31.0,2540.0,28.2,1.0,1.0,2.0,1.0,0.0,0.0,8.0,0.0,0.0,0.0,0.0,0.04,0.04,0.07,0.04,0.07,Matches,0.0
2003-2004,EPL,Tottenham,Ledley King,eng ENG,"DF,MF",22.0,29.0,28.0,2442.0,27.1,1.0,4.0,5.0,1.0,0.0,0.0,1.0,0.0,0.0,0.0,0.0,0.04,0.15,0.18,0.04,0.18,Matches,0.0
2003-2004,EPL,Tottenham,Dean Richards,eng ENG,DF,29.0,23.0,23.0,2070.0,23.0,0.0,1.0,1.0,0.0,0.0,0.0,3.0,0.0,0.0,0.0,0.0,0.0,0.04,0.04,0.0,0.04,Matches,0.0
2003-2004,EPL,Tottenham,Frédéric Kanouté,ml MLI,FW,25.0,27.0,19.0,1833.0,20.4,7.0,1.0,8.0,7.0,0.0,0.0,0.0,0.0,0.0,0.0,0.0,0.34,0.05,0.39,0.34,0.39,Matches,0.0
2003-2004,EPL,Tottenham,Michael Brown,eng ENG,MF,26.0,17.0,17.0,1491.0,16.6,1.0,1.0,2.0,1.0,0.0,0.0,1.0,0.0,0.0,0.0,0.0,0.06,0.06,0.12,0.06,0.12,Matches,0.0
2003-2004,EPL,Tottenham,Simon Davies,wls WAL,MF,23.0,17.0,17.0,1472.0,16.4,2.0,1.0,3.0,2.0,0.0,0.0,2.0,0.0,0.0,0.0,0.0,0.12,0.06,0.18,0.12,0.18,Matches,0.0
2003-2004,EPL,Tottenham,Gary Doherty,ie IRL,"DF,FW",23.0,17.0,16.0,1451.0,16.1,1.0,0.0,1.0,1.0,0.0,0.0,3.0,0.0,0.0,0.0,0.0,0.06,0.0,0.06,0.06,0.06,Matches,0.0
2003-2004,EPL,Tottenham,Darren Anderton,eng ENG,MF,31.0,20.0,16.0,1435.0,15.9,1.0,4.0,5.0,1.0,0.0,0.0,4.0,0.0,0.0,0.0,0.0,0.06,0.25,0.31,0.06,0.31,Matches,0.0
2003-2004,EPL,Tottenham,Jermain Defoe,eng ENG,FW,20.0,15.0,14.0,1277.0,14.2,7.0,0.0,7.0,7.0,0.0,0.0,1.0,0.0,0.0,0.0,0.0,0.49,0.0,0.49,0.49,0.49,Matches,0.0
2003-2004,EPL,Tottenham,Jamie Redknapp,eng ENG,MF,30.0,17.0,14.0,1271.0,14.1,1.0,0.0,0.0,0.0,0.0,0.0,6.0,0.0,0.0,0.0,0.0,0.07,0.0,0.0,0.0,0.0,Matches,0.0
2003-2004,EPL,Tottenham,Rohan Ricketts,eng ENG,MF,20.0,24.0,12.0,1152.0,12.8,1.0,1.0,2.0,1.0,0.0,0.0,1.0,0.0,0.0,0.0,0.0,0.08,0.08,0.16,0.08,0.16,Matches,0.0
2003-2004,EPL,Tottenham,Stéphane Dalmat,fr FRA,MF,24.0,22.0,12.0,1118.0,12.4,3.0,1.0,4.0,3.0,0.0,0.0,2.0,0.0,0.0,0.0,0.0,0.24,0.08,0.32,0.24,0.32,Matches,0.0
2003-2004,EPL,Tottenham,Gus Poyet,uy URU,MF,35.0,20.0,12.0,961.0,10.7,3.0,1.0,4.0,3.0,0.0,0.0,1.0,0.0,0.0,0.0,0.0,0.28,0.09,0.37,0.28,0.37,Matches,0.0
2003-2004,EPL,Tottenham,Paul Konchesky,eng ENG,"DF,FW",22.0,12.0,10.0,830.0,9.2,0.0,1.0,1.0,0.0,0.0,0.0,4.0,0.0,0.0,0.0,0.0,0.0,0.11,0.11,0.0,0.11,Matches,0.0
2003-2004,EPL,Tottenham,Hélder Postiga,pt POR,FW,20.0,19.0,9.0,901.0,10.0,1.0,1.0,2.0,1.0,0.0,0.0,1.0,0.0,0.0,0.0,0.0,0.1,0.1,0.2,0.1,0.2,Matches,0.0
2003-2004,EPL,Tottenham,Johnnie Jackson,eng ENG,MF,20.0,11.0,9.0,734.0,8.2,1.0,2.0,3.0,1.0,0.0,0.0,0.0,0.0,0.0,0.0,0.0,0.12,0.25,0.37,0.12,0.37,Matches,0.0
2003-2004,EPL,Tottenham,Stephen Kelly,ie IRL,DF,19.0,11.0,7.0,735.0,8.2,0.0,0.0,0.0,0.0,0.0,0.0,0.0,0.0,0.0,0.0,0.0,0.0,0.0,0.0,0.0,0.0,Matches,0.0
2003-2004,EPL,Tottenham,Christian Ziege,de GER,"DF,MF",31.0,8.0,7.0,566.0,6.3,0.0,0.0,0.0,0.0,0.0,0.0,2.0,0.0,0.0,0.0,0.0,0.0,0.0,0.0,0.0,0.0,Matches,0.0
2003-2004,EPL,Tottenham,Bobby Zamora,eng ENG,FW,22.0,16.0,6.0,616.0,6.8,0.0,2.0,2.0,0.0,0.0,0.0,1.0,0.0,0.0,0.0,0.0,0.0,0.29,0.29,0.0,0.29,Matches,0.0
2003-2004,EPL,Tottenham,Goran Bunjevčević,rs SRB,DF,30.0,7.0,3.0,313.0,3.5,0.0,0.0,0.0,0.0,0.0,0.0,0.0,0.0,0.0,0.0,0.0,0.0,0.0,0.0,0.0,0.0,Matches,0.0
2003-2004,EPL,Tottenham,Mark Yeates,ie IRL,"DF,FW",18.0,1.0,1.0,90.0,1.0,0.0,1.0,1.0,0.0,0.0,0.0,0.0,0.0,0.0,0.0,0.0,0.0,1.0,1.0,0.0,1.0,Matches,0.0
2003-2004,EPL,Tottenham,Mbulelo Mabizela,za RSA,"DF,MF",22.0,6.0,0.0,103.0,1.1,1.0,0.0,1.0,1.0,0.0,0.0,1.0,0.0,0.0,0.0,0.0,0.87,0.0,0.87,0.87,0.87,Matches,0.0
2003-2004,EPL,Tottenham,Jonathan Blondel,be BEL,MF,19.0,1.0,0.0,26.0,0.3,0.0,0.0,0.0,0.0,0.0,0.0,1.0,0.0,0.0,0.0,0.0,0.0,0.0,0.0,0.0,0.0,Matches,0.0
2003-2004,EPL,Tottenham,Dean Marney,eng ENG,MF,19.0,2.0,0.0,24.0,0.3,0.0,0.0,0.0,0.0,0.0,0.0,1.0,0.0,0.0,0.0,0.0,0.0,0.0,0.0,0.0,0.0,Matches,0.0
2003-2004,EPL,Tottenham,Squad Total,0,0,26.2,38.0,407.0,0.0,0.0,47.0,33.0,80.0,44.0,3.0,3.0,45.0,0.0,0.0,0.0,0.0,1.24,0.87,2.11,1.16,2.03,0,0.0
2003-2004,EPL,Tottenham,Opponent Total,0,0,27.6,38.0,407.0,0.0,0.0,0.0,0.0,0.0,0.0,0.0,0.0,0.0,0.0,0.0,0.0,0.0,0.0,0.0,0.0,0.0,0.0,0,0.0
2003-2004,EPL,Blackburn,Brad Friedel,us USA,GK,32.0,36.0,36.0,3240.0,36.0,1.0,0.0,1.0,1.0,0.0,0.0,0.0,0.0,0.0,0.0,0.0,0.03,0.0,0.03,0.03,0.03,Matches,0.0
2003-2004,EPL,Blackburn,Brett Emerton,au AUS,"DF,MF",24.0,37.0,31.0,2871.0,31.9,2.0,11.0,13.0,2.0,0.0,0.0,4.0,0.0,0.0,0.0,0.0,0.06,0.34,0.41,0.06,0.41,Matches,0.0
2003-2004,EPL,Blackburn,Tugay Kerimoğlu,tr TUR,MF,32.0,36.0,30.0,2787.0,31.0,2.0,7.0,9.0,2.0,0.0,0.0,4.0,0.0,0.0,0.0,0.0,0.06,0.23,0.29,0.06,0.29,Matches,0.0
2003-2004,EPL,Blackburn,Lucas Neill,au AUS,DF,25.0,32.0,30.0,2592.0,28.8,2.0,0.0,2.0,2.0,0.0,0.0,6.0,1.0,0.0,0.0,0.0,0.07,0.0,0.07,0.07,0.07,Matches,0.0
2003-2004,EPL,Blackburn,Garry Flitcroft,eng ENG,MF,30.0,31.0,29.0,2396.0,26.6,3.0,1.0,4.0,3.0,0.0,0.0,9.0,0.0,0.0,0.0,0.0,0.11,0.04,0.15,0.11,0.15,Matches,0.0
2003-2004,EPL,Blackburn,Andy Cole,eng ENG,FW,31.0,34.0,27.0,2624.0,29.2,11.0,6.0,17.0,11.0,0.0,0.0,3.0,1.0,0.0,0.0,0.0,0.38,0.21,0.58,0.38,0.58,Matches,0.0
2003-2004,EPL,Blackburn,Markus Babbel,de GER,DF,30.0,25.0,23.0,2036.0,22.6,3.0,3.0,6.0,3.0,0.0,0.0,2.0,0.0,0.0,0.0,0.0,0.13,0.13,0.27,0.13,0.27,Matches,0.0
2003-2004,EPL,Blackburn,Vratislav Greško,sk SVK,DF,26.0,24.0,22.0,1891.0,21.0,2.0,1.0,3.0,2.0,0.0,0.0,6.0,0.0,0.0,0.0,0.0,0.1,0.05,0.14,0.1,0.14,Matches,0.0
2003-2004,EPL,Blackburn,Andy Todd,eng ENG,DF,28.0,19.0,19.0,1673.0,18.6,1.0,1.0,2.0,1.0,0.0,0.0,4.0,0.0,0.0,0.0,0.0,0.05,0.05,0.11,0.05,0.11,Matches,0.0
2003-2004,EPL,Blackburn,Craig Short,eng ENG,DF,35.0,19.0,19.0,1618.0,18.0,1.0,0.0,1.0,1.0,0.0,0.0,1.0,0.0,0.0,0.0,0.0,0.06,0.0,0.06,0.06,0.06,Matches,0.0
2003-2004,EPL,Blackburn,Dwight Yorke,tt TRI,"FW,MF",31.0,23.0,15.0,1359.0,15.1,4.0,2.0,6.0,4.0,0.0,0.0,0.0,0.0,0.0,0.0,0.0,0.26,0.13,0.4,0.26,0.4,Matches,0.0
2003-2004,EPL,Blackburn,Michael Gray,eng ENG,"DF,MF",28.0,14.0,14.0,1250.0,13.9,0.0,0.0,0.0,0.0,0.0,0.0,1.0,0.0,0.0,0.0,0.0,0.0,0.0,0.0,0.0,0.0,Matches,0.0
2003-2004,EPL,Blackburn,Barry Ferguson,sct SCO,MF,25.0,15.0,14.0,1211.0,13.5,1.0,1.0,2.0,1.0,0.0,0.0,3.0,0.0,0.0,0.0,0.0,0.07,0.07,0.15,0.07,0.15,Matches,0.0
2003-2004,EPL,Blackburn,Jonathan Douglas,ie IRL,MF,21.0,14.0,14.0,1131.0,12.6,1.0,0.0,1.0,1.0,0.0,0.0,3.0,0.0,0.0,0.0,0.0,0.08,0.0,0.08,0.08,0.08,Matches,0.0
2003-2004,EPL,Blackburn,Jon Stead,eng ENG,FW,20.0,13.0,13.0,1081.0,12.0,6.0,0.0,6.0,6.0,0.0,0.0,0.0,0.0,0.0,0.0,0.0,0.5,0.0,0.5,0.5,0.5,Matches,0.0
2003-2004,EPL,Blackburn,Paul Gallagher,sct SCO,"FW,MF",18.0,26.0,12.0,1114.0,12.4,3.0,4.0,7.0,3.0,0.0,0.0,2.0,0.0,0.0,0.0,0.0,0.24,0.32,0.57,0.24,0.57,Matches,0.0
2003-2004,EPL,Blackburn,Lorenzo Amoruso,it ITA,DF,32.0,12.0,11.0,991.0,11.0,3.0,0.0,3.0,3.0,0.0,0.0,3.0,0.0,0.0,0.0,0.0,0.27,0.0,0.27,0.27,0.27,Matches,0.0
2003-2004,EPL,Blackburn,Martin Andresen,no NOR,"FW,MF",26.0,11.0,11.0,861.0,9.6,0.0,0.0,0.0,0.0,0.0,0.0,3.0,0.0,0.0,0.0,0.0,0.0,0.0,0.0,0.0,0.0,Matches,0.0
2003-2004,EPL,Blackburn,Martin Taylor,eng ENG,DF,23.0,11.0,10.0,906.0,10.1,0.0,0.0,0.0,0.0,0.0,0.0,0.0,0.0,0.0,0.0,0.0,0.0,0.0,0.0,0.0,0.0,Matches,0.0
2003-2004,EPL,Blackburn,David Thompson,eng ENG,MF,25.0,11.0,10.0,872.0,9.7,1.0,1.0,2.0,1.0,0.0,0.0,5.0,0.0,0.0,0.0,0.0,0.1,0.1,0.21,0.1,0.21,Matches,0.0
2003-2004,EPL,Blackburn,Matt Jansen,eng ENG,FW,25.0,19.0,9.0,852.0,9.5,2.0,2.0,4.0,2.0,0.0,0.0,0.0,0.0,0.0,0.0,0.0,0.21,0.21,0.42,0.21,0.42,Matches,0.0
2003-2004,EPL,Blackburn,Steven Reid,ie IRL,"DF,MF",22.0,16.0,9.0,803.0,8.9,0.0,0.0,0.0,0.0,0.0,0.0,1.0,1.0,0.0,0.0,0.0,0.0,0.0,0.0,0.0,0.0,Matches,0.0
2003-2004,EPL,Blackburn,Nils-Eric Johansson,se SWE,DF,23.0,14.0,7.0,763.0,8.5,0.0,0.0,0.0,0.0,0.0,0.0,0.0,0.0,0.0,0.0,0.0,0.0,0.0,0.0,0.0,0.0,Matches,0.0
2003-2004,EPL,Blackburn,Peter Enckelman,fi FIN,GK,26.0,2.0,2.0,180.0,2.0,0.0,0.0,0.0,0.0,0.0,0.0,0.0,0.0,0.0,0.0,0.0,0.0,0.0,0.0,0.0,0.0,Matches,0.0
2003-2004,EPL,Blackburn,Alan Mahon,ie IRL,MF,25.0,3.0,1.0,169.0,1.9,0.0,1.0,1.0,0.0,0.0,0.0,0.0,0.0,0.0,0.0,0.0,0.0,0.53,0.53,0.0,0.53,Matches,0.0
2003-2004,EPL,Blackburn,Dino Baggio,it ITA,MF,32.0,9.0,0.0,161.0,1.8,1.0,0.0,1.0,1.0,0.0,0.0,1.0,0.0,0.0,0.0,0.0,0.56,0.0,0.56,0.56,0.56,Matches,0.0
2003-2004,EPL,Blackburn,Corrado Grabbi,it ITA,FW,28.0,5.0,0.0,74.0,0.8,0.0,1.0,1.0,0.0,0.0,0.0,0.0,0.0,0.0,0.0,0.0,0.0,1.22,1.22,0.0,1.22,Matches,0.0
2003-2004,EPL,Blackburn,Neil Danns,gy GUY,MF,20.0,1.0,0.0,16.0,0.2,0.0,0.0,0.0,0.0,0.0,0.0,0.0,0.0,0.0,0.0,0.0,0.0,0.0,0.0,0.0,0.0,Matches,0.0
2003-2004,EPL,Blackburn,Squad Total,0,0,28.2,38.0,412.0,0.0,0.0,52.0,39.0,91.0,52.0,0.0,0.0,58.0,3.0,0.0,0.0,0.0,1.37,1.03,2.39,1.37,2.39,0,0.0
2003-2004,EPL,Blackburn,Opponent Total,0,0,27.3,38.0,412.0,0.0,0.0,0.0,0.0,0.0,0.0,0.0,0.0,0.0,0.0,0.0,0.0,0.0,0.0,0.0,0.0,0.0,0.0,0,0.0
2003-2004,EPL,Manchester City,Sylvain Distin,fr FRA,DF,25.0,38.0,38.0,3420.0,38.0,2.0,0.0,2.0,2.0,0.0,0.0,6.0,0.0,0.0,0.0,0.0,0.05,0.0,0.05,0.05,0.05,Matches,0.0
2003-2004,EPL,Manchester City,Michael Tarnat,de GER,"DF,MF",33.0,32.0,32.0,2861.0,31.8,3.0,5.0,8.0,3.0,0.0,0.0,5.0,0.0,0.0,0.0,0.0,0.09,0.16,0.25,0.09,0.25,Matches,0.0
2003-2004,EPL,Manchester City,Shaun Wright-Phillips,eng ENG,"FW,MF",21.0,34.0,32.0,2847.0,31.6,7.0,2.0,9.0,7.0,0.0,0.0,2.0,1.0,0.0,0.0,0.0,0.22,0.06,0.28,0.22,0.28,Matches,0.0
2003-2004,EPL,Manchester City,Nicolas Anelka,fr FRA,FW,24.0,32.0,31.0,2737.0,30.4,16.0,4.0,20.0,12.0,4.0,4.0,1.0,1.0,0.0,0.0,0.0,0.53,0.13,0.66,0.39,0.53,Matches,0.0
2003-2004,EPL,Manchester City,Sun Jihai,cn CHN,DF,25.0,33.0,29.0,2635.0,29.3,1.0,5.0,6.0,1.0,0.0,0.0,8.0,0.0,0.0,0.0,0.0,0.03,0.17,0.2,0.03,0.2,Matches,0.0
2003-2004,EPL,Manchester City,Richard Dunne,ie IRL,DF,23.0,29.0,28.0,2500.0,27.8,0.0,1.0,1.0,0.0,0.0,0.0,5.0,0.0,0.0,0.0,0.0,0.0,0.04,0.04,0.0,0.04,Matches,0.0
2003-2004,EPL,Manchester City,Joey Barton,eng ENG,MF,20.0,28.0,24.0,2188.0,24.3,1.0,2.0,3.0,1.0,0.0,0.0,9.0,0.0,0.0,0.0,0.0,0.04,0.08,0.12,0.04,0.12,Matches,0.0
2003-2004,EPL,Manchester City,Robbie Fowler,eng ENG,FW,28.0,31.0,23.0,1911.0,21.2,7.0,0.0,7.0,7.0,0.0,0.0,2.0,0.0,0.0,0.0,0.0,0.33,0.0,0.33,0.33,0.33,Matches,0.0
2003-2004,EPL,Manchester City,Paul Bosvelt,nl NED,"DF,MF",33.0,25.0,22.0,1914.0,21.3,0.0,1.0,1.0,0.0,0.0,0.0,3.0,0.0,0.0,0.0,0.0,0.0,0.05,0.05,0.0,0.05,Matches,0.0
2003-2004,EPL,Manchester City,Trevor Sinclair,eng ENG,MF,30.0,29.0,20.0,1993.0,22.1,1.0,2.0,3.0,1.0,0.0,0.0,2.0,0.0,0.0,0.0,0.0,0.05,0.09,0.14,0.05,0.14,Matches,0.0
2003-2004,EPL,Manchester City,Steve McManaman,eng ENG,MF,31.0,22.0,20.0,1615.0,17.9,0.0,1.0,1.0,0.0,0.0,0.0,1.0,0.0,0.0,0.0,0.0,0.0,0.06,0.06,0.0,0.06,Matches,0.0
2003-2004,EPL,Manchester City,Antoine Sibierski,fr FRA,"FW,MF",28.0,32.0,19.0,1734.0,19.3,5.0,4.0,9.0,5.0,0.0,0.0,1.0,0.0,0.0,0.0,0.0,0.26,0.21,0.47,0.26,0.47,Matches,0.0
2003-2004,EPL,Manchester City,David Seaman,eng ENG,GK,39.0,19.0,19.0,1595.0,17.7,0.0,0.0,0.0,0.0,0.0,0.0,0.0,0.0,0.0,0.0,0.0,0.0,0.0,0.0,0.0,0.0,Matches,0.0
2003-2004,EPL,Manchester City,Claudio Reyna,us USA,MF,30.0,23.0,19.0,1564.0,17.4,1.0,1.0,2.0,1.0,0.0,0.0,0.0,0.0,0.0,0.0,0.0,0.06,0.06,0.12,0.06,0.12,Matches,0.0
2003-2004,EPL,Manchester City,David Sommeil,gp GLP,DF,28.0,18.0,18.0,1620.0,18.0,1.0,1.0,2.0,1.0,0.0,0.0,3.0,0.0,0.0,0.0,0.0,0.06,0.06,0.11,0.06,0.11,Matches,0.0
2003-2004,EPL,Manchester City,David James,eng ENG,GK,32.0,17.0,17.0,1530.0,17.0,0.0,0.0,0.0,0.0,0.0,0.0,0.0,0.0,0.0,0.0,0.0,0.0,0.0,0.0,0.0,0.0,Matches,0.0
2003-2004,EPL,Manchester City,Paulo Wanchope,cr CRC,FW,27.0,22.0,12.0,1195.0,13.3,6.0,2.0,8.0,6.0,0.0,0.0,1.0,0.0,0.0,0.0,0.0,0.45,0.15,0.6,0.45,0.6,Matches,0.0
2003-2004,EPL,Manchester City,Jon Macken,ie IRL,FW,25.0,15.0,7.0,658.0,7.3,1.0,2.0,3.0,1.0,0.0,0.0,0.0,0.0,0.0,0.0,0.0,0.14,0.27,0.41,0.14,0.41,Matches,0.0
2003-2004,EPL,Manchester City,Daniel Van Buyten,be BEL,DF,25.0,5.0,5.0,435.0,4.8,0.0,0.0,0.0,0.0,0.0,0.0,0.0,1.0,0.0,0.0,0.0,0.0,0.0,0.0,0.0,0.0,Matches,0.0
2003-2004,EPL,Manchester City,Kevin Stuhr Ellegaard,dk DEN,GK,20.0,4.0,2.0,295.0,3.3,0.0,0.0,0.0,0.0,0.0,0.0,0.0,0.0,0.0,0.0,0.0,0.0,0.0,0.0,0.0,0.0,Matches,0.0
2003-2004,EPL,Manchester City,Danny Tiatto,au AUS,"DF,MF",30.0,5.0,1.0,148.0,1.6,0.0,1.0,1.0,0.0,0.0,0.0,1.0,0.0,0.0,0.0,0.0,0.0,0.61,0.61,0.0,0.61,Matches,0.0
2003-2004,EPL,Manchester City,Eyal Berkovic,il ISR,MF,31.0,3.0,0.0,141.0,1.6,0.0,0.0,0.0,0.0,0.0,0.0,0.0,0.0,0.0,0.0,0.0,0.0,0.0,0.0,0.0,0.0,Matches,0.0
2003-2004,EPL,Manchester City,Stephen Elliott,ie IRL,FW,19.0,2.0,0.0,18.0,0.2,0.0,0.0,0.0,0.0,0.0,0.0,0.0,0.0,0.0,0.0,0.0,0.0,0.0,0.0,0.0,0.0,Matches,0.0
2003-2004,EPL,Manchester City,Stephen Jordan,eng ENG,DF,21.0,2.0,0.0,10.0,0.1,0.0,0.0,0.0,0.0,0.0,0.0,0.0,0.0,0.0,0.0,0.0,0.0,0.0,0.0,0.0,0.0,Matches,0.0
2003-2004,EPL,Manchester City,Squad Total,0,0,27.9,38.0,418.0,0.0,0.0,52.0,37.0,89.0,48.0,4.0,4.0,46.0,3.0,0.0,0.0,0.0,1.37,0.97,2.34,1.26,2.24,0,0.0
2003-2004,EPL,Manchester City,Opponent Total,0,0,27.4,38.0,418.0,0.0,0.0,0.0,0.0,0.0,0.0,0.0,0.0,0.0,0.0,0.0,0.0,0.0,0.0,0.0,0.0,0.0,0.0,0,0.0
2003-2004,EPL,Everton,Nigel Martyn,eng ENG,GK,36.0,34.0,33.0,3036.0,33.7,0.0,0.0,0.0,0.0,0.0,0.0,0.0,0.0,0.0,0.0,0.0,0.0,0.0,0.0,0.0,0.0,Matches,0.0
2003-2004,EPL,Everton,Thomas Gravesen,dk DEN,MF,27.0,30.0,29.0,2551.0,28.3,2.0,3.0,5.0,2.0,0.0,0.0,5.0,0.0,0.0,0.0,0.0,0.07,0.11,0.18,0.07,0.18,Matches,0.0
2003-2004,EPL,Everton,Tomasz Radzinski,ca CAN,FW,29.0,34.0,28.0,2564.0,28.5,8.0,4.0,12.0,8.0,0.0,0.0,2.0,0.0,0.0,0.0,0.0,0.28,0.14,0.42,0.28,0.42,Matches,0.0
2003-2004,EPL,Everton,Joseph Yobo,ng NGA,DF,22.0,28.0,27.0,2435.0,27.1,2.0,0.0,2.0,2.0,0.0,0.0,0.0,0.0,0.0,0.0,0.0,0.07,0.0,0.07,0.07,0.07,Matches,0.0
2003-2004,EPL,Everton,Gary Naysmith,sct SCO,"DF,MF",24.0,29.0,27.0,2431.0,27.0,2.0,5.0,7.0,2.0,0.0,0.0,2.0,1.0,0.0,0.0,0.0,0.07,0.19,0.26,0.07,0.26,Matches,0.0
2003-2004,EPL,Everton,Wayne Rooney,eng ENG,"FW,MF",17.0,34.0,26.0,2442.0,27.1,9.0,4.0,13.0,9.0,0.0,0.0,11.0,0.0,0.0,0.0,0.0,0.33,0.15,0.48,0.33,0.48,Matches,0.0
2003-2004,EPL,Everton,Kevin Kilbane,ie IRL,"DF,MF",26.0,30.0,26.0,2361.0,26.2,3.0,1.0,4.0,3.0,0.0,0.0,1.0,0.0,0.0,0.0,0.0,0.11,0.04,0.15,0.11,0.15,Matches,0.0
2003-2004,EPL,Everton,Alan Stubbs,eng ENG,DF,31.0,27.0,25.0,2215.0,24.6,0.0,0.0,0.0,0.0,0.0,0.0,3.0,0.0,0.0,0.0,0.0,0.0,0.0,0.0,0.0,0.0,Matches,0.0
2003-2004,EPL,Everton,Tony Hibbert,eng ENG,DF,22.0,25.0,24.0,2177.0,24.2,0.0,1.0,1.0,0.0,0.0,0.0,1.0,0.0,0.0,0.0,0.0,0.0,0.04,0.04,0.0,0.04,Matches,0.0
2003-2004,EPL,Everton,Tobias Linderoth,se SWE,MF,24.0,27.0,23.0,1921.0,21.3,0.0,2.0,2.0,0.0,0.0,0.0,4.0,0.0,0.0,0.0,0.0,0.0,0.09,0.09,0.0,0.09,Matches,0.0
2003-2004,EPL,Everton,David Unsworth,eng ENG,DF,29.0,26.0,22.0,2052.0,22.8,3.0,1.0,4.0,3.0,0.0,0.0,3.0,0.0,0.0,0.0,0.0,0.13,0.04,0.18,0.13,0.18,Matches,0.0
2003-2004,EPL,Everton,Steve Watson,eng ENG,"DF,MF",29.0,24.0,22.0,1716.0,19.1,5.0,3.0,8.0,5.0,0.0,0.0,4.0,0.0,0.0,0.0,0.0,0.26,0.16,0.42,0.26,0.42,Matches,0.0
2003-2004,EPL,Everton,Alessandro Pistone,it ITA,DF,28.0,21.0,20.0,1625.0,18.1,0.0,0.0,0.0,0.0,0.0,0.0,1.0,0.0,0.0,0.0,0.0,0.0,0.0,0.0,0.0,0.0,Matches,0.0
2003-2004,EPL,Everton,Lee Carsley,ie IRL,MF,29.0,21.0,15.0,1406.0,15.6,1.0,0.0,1.0,1.0,0.0,0.0,4.0,0.0,0.0,0.0,0.0,0.06,0.0,0.06,0.06,0.06,Matches,0.0
2003-2004,EPL,Everton,Duncan Ferguson,sct SCO,FW,31.0,20.0,13.0,1174.0,13.0,5.0,2.0,7.0,4.0,1.0,1.0,5.0,1.0,0.0,0.0,0.0,0.38,0.15,0.54,0.31,0.46,Matches,0.0
2003-2004,EPL,Everton,James McFadden,sct SCO,"FW,MF",20.0,23.0,11.0,1073.0,11.9,0.0,1.0,1.0,0.0,0.0,0.0,3.0,0.0,0.0,0.0,0.0,0.0,0.08,0.08,0.0,0.08,Matches,0.0
2003-2004,EPL,Everton,David Weir,sct SCO,DF,33.0,10.0,9.0,810.0,9.0,0.0,0.0,0.0,0.0,0.0,0.0,1.0,0.0,0.0,0.0,0.0,0.0,0.0,0.0,0.0,0.0,Matches,0.0
2003-2004,EPL,Everton,Kevin Campbell,eng ENG,FW,33.0,17.0,8.0,761.0,8.5,1.0,1.0,2.0,1.0,0.0,0.0,1.0,0.0,0.0,0.0,0.0,0.12,0.12,0.24,0.12,0.24,Matches,0.0
2003-2004,EPL,Everton,Alex Nyarko,gh GHA,MF,29.0,11.0,7.0,644.0,7.2,0.0,0.0,0.0,0.0,0.0,0.0,1.0,0.0,0.0,0.0,0.0,0.0,0.0,0.0,0.0,0.0,Matches,0.0
2003-2004,EPL,Everton,Francis Jeffers,eng ENG,FW,22.0,18.0,5.0,596.0,6.6,0.0,1.0,1.0,0.0,0.0,0.0,2.0,0.0,0.0,0.0,0.0,0.0,0.15,0.15,0.0,0.15,Matches,0.0
2003-2004,EPL,Everton,Li Tie,cn CHN,"FW,MF",25.0,5.0,4.0,325.0,3.6,0.0,0.0,0.0,0.0,0.0,0.0,1.0,1.0,0.0,0.0,0.0,0.0,0.0,0.0,0.0,0.0,Matches,0.0
2003-2004,EPL,Everton,Richard Wright,eng ENG,GK,25.0,4.0,4.0,296.0,3.3,0.0,0.0,0.0,0.0,0.0,0.0,0.0,0.0,0.0,0.0,0.0,0.0,0.0,0.0,0.0,0.0,Matches,0.0
2003-2004,EPL,Everton,Leon Osman,eng ENG,MF,22.0,4.0,3.0,278.0,3.1,1.0,1.0,2.0,1.0,0.0,0.0,0.0,0.0,0.0,0.0,0.0,0.32,0.32,0.65,0.32,0.65,Matches,0.0
2003-2004,EPL,Everton,Nick Chadwick,eng ENG,FW,20.0,3.0,1.0,125.0,1.4,0.0,0.0,0.0,0.0,0.0,0.0,0.0,0.0,0.0,0.0,0.0,0.0,0.0,0.0,0.0,0.0,Matches,0.0
2003-2004,EPL,Everton,Peter Clarke,eng ENG,DF,21.0,1.0,1.0,90.0,1.0,0.0,0.0,0.0,0.0,0.0,0.0,0.0,0.0,0.0,0.0,0.0,0.0,0.0,0.0,0.0,0.0,Matches,0.0
2003-2004,EPL,Everton,Steve Simonsen,eng ENG,GK,24.0,1.0,1.0,90.0,1.0,0.0,0.0,0.0,0.0,0.0,0.0,0.0,0.0,0.0,0.0,0.0,0.0,0.0,0.0,0.0,0.0,Matches,0.0
2003-2004,EPL,Everton,Squad Total,0,0,27.3,38.0,414.0,0.0,0.0,42.0,31.0,73.0,41.0,1.0,1.0,53.0,3.0,0.0,0.0,0.0,1.11,0.82,1.92,1.08,1.89,0,0.0
2003-2004,EPL,Everton,Opponent Total,0,0,27.2,38.0,414.0,0.0,0.0,0.0,0.0,0.0,0.0,0.0,0.0,0.0,0.0,0.0,0.0,0.0,0.0,0.0,0.0,0.0,0.0,0,0.0
2003-2004,EPL,Leicester City,Ian Walker,eng ENG,GK,31.0,37.0,37.0,3262.0,36.2,0.0,0.0,0.0,0.0,0.0,0.0,0.0,1.0,0.0,0.0,0.0,0.0,0.0,0.0,0.0,0.0,Matches,0.0
2003-2004,EPL,Leicester City,James Scowcroft,eng ENG,FW,27.0,35.0,33.0,2980.0,33.1,5.0,3.0,8.0,5.0,0.0,0.0,2.0,1.0,0.0,0.0,0.0,0.15,0.09,0.24,0.15,0.24,Matches,0.0
2003-2004,EPL,Leicester City,Muzzy Izzet,tr TUR,MF,28.0,30.0,30.0,2658.0,29.5,2.0,14.0,16.0,2.0,0.0,0.0,7.0,0.0,0.0,0.0,0.0,0.07,0.47,0.54,0.07,0.54,Matches,0.0
2003-2004,EPL,Leicester City,Riccardo Scimeca,eng ENG,"DF,MF",28.0,29.0,28.0,2533.0,28.1,1.0,2.0,3.0,1.0,0.0,0.0,6.0,1.0,0.0,0.0,0.0,0.04,0.07,0.11,0.04,0.11,Matches,0.0
2003-2004,EPL,Leicester City,Paul Dickov,sct SCO,FW,30.0,35.0,28.0,2522.0,28.0,11.0,3.0,14.0,9.0,2.0,3.0,8.0,0.0,0.0,0.0,0.0,0.39,0.11,0.5,0.32,0.43,Matches,0.0
2003-2004,EPL,Leicester City,Marcus Bent,eng ENG,FW,25.0,33.0,28.0,2495.0,27.7,9.0,3.0,12.0,9.0,0.0,0.0,3.0,0.0,0.0,0.0,0.0,0.32,0.11,0.43,0.32,0.43,Matches,0.0
2003-2004,EPL,Leicester City,Ben Thatcher,wls WAL,DF,27.0,29.0,28.0,2481.0,27.6,1.0,1.0,2.0,1.0,0.0,0.0,8.0,0.0,0.0,0.0,0.0,0.04,0.04,0.07,0.04,0.07,Matches,0.0
2003-2004,EPL,Leicester City,Les Ferdinand,eng ENG,FW,36.0,29.0,20.0,1547.0,17.2,12.0,2.0,14.0,12.0,0.0,0.0,3.0,1.0,0.0,0.0,0.0,0.7,0.12,0.81,0.7,0.81,Matches,0.0
2003-2004,EPL,Leicester City,Nikos Dabizas,gr GRE,DF,29.0,18.0,18.0,1594.0,17.7,0.0,0.0,0.0,0.0,0.0,0.0,5.0,1.0,0.0,0.0,0.0,0.0,0.0,0.0,0.0,0.0,Matches,0.0
2003-2004,EPL,Leicester City,Jordan Stewart,eng ENG,"DF,MF",21.0,25.0,16.0,1555.0,17.3,1.0,2.0,3.0,1.0,0.0,0.0,1.0,0.0,0.0,0.0,0.0,0.06,0.12,0.17,0.06,0.17,Matches,0.0
2003-2004,EPL,Leicester City,Billy McKinlay,sct SCO,MF,34.0,16.0,15.0,1266.0,14.1,0.0,0.0,0.0,0.0,0.0,0.0,5.0,0.0,0.0,0.0,0.0,0.0,0.0,0.0,0.0,0.0,Matches,0.0
2003-2004,EPL,Leicester City,Matt Heath,eng ENG,DF,21.0,13.0,13.0,1158.0,12.9,0.0,0.0,0.0,0.0,0.0,0.0,2.0,0.0,0.0,0.0,0.0,0.0,0.0,0.0,0.0,0.0,Matches,0.0
2003-2004,EPL,Leicester City,Steffen Freund,de GER,MF,33.0,14.0,13.0,1089.0,12.1,0.0,1.0,1.0,0.0,0.0,0.0,1.0,0.0,0.0,0.0,0.0,0.0,0.08,0.08,0.0,0.08,Matches,0.0
2003-2004,EPL,Leicester City,Lilian Nalis,fr FRA,MF,31.0,20.0,11.0,1031.0,11.5,1.0,0.0,1.0,1.0,0.0,0.0,1.0,0.0,0.0,0.0,0.0,0.09,0.0,0.09,0.09,0.09,Matches,0.0
2003-2004,EPL,Leicester City,Andy Impey,eng ENG,"DF,MF",31.0,13.0,11.0,1014.0,11.3,0.0,2.0,2.0,0.0,0.0,0.0,1.0,0.0,0.0,0.0,0.0,0.0,0.18,0.18,0.0,0.18,Matches,0.0
2003-2004,EPL,Leicester City,Frank Sinclair,jm JAM,DF,31.0,14.0,11.0,990.0,11.0,1.0,1.0,2.0,1.0,0.0,0.0,2.0,0.0,0.0,0.0,0.0,0.09,0.09,0.18,0.09,0.18,Matches,0.0
2003-2004,EPL,Leicester City,Steve Guppy,eng ENG,MF,34.0,15.0,9.0,885.0,9.8,0.0,2.0,2.0,0.0,0.0,0.0,0.0,0.0,0.0,0.0,0.0,0.0,0.2,0.2,0.0,0.2,Matches,0.0
2003-2004,EPL,Leicester City,Gerry Taggart,nir NIR,DF,32.0,9.0,9.0,736.0,8.2,0.0,0.0,0.0,0.0,0.0,0.0,1.0,0.0,0.0,0.0,0.0,0.0,0.0,0.0,0.0,0.0,Matches,0.0
2003-2004,EPL,Leicester City,Callum Davidson,sct SCO,DF,27.0,13.0,8.0,817.0,9.1,0.0,0.0,0.0,0.0,0.0,0.0,2.0,0.0,0.0,0.0,0.0,0.0,0.0,0.0,0.0,0.0,Matches,0.0
2003-2004,EPL,Leicester City,Alan Rogers,eng ENG,DF,26.0,8.0,7.0,674.0,7.5,0.0,0.0,0.0,0.0,0.0,0.0,0.0,1.0,0.0,0.0,0.0,0.0,0.0,0.0,0.0,0.0,Matches,0.0
2003-2004,EPL,Leicester City,Keith Gillespie,nir NIR,"FW,MF",28.0,12.0,7.0,618.0,6.9,0.0,0.0,0.0,0.0,0.0,0.0,2.0,0.0,0.0,0.0,0.0,0.0,0.0,0.0,0.0,0.0,Matches,0.0
2003-2004,EPL,Leicester City,Matt Elliott,sct SCO,DF,34.0,7.0,3.0,376.0,4.2,0.0,1.0,1.0,0.0,0.0,0.0,0.0,1.0,0.0,0.0,0.0,0.0,0.24,0.24,0.0,0.24,Matches,0.0
2003-2004,EPL,Leicester City,Craig Hignett,eng ENG,"FW,MF",33.0,13.0,3.0,288.0,3.2,1.0,0.0,1.0,1.0,0.0,0.0,1.0,0.0,0.0,0.0,0.0,0.31,0.0,0.31,0.31,0.31,Matches,0.0
2003-2004,EPL,Leicester City,Peter Canero,sct SCO,MF,22.0,7.0,2.0,245.0,2.7,0.0,0.0,0.0,0.0,0.0,0.0,0.0,0.0,0.0,0.0,0.0,0.0,0.0,0.0,0.0,0.0,Matches,0.0
2003-2004,EPL,Leicester City,Trevor Benjamin,jm JAM,FW,24.0,4.0,2.0,131.0,1.5,0.0,0.0,0.0,0.0,0.0,0.0,0.0,0.0,0.0,0.0,0.0,0.0,0.0,0.0,0.0,0.0,Matches,0.0
2003-2004,EPL,Leicester City,Danny Coyne,wls WAL,GK,29.0,4.0,1.0,158.0,1.8,0.0,0.0,0.0,0.0,0.0,0.0,0.0,0.0,0.0,0.0,0.0,0.0,0.0,0.0,0.0,0.0,Matches,0.0
2003-2004,EPL,Leicester City,Brian Deane,eng ENG,FW,35.0,5.0,0.0,118.0,1.3,0.0,1.0,1.0,0.0,0.0,0.0,0.0,0.0,0.0,0.0,0.0,0.0,0.76,0.76,0.0,0.76,Matches,0.0
2003-2004,EPL,Leicester City,Paul Brooker,eng ENG,MF,26.0,3.0,0.0,55.0,0.6,0.0,0.0,0.0,0.0,0.0,0.0,0.0,0.0,0.0,0.0,0.0,0.0,0.0,0.0,0.0,0.0,Matches,0.0
2003-2004,EPL,Leicester City,Squad Total,0,0,29.4,38.0,391.0,0.0,0.0,45.0,37.0,82.0,43.0,2.0,3.0,58.0,8.0,0.0,0.0,0.0,1.18,0.97,2.16,1.13,2.11,0,0.0
2003-2004,EPL,Leicester City,Opponent Total,0,0,27.2,38.0,391.0,0.0,0.0,0.0,0.0,0.0,0.0,0.0,0.0,0.0,0.0,0.0,0.0,0.0,0.0,0.0,0.0,0.0,0.0,0,0.0
2003-2004,EPL,Leeds United,Gary Kelly,ie IRL,DF,29.0,37.0,37.0,3313.0,36.8,0.0,1.0,1.0,0.0,0.0,0.0,3.0,0.0,0.0,0.0,0.0,0.0,0.03,0.03,0.0,0.03,Matches,0.0
2003-2004,EPL,Leeds United,Paul Robinson,eng ENG,GK,23.0,36.0,36.0,3238.0,36.0,0.0,0.0,0.0,0.0,0.0,0.0,1.0,1.0,0.0,0.0,0.0,0.0,0.0,0.0,0.0,0.0,Matches,0.0
2003-2004,EPL,Leeds United,Alan Smith,eng ENG,"FW,MF",22.0,35.0,35.0,3139.0,34.9,9.0,3.0,12.0,8.0,1.0,1.0,6.0,0.0,0.0,0.0,0.0,0.26,0.09,0.34,0.23,0.32,Matches,0.0
2003-2004,EPL,Leeds United,Jermaine Pennant,eng ENG,MF,20.0,36.0,34.0,2969.0,33.0,2.0,6.0,8.0,2.0,0.0,0.0,5.0,0.0,0.0,0.0,0.0,0.06,0.18,0.24,0.06,0.24,Matches,0.0
2003-2004,EPL,Leeds United,Dominic Matteo,sct SCO,"DF,MF",29.0,33.0,33.0,2883.0,32.0,2.0,0.0,2.0,2.0,0.0,0.0,10.0,1.0,0.0,0.0,0.0,0.06,0.0,0.06,0.06,0.06,Matches,0.0
2003-2004,EPL,Leeds United,Mark Viduka,au AUS,FW,27.0,30.0,30.0,2535.0,28.2,11.0,3.0,14.0,9.0,2.0,2.0,4.0,2.0,0.0,0.0,0.0,0.39,0.11,0.5,0.32,0.43,Matches,0.0
2003-2004,EPL,Leeds United,James Milner,eng ENG,"DF,MF",17.0,30.0,27.0,2381.0,26.5,3.0,0.0,3.0,3.0,0.0,0.0,2.0,0.0,0.0,0.0,0.0,0.11,0.0,0.11,0.11,0.11,Matches,0.0
2003-2004,EPL,Leeds United,Seth Johnson,eng ENG,"FW,MF",24.0,25.0,24.0,2041.0,22.7,2.0,4.0,6.0,2.0,0.0,0.0,6.0,0.0,0.0,0.0,0.0,0.09,0.18,0.26,0.09,0.26,Matches,0.0
2003-2004,EPL,Leeds United,Ian Harte,ie IRL,DF,25.0,23.0,21.0,1910.0,21.2,1.0,4.0,5.0,0.0,1.0,1.0,0.0,0.0,0.0,0.0,0.0,0.05,0.19,0.24,0.0,0.19,Matches,0.0
2003-2004,EPL,Leeds United,Michael Duberry,eng ENG,DF,27.0,19.0,19.0,1710.0,19.0,3.0,0.0,3.0,3.0,0.0,0.0,2.0,0.0,0.0,0.0,0.0,0.16,0.0,0.16,0.16,0.16,Matches,0.0
2003-2004,EPL,Leeds United,Zoumana Camara,fr FRA,DF,24.0,13.0,13.0,1170.0,13.0,1.0,0.0,1.0,1.0,0.0,0.0,3.0,0.0,0.0,0.0,0.0,0.08,0.0,0.08,0.08,0.08,Matches,0.0
2003-2004,EPL,Leeds United,Lucas Radebe,za RSA,DF,34.0,14.0,11.0,960.0,10.7,0.0,0.0,0.0,0.0,0.0,0.0,2.0,0.0,0.0,0.0,0.0,0.0,0.0,0.0,0.0,0.0,Matches,0.0
2003-2004,EPL,Leeds United,Jody Morris,eng ENG,MF,24.0,12.0,11.0,936.0,10.4,0.0,0.0,0.0,0.0,0.0,0.0,2.0,0.0,0.0,0.0,0.0,0.0,0.0,0.0,0.0,0.0,Matches,0.0
2003-2004,EPL,Leeds United,David Batty,eng ENG,MF,34.0,12.0,10.0,834.0,9.3,0.0,1.0,1.0,0.0,0.0,0.0,4.0,0.0,0.0,0.0,0.0,0.0,0.11,0.11,0.0,0.11,Matches,0.0
2003-2004,EPL,Leeds United,Didier Domi,fr FRA,DF,25.0,12.0,9.0,811.0,9.0,0.0,1.0,1.0,0.0,0.0,0.0,5.0,0.0,0.0,0.0,0.0,0.0,0.11,0.11,0.0,0.11,Matches,0.0
2003-2004,EPL,Leeds United,Lamine Sakho,sn SEN,"FW,MF",25.0,17.0,9.0,773.0,8.6,1.0,1.0,2.0,1.0,0.0,0.0,3.0,0.0,0.0,0.0,0.0,0.12,0.12,0.23,0.12,0.23,Matches,0.0
2003-2004,EPL,Leeds United,Salomon Olembé,cm CMR,MF,22.0,12.0,8.0,840.0,9.3,0.0,0.0,0.0,0.0,0.0,0.0,3.0,0.0,0.0,0.0,0.0,0.0,0.0,0.0,0.0,0.0,Matches,0.0
2003-2004,EPL,Leeds United,Stephen McPhail,ie IRL,MF,23.0,12.0,8.0,773.0,8.6,1.0,1.0,2.0,1.0,0.0,0.0,2.0,0.0,0.0,0.0,0.0,0.12,0.12,0.23,0.12,0.23,Matches,0.0
2003-2004,EPL,Leeds United,Eirik Bakke,no NOR,MF,25.0,9.0,8.0,686.0,7.6,1.0,0.0,1.0,1.0,0.0,0.0,2.0,0.0,0.0,0.0,0.0,0.13,0.0,0.13,0.13,0.13,Matches,0.0
2003-2004,EPL,Leeds United,Matthew Kilgallon,eng ENG,DF,19.0,8.0,7.0,631.0,7.0,2.0,0.0,2.0,2.0,0.0,0.0,0.0,0.0,0.0,0.0,0.0,0.29,0.0,0.29,0.29,0.29,Matches,0.0
2003-2004,EPL,Leeds United,Roque Júnior,br BRA,DF,26.0,5.0,5.0,410.0,4.6,0.0,0.0,0.0,0.0,0.0,0.0,2.0,1.0,0.0,0.0,0.0,0.0,0.0,0.0,0.0,0.0,Matches,0.0
2003-2004,EPL,Leeds United,Jason Wilcox,eng ENG,"FW,MF",32.0,4.0,3.0,190.0,2.1,0.0,0.0,0.0,0.0,0.0,0.0,1.0,0.0,0.0,0.0,0.0,0.0,0.0,0.0,0.0,0.0,Matches,0.0
2003-2004,EPL,Leeds United,Frazer Richardson,eng ENG,DF,20.0,4.0,2.0,184.0,2.0,0.0,0.0,0.0,0.0,0.0,0.0,0.0,0.0,0.0,0.0,0.0,0.0,0.0,0.0,0.0,0.0,Matches,0.0
2003-2004,EPL,Leeds United,Scott Carson,eng ENG,GK,17.0,3.0,2.0,182.0,2.0,0.0,0.0,0.0,0.0,0.0,0.0,0.0,0.0,0.0,0.0,0.0,0.0,0.0,0.0,0.0,0.0,Matches,0.0
2003-2004,EPL,Leeds United,Michael Bridges,eng ENG,"FW,MF",24.0,10.0,1.0,276.0,3.1,0.0,0.0,0.0,0.0,0.0,0.0,2.0,0.0,0.0,0.0,0.0,0.0,0.0,0.0,0.0,0.0,Matches,0.0
2003-2004,EPL,Leeds United,Nick Barmby,eng ENG,"FW,MF",29.0,6.0,1.0,148.0,1.6,0.0,0.0,0.0,0.0,0.0,0.0,0.0,0.0,0.0,0.0,0.0,0.0,0.0,0.0,0.0,0.0,Matches,0.0
2003-2004,EPL,Leeds United,Aaron Lennon,eng ENG,"FW,MF",16.0,11.0,0.0,215.0,2.4,0.0,1.0,1.0,0.0,0.0,0.0,0.0,0.0,0.0,0.0,0.0,0.0,0.42,0.42,0.0,0.42,Matches,0.0
2003-2004,EPL,Leeds United,Cyril Chapuis,fr FRA,FW,24.0,1.0,0.0,45.0,0.5,0.0,0.0,0.0,0.0,0.0,0.0,0.0,0.0,0.0,0.0,0.0,0.0,0.0,0.0,0.0,0.0,Matches,0.0
2003-2004,EPL,Leeds United,Simon Johnson,eng ENG,MF,20.0,1.0,0.0,8.0,0.1,0.0,0.0,0.0,0.0,0.0,0.0,0.0,0.0,0.0,0.0,0.0,0.0,0.0,0.0,0.0,0.0,Matches,0.0
2003-2004,EPL,Leeds United,Squad Total,0,0,25.2,38.0,404.0,0.0,0.0,40.0,28.0,68.0,36.0,4.0,4.0,70.0,5.0,0.0,0.0,0.0,1.05,0.74,1.79,0.95,1.68,0,0.0
2003-2004,EPL,Leeds United,Opponent Total,0,0,27.3,38.0,404.0,0.0,0.0,0.0,0.0,0.0,0.0,0.0,0.0,0.0,0.0,0.0,0.0,0.0,0.0,0.0,0.0,0.0,0.0,0,0.0
2003-2004,EPL,Wolves,Paul Butler,ie IRL,DF,30.0,37.0,37.0,3330.0,37.0,1.0,1.0,2.0,1.0,0.0,0.0,7.0,0.0,0.0,0.0,0.0,0.03,0.03,0.05,0.03,0.05,Matches,0.0
2003-2004,EPL,Wolves,Lee Naylor,eng ENG,DF,23.0,38.0,37.0,3213.0,35.7,1.0,1.0,2.0,1.0,0.0,0.0,6.0,0.0,0.0,0.0,0.0,0.03,0.03,0.06,0.03,0.06,Matches,0.0
2003-2004,EPL,Wolves,Paul Ince,eng ENG,MF,35.0,32.0,32.0,2856.0,31.7,2.0,2.0,4.0,2.0,0.0,0.0,15.0,1.0,0.0,0.0,0.0,0.06,0.06,0.13,0.06,0.13,Matches,0.0
2003-2004,EPL,Wolves,Jody Craddock,eng ENG,"DF,MF",28.0,32.0,31.0,2792.0,31.0,2.0,1.0,3.0,2.0,0.0,0.0,2.0,0.0,0.0,0.0,0.0,0.06,0.03,0.1,0.06,0.1,Matches,0.0
2003-2004,EPL,Wolves,Denis Irwin,ie IRL,DF,37.0,32.0,30.0,2662.0,29.6,0.0,2.0,2.0,0.0,0.0,0.0,4.0,0.0,0.0,0.0,0.0,0.0,0.07,0.07,0.0,0.07,Matches,0.0
2003-2004,EPL,Wolves,Henri Camara,sn SEN,FW,26.0,30.0,29.0,2589.0,28.8,7.0,3.0,10.0,7.0,0.0,1.0,2.0,0.0,0.0,0.0,0.0,0.24,0.1,0.35,0.24,0.35,Matches,0.0
2003-2004,EPL,Wolves,Mark Kennedy,ie IRL,"DF,MF",27.0,31.0,28.0,2535.0,28.2,2.0,5.0,7.0,2.0,0.0,0.0,1.0,0.0,0.0,0.0,0.0,0.07,0.18,0.25,0.07,0.25,Matches,0.0
2003-2004,EPL,Wolves,Alex Rae,sct SCO,MF,33.0,33.0,27.0,2529.0,28.1,5.0,3.0,8.0,5.0,0.0,0.0,10.0,1.0,0.0,0.0,0.0,0.18,0.11,0.28,0.18,0.28,Matches,0.0
2003-2004,EPL,Wolves,Paul Jones,wls WAL,GK,36.0,26.0,26.0,2340.0,26.0,0.0,0.0,0.0,0.0,0.0,0.0,0.0,0.0,0.0,0.0,0.0,0.0,0.0,0.0,0.0,0.0,Matches,0.0
2003-2004,EPL,Wolves,Colin Cameron,sct SCO,MF,30.0,30.0,25.0,2222.0,24.7,4.0,1.0,5.0,3.0,1.0,2.0,5.0,0.0,0.0,0.0,0.0,0.16,0.04,0.2,0.12,0.16,Matches,0.0
2003-2004,EPL,Wolves,Michael Oakes,eng ENG,GK,29.0,21.0,21.0,1890.0,21.0,0.0,0.0,0.0,0.0,0.0,0.0,0.0,0.0,0.0,0.0,0.0,0.0,0.0,0.0,0.0,0.0,Matches,0.0
2003-2004,EPL,Wolves,Shaun Newton,eng ENG,MF,27.0,28.0,20.0,1725.0,19.2,0.0,1.0,1.0,0.0,0.0,0.0,1.0,0.0,0.0,0.0,0.0,0.0,0.05,0.05,0.0,0.05,Matches,0.0
2003-2004,EPL,Wolves,Kenny Miller,sct SCO,FW,23.0,25.0,17.0,1428.0,15.9,2.0,1.0,3.0,2.0,0.0,0.0,2.0,0.0,0.0,0.0,0.0,0.13,0.06,0.19,0.13,0.19,Matches,0.0
2003-2004,EPL,Wolves,Carl Cort,gy GUY,FW,25.0,16.0,13.0,1155.0,12.8,5.0,2.0,7.0,5.0,0.0,0.0,0.0,0.0,0.0,0.0,0.0,0.39,0.16,0.55,0.39,0.55,Matches,0.0
2003-2004,EPL,Wolves,Steffen Iversen,no NOR,FW,26.0,16.0,11.0,877.0,9.7,4.0,0.0,4.0,4.0,0.0,0.0,1.0,0.0,0.0,0.0,0.0,0.41,0.0,0.41,0.41,0.41,Matches,0.0
2003-2004,EPL,Wolves,Nathan Blake,wls WAL,FW,31.0,13.0,10.0,1001.0,11.1,1.0,2.0,3.0,1.0,0.0,0.0,3.0,0.0,0.0,0.0,0.0,0.09,0.18,0.27,0.09,0.27,Matches,0.0
2003-2004,EPL,Wolves,Isaac Okoronkwo,ng NGA,DF,25.0,7.0,7.0,630.0,7.0,0.0,0.0,0.0,0.0,0.0,0.0,2.0,0.0,0.0,0.0,0.0,0.0,0.0,0.0,0.0,0.0,Matches,0.0
2003-2004,EPL,Wolves,Ionel Ganea,ro ROU,FW,29.0,16.0,6.0,639.0,7.1,3.0,0.0,3.0,3.0,0.0,1.0,3.0,0.0,0.0,0.0,0.0,0.42,0.0,0.42,0.42,0.42,Matches,0.0
2003-2004,EPL,Wolves,Mark Clyde,nir NIR,DF,20.0,9.0,6.0,516.0,5.7,0.0,1.0,1.0,0.0,0.0,0.0,0.0,0.0,0.0,0.0,0.0,0.0,0.17,0.17,0.0,0.17,Matches,0.0
2003-2004,EPL,Wolves,Joey Guðjónsson,is ISL,MF,23.0,11.0,5.0,454.0,5.0,0.0,0.0,0.0,0.0,0.0,0.0,2.0,0.0,0.0,0.0,0.0,0.0,0.0,0.0,0.0,0.0,Matches,0.0
2003-2004,EPL,Wolves,Oleh Luzhny,ua UKR,DF,34.0,6.0,4.0,392.0,4.4,0.0,0.0,0.0,0.0,0.0,0.0,2.0,0.0,0.0,0.0,0.0,0.0,0.0,0.0,0.0,0.0,Matches,0.0
2003-2004,EPL,Wolves,Silas,pt POR,MF,26.0,9.0,2.0,231.0,2.6,0.0,0.0,0.0,0.0,0.0,0.0,0.0,0.0,0.0,0.0,0.0,0.0,0.0,0.0,0.0,0.0,Matches,0.0
2003-2004,EPL,Wolves,Dean Sturridge,eng ENG,FW,30.0,5.0,2.0,199.0,2.2,0.0,1.0,1.0,0.0,0.0,0.0,0.0,0.0,0.0,0.0,0.0,0.0,0.45,0.45,0.0,0.45,Matches,0.0
2003-2004,EPL,Wolves,Keith Andrews,ie IRL,MF,22.0,1.0,1.0,90.0,1.0,0.0,0.0,0.0,0.0,0.0,0.0,0.0,0.0,0.0,0.0,0.0,0.0,0.0,0.0,0.0,0.0,Matches,0.0
2003-2004,EPL,Wolves,Matt Murray,eng ENG,GK,22.0,1.0,1.0,90.0,1.0,0.0,0.0,0.0,0.0,0.0,0.0,0.0,0.0,0.0,0.0,0.0,0.0,0.0,0.0,0.0,0.0,Matches,0.0
2003-2004,EPL,Wolves,Hassan Kachloul,ma MAR,MF,30.0,4.0,0.0,69.0,0.8,0.0,0.0,0.0,0.0,0.0,0.0,0.0,0.0,0.0,0.0,0.0,0.0,0.0,0.0,0.0,0.0,Matches,0.0
2003-2004,EPL,Wolves,Kevin Cooper,eng ENG,MF,28.0,1.0,0.0,45.0,0.5,0.0,0.0,0.0,0.0,0.0,0.0,0.0,0.0,0.0,0.0,0.0,0.0,0.0,0.0,0.0,0.0,Matches,0.0
2003-2004,EPL,Wolves,Squad Total,0,0,29.8,38.0,428.0,0.0,0.0,39.0,25.0,64.0,38.0,1.0,4.0,65.0,2.0,0.0,0.0,0.0,1.03,0.66,1.68,1.0,1.66,0,0.0
2003-2004,EPL,Wolves,Opponent Total,0,0,27.2,38.0,428.0,0.0,0.0,0.0,0.0,0.0,0.0,0.0,0.0,0.0,0.0,0.0,0.0,0.0,0.0,0.0,0.0,0.0,0.0,0,0.0
