Season,League,Team,Unnamed: 0_level_0_Player,Unnamed: 1_level_0_Nation,Unnamed: 2_level_0_Pos,Unnamed: 3_level_0_Age,Unnamed: 4_level_0_90s,SCA_SCA,SCA_SCA90,SCA Types_PassLive,SCA Types_PassDead,SCA Types_TO,SCA Types_Sh,SCA Types_Fld,SCA Types_Def,GCA_GCA,GCA_GCA90,GCA Types_PassLive,GCA Types_PassDead,GCA Types_TO,GCA Types_Sh,GCA Types_Fld,GCA Types_Def,Unnamed: 21_level_0_Matches,S_e,L_e,T_e,U_n,U_n.1,U_n.2,U_n.3,U_n.4,S_C,S_C.1,S_C.2,S_C.3,S_C.4,S_C.5,S_C.6,S_C.7,G_C,G_C.1,G_C.2,G_C.3,G_C.4,G_C.5,G_C.6,G_C.7,U_n.5
2022-2023,Bundesliga,Bayern Munich,Joshua Kimmich,de GER,MF,27.0,31.2,142.0,4.55,82.0,55.0,1.0,2.0,1.0,1.0,15.0,0.48,12.0,2.0,0.0,1.0,0.0,0.0,Matches,,,,,,,,,,,,,,,,,,,,,,,,,
2022-2023,Bundesliga,Bayern Munich,Benjamin Pavard,fr FRA,DF,26.0,27.0,45.0,1.67,37.0,0.0,0.0,4.0,0.0,4.0,3.0,0.11,2.0,0.0,0.0,0.0,0.0,1.0,Matches,,,,,,,,,,,,,,,,,,,,,,,,,
2022-2023,Bundesliga,Bayern Munich,Matthijs de Ligt,nl NED,DF,22.0,26.7,25.0,0.94,21.0,0.0,0.0,4.0,0.0,0.0,3.0,0.11,0.0,0.0,0.0,3.0,0.0,0.0,Matches,,,,,,,,,,,,,,,,,,,,,,,,,
2022-2023,Bundesliga,Bayern Munich,Dayot Upamecano,fr FRA,DF,23.0,26.1,23.0,0.88,22.0,0.0,0.0,1.0,0.0,0.0,3.0,0.11,3.0,0.0,0.0,0.0,0.0,0.0,Matches,,,,,,,,,,,,,,,,,,,,,,,,,
2022-2023,Bundesliga,Bayern Munich,Jamal Musiala,de GER,"MF,FW",19.0,24.4,120.0,4.91,90.0,0.0,17.0,8.0,3.0,2.0,26.0,1.06,18.0,0.0,3.0,2.0,1.0,2.0,Matches,,,,,,,,,,,,,,,,,,,,,,,,,
2022-2023,Bundesliga,Bayern Munich,Alphonso Davies,ca CAN,DF,21.0,22.7,88.0,3.88,76.0,0.0,9.0,1.0,1.0,1.0,8.0,0.35,7.0,0.0,1.0,0.0,0.0,0.0,Matches,,,,,,,,,,,,,,,,,,,,,,,,,
2022-2023,Bundesliga,Bayern Munich,Serge Gnabry,de GER,"FW,MF",27.0,21.6,88.0,4.08,59.0,3.0,10.0,10.0,3.0,3.0,14.0,0.65,9.0,0.0,3.0,0.0,2.0,0.0,Matches,,,,,,,,,,,,,,,,,,,,,,,,,
2022-2023,Bundesliga,Bayern Munich,Leon Goretzka,de GER,MF,27.0,19.2,49.0,2.55,36.0,0.0,1.0,10.0,1.0,1.0,6.0,0.31,2.0,0.0,1.0,3.0,0.0,0.0,Matches,,,,,,,,,,,,,,,,,,,,,,,,,
2022-2023,Bundesliga,Bayern Munich,Thomas Müller,de GER,"FW,MF",32.0,18.5,86.0,4.65,74.0,2.0,4.0,5.0,0.0,1.0,12.0,0.65,10.0,0.0,0.0,2.0,0.0,0.0,Matches,,,,,,,,,,,,,,,,,,,,,,,,,
2022-2023,Bundesliga,Bayern Munich,Leroy Sané,de GER,"MF,FW",26.0,22.3,93.0,4.17,72.0,1.0,7.0,7.0,4.0,2.0,15.0,0.67,13.0,0.0,0.0,2.0,0.0,0.0,Matches,,,,,,,,,,,,,,,,,,,,,,,,,
2022-2023,Bundesliga,Bayern Munich,Yann Sommer,ch SUI,GK,33.0,19.0,1.0,0.05,1.0,0.0,0.0,0.0,0.0,0.0,0.0,0.0,0.0,0.0,0.0,0.0,0.0,0.0,Matches,,,,,,,,,,,,,,,,,,,,,,,,,
2022-2023,Bundesliga,Bayern Munich,Sadio Mané,sn SEN,"FW,MF",30.0,15.8,61.0,3.85,44.0,0.0,4.0,9.0,4.0,0.0,11.0,0.69,8.0,0.0,1.0,2.0,0.0,0.0,Matches,,,,,,,,,,,,,,,,,,,,,,,,,
2022-2023,Bundesliga,Bayern Munich,Kingsley Coman,fr FRA,"FW,MF",26.0,15.7,85.0,5.43,67.0,1.0,9.0,4.0,4.0,0.0,11.0,0.7,7.0,0.0,1.0,1.0,2.0,0.0,Matches,,,,,,,,,,,,,,,,,,,,,,,,,
2022-2023,Bundesliga,Bayern Munich,Eric Maxim Choupo-Moting,cm CMR,FW,33.0,12.4,42.0,3.4,33.0,0.0,4.0,4.0,0.0,1.0,5.0,0.4,5.0,0.0,0.0,0.0,0.0,0.0,Matches,,,,,,,,,,,,,,,,,,,,,,,,,
2022-2023,Bundesliga,Bayern Munich,Manuel Neuer,de GER,GK,36.0,12.0,2.0,0.17,1.0,1.0,0.0,0.0,0.0,0.0,0.0,0.0,0.0,0.0,0.0,0.0,0.0,0.0,Matches,,,,,,,,,,,,,,,,,,,,,,,,,
2022-2023,Bundesliga,Bayern Munich,Noussair Mazraoui,ma MAR,DF,24.0,11.9,33.0,2.77,29.0,0.0,0.0,2.0,1.0,1.0,5.0,0.42,4.0,0.0,0.0,0.0,0.0,1.0,Matches,,,,,,,,,,,,,,,,,,,,,,,,,
2022-2023,Bundesliga,Bayern Munich,João Cancelo,pt POR,"DF,FW",28.0,11.2,35.0,3.11,31.0,0.0,1.0,1.0,2.0,0.0,10.0,0.89,9.0,0.0,1.0,0.0,0.0,0.0,Matches,,,,,,,,,,,,,,,,,,,,,,,,,
2022-2023,Bundesliga,Bayern Munich,Marcel Sabitzer,at AUT,MF,28.0,7.0,11.0,1.58,9.0,0.0,0.0,0.0,0.0,2.0,1.0,0.14,1.0,0.0,0.0,0.0,0.0,0.0,Matches,,,,,,,,,,,,,,,,,,,,,,,,,
2022-2023,Bundesliga,Bayern Munich,Lucas Hernández,fr FRA,DF,26.0,5.3,4.0,0.76,4.0,0.0,0.0,0.0,0.0,0.0,0.0,0.0,0.0,0.0,0.0,0.0,0.0,0.0,Matches,,,,,,,,,,,,,,,,,,,,,,,,,
2022-2023,Bundesliga,Bayern Munich,Josip Stanišić,hr CRO,DF,22.0,6.4,12.0,1.87,11.0,0.0,0.0,0.0,0.0,1.0,1.0,0.16,1.0,0.0,0.0,0.0,0.0,0.0,Matches,,,,,,,,,,,,,,,,,,,,,,,,,
2022-2023,Bundesliga,Bayern Munich,Ryan Gravenberch,nl NED,MF,20.0,6.4,25.0,3.91,22.0,0.0,0.0,3.0,0.0,0.0,1.0,0.16,1.0,0.0,0.0,0.0,0.0,0.0,Matches,,,,,,,,,,,,,,,,,,,,,,,,,
2022-2023,Bundesliga,Bayern Munich,Sven Ulreich,de GER,GK,33.0,3.0,0.0,0.0,0.0,0.0,0.0,0.0,0.0,0.0,0.0,0.0,0.0,0.0,0.0,0.0,0.0,0.0,Matches,,,,,,,,,,,,,,,,,,,,,,,,,
2022-2023,Bundesliga,Bayern Munich,Mathys Tel,fr FRA,FW,17.0,4.6,16.0,3.46,12.0,0.0,1.0,3.0,0.0,0.0,2.0,0.43,1.0,0.0,1.0,0.0,0.0,0.0,Matches,,,,,,,,,,,,,,,,,,,,,,,,,
2022-2023,Bundesliga,Bayern Munich,Daley Blind,nl NED,"DF,MF",32.0,1.5,4.0,2.69,4.0,0.0,0.0,0.0,0.0,0.0,0.0,0.0,0.0,0.0,0.0,0.0,0.0,0.0,Matches,,,,,,,,,,,,,,,,,,,,,,,,,
2022-2023,Bundesliga,Bayern Munich,Paul Wanner,de GER,MF,16.0,0.3,1.0,3.6,1.0,0.0,0.0,0.0,0.0,0.0,0.0,0.0,0.0,0.0,0.0,0.0,0.0,0.0,Matches,,,,,,,,,,,,,,,,,,,,,,,,,
2022-2023,Bundesliga,Bayern Munich,Gabriel Vidovic,hr CRO,FW,18.0,0.2,2.0,9.47,2.0,0.0,0.0,0.0,0.0,0.0,1.0,4.74,1.0,0.0,0.0,0.0,0.0,0.0,Matches,,,,,,,,,,,,,,,,,,,,,,,,,
2022-2023,Bundesliga,Bayern Munich,Arijon Ibrahimović,de GER,MF,16.0,0.2,1.0,6.43,1.0,0.0,0.0,0.0,0.0,0.0,0.0,0.0,0.0,0.0,0.0,0.0,0.0,0.0,Matches,,,,,,,,,,,,,,,,,,,,,,,,,
2022-2023,Bundesliga,Bayern Munich,Bouna Sarr,sn SEN,FW,30.0,0.0,0.0,0.0,0.0,0.0,0.0,0.0,0.0,0.0,0.0,0.0,0.0,0.0,0.0,0.0,0.0,0.0,Matches,,,,,,,,,,,,,,,,,,,,,,,,,
2022-2023,Bundesliga,Bayern Munich,Squad Total,,,26.6,34.0,1094.0,32.18,841.0,63.0,68.0,78.0,24.0,20.0,153.0,4.5,114.0,2.0,12.0,16.0,5.0,4.0,,,,,,,,,,,,,,,,,,,,,,,,,,
2022-2023,Bundesliga,Bayern Munich,Opponent Total,,,26.6,34.0,523.0,15.38,359.0,53.0,28.0,35.0,28.0,20.0,65.0,1.91,40.0,7.0,1.0,6.0,9.0,2.0,,,,,,,,,,,,,,,,,,,,,,,,,,
2022-2023,Bundesliga,Dortmund,Jude Bellingham,eng ENG,MF,19.0,29.9,125.0,4.18,89.0,0.0,16.0,8.0,10.0,2.0,17.0,0.57,12.0,0.0,3.0,0.0,2.0,0.0,Matches,,,,,,,,,,,,,,,,,,,,,,,,,
2022-2023,Bundesliga,Dortmund,Julian Brandt,de GER,"MF,FW",26.0,26.6,133.0,4.99,87.0,32.0,6.0,2.0,5.0,1.0,20.0,0.75,14.0,3.0,1.0,0.0,2.0,0.0,Matches,,,,,,,,,,,,,,,,,,,,,,,,,
2022-2023,Bundesliga,Dortmund,Gregor Kobel,ch SUI,GK,24.0,27.0,4.0,0.15,4.0,0.0,0.0,0.0,0.0,0.0,0.0,0.0,0.0,0.0,0.0,0.0,0.0,0.0,Matches,,,,,,,,,,,,,,,,,,,,,,,,,
2022-2023,Bundesliga,Dortmund,Nico Schlotterbeck,de GER,DF,22.0,25.0,32.0,1.28,24.0,0.0,2.0,3.0,1.0,2.0,7.0,0.28,5.0,0.0,0.0,0.0,0.0,2.0,Matches,,,,,,,,,,,,,,,,,,,,,,,,,
2022-2023,Bundesliga,Dortmund,Raphaël Guerreiro,pt POR,"DF,MF",28.0,25.4,111.0,4.36,83.0,17.0,4.0,5.0,1.0,1.0,15.0,0.59,14.0,1.0,0.0,0.0,0.0,0.0,Matches,,,,,,,,,,,,,,,,,,,,,,,,,
2022-2023,Bundesliga,Dortmund,Mats Hummels,de GER,DF,33.0,22.4,41.0,1.83,35.0,1.0,0.0,4.0,0.0,1.0,3.0,0.13,2.0,0.0,0.0,0.0,0.0,1.0,Matches,,,,,,,,,,,,,,,,,,,,,,,,,
2022-2023,Bundesliga,Dortmund,Niklas Süle,de GER,DF,26.0,23.5,41.0,1.74,32.0,0.0,3.0,6.0,0.0,0.0,6.0,0.25,3.0,0.0,1.0,2.0,0.0,0.0,Matches,,,,,,,,,,,,,,,,,,,,,,,,,
2022-2023,Bundesliga,Dortmund,Donyell Malen,nl NED,FW,23.0,19.0,80.0,4.22,50.0,9.0,12.0,4.0,5.0,0.0,14.0,0.74,9.0,0.0,3.0,1.0,1.0,0.0,Matches,,,,,,,,,,,,,,,,,,,,,,,,,
2022-2023,Bundesliga,Dortmund,Emre Can,de GER,MF,28.0,21.1,46.0,2.18,43.0,1.0,0.0,1.0,1.0,0.0,3.0,0.14,3.0,0.0,0.0,0.0,0.0,0.0,Matches,,,,,,,,,,,,,,,,,,,,,,,,,
2022-2023,Bundesliga,Dortmund,Karim Adeyemi,de GER,"FW,MF",20.0,15.4,59.0,3.83,40.0,0.0,8.0,5.0,4.0,2.0,12.0,0.78,9.0,0.0,2.0,1.0,0.0,0.0,Matches,,,,,,,,,,,,,,,,,,,,,,,,,
2022-2023,Bundesliga,Dortmund,Salih Özcan,tr TUR,MF,24.0,17.5,24.0,1.37,21.0,2.0,0.0,0.0,0.0,1.0,1.0,0.06,1.0,0.0,0.0,0.0,0.0,0.0,Matches,,,,,,,,,,,,,,,,,,,,,,,,,
2022-2023,Bundesliga,Dortmund,Marius Wolf,de GER,DF,27.0,17.4,48.0,2.75,36.0,0.0,8.0,1.0,2.0,1.0,6.0,0.34,5.0,0.0,1.0,0.0,0.0,0.0,Matches,,,,,,,,,,,,,,,,,,,,,,,,,
2022-2023,Bundesliga,Dortmund,Julian Ryerson,no NOR,DF,24.0,15.7,28.0,1.79,23.0,3.0,2.0,0.0,0.0,0.0,0.0,0.0,0.0,0.0,0.0,0.0,0.0,0.0,Matches,,,,,,,,,,,,,,,,,,,,,,,,,
2022-2023,Bundesliga,Dortmund,Sébastien Haller,ci CIV,FW,28.0,13.6,40.0,2.94,22.0,0.0,4.0,10.0,4.0,0.0,8.0,0.59,4.0,0.0,2.0,1.0,1.0,0.0,Matches,,,,,,,,,,,,,,,,,,,,,,,,,
2022-2023,Bundesliga,Dortmund,Marco Reus,de GER,"MF,FW",33.0,15.0,52.0,3.46,36.0,4.0,1.0,9.0,2.0,0.0,7.0,0.47,3.0,1.0,0.0,2.0,1.0,0.0,Matches,,,,,,,,,,,,,,,,,,,,,,,,,
2022-2023,Bundesliga,Dortmund,Youssoufa Moukoko,de GER,FW,17.0,12.7,29.0,2.29,19.0,0.0,7.0,2.0,1.0,0.0,7.0,0.55,5.0,0.0,2.0,0.0,0.0,0.0,Matches,,,,,,,,,,,,,,,,,,,,,,,,,
2022-2023,Bundesliga,Dortmund,Anthony Modeste,fr FRA,FW,34.0,9.0,12.0,1.33,10.0,0.0,0.0,2.0,0.0,0.0,1.0,0.11,1.0,0.0,0.0,0.0,0.0,0.0,Matches,,,,,,,,,,,,,,,,,,,,,,,,,
2022-2023,Bundesliga,Dortmund,Alexander Meyer,de GER,GK,31.0,7.0,1.0,0.14,1.0,0.0,0.0,0.0,0.0,0.0,0.0,0.0,0.0,0.0,0.0,0.0,0.0,0.0,Matches,,,,,,,,,,,,,,,,,,,,,,,,,
2022-2023,Bundesliga,Dortmund,Thomas Meunier,be BEL,DF,30.0,6.5,17.0,2.62,15.0,1.0,0.0,0.0,1.0,0.0,0.0,0.0,0.0,0.0,0.0,0.0,0.0,0.0,Matches,,,,,,,,,,,,,,,,,,,,,,,,,
2022-2023,Bundesliga,Dortmund,Gio Reyna,us USA,"FW,MF",19.0,6.9,28.0,4.04,24.0,0.0,0.0,3.0,1.0,0.0,5.0,0.72,3.0,0.0,0.0,1.0,1.0,0.0,Matches,,,,,,,,,,,,,,,,,,,,,,,,,
2022-2023,Bundesliga,Dortmund,Jamie Bynoe-Gittens,eng ENG,"FW,MF",17.0,5.9,21.0,3.54,11.0,0.0,5.0,3.0,2.0,0.0,9.0,1.52,7.0,0.0,1.0,1.0,0.0,0.0,Matches,,,,,,,,,,,,,,,,,,,,,,,,,
2022-2023,Bundesliga,Dortmund,Mahmoud Dahoud,de GER,MF,26.0,3.7,6.0,1.6,5.0,0.0,0.0,1.0,0.0,0.0,1.0,0.27,0.0,0.0,0.0,1.0,0.0,0.0,Matches,,,,,,,,,,,,,,,,,,,,,,,,,
2022-2023,Bundesliga,Dortmund,Thorgan Hazard,be BEL,"FW,DF",29.0,5.2,23.0,4.45,16.0,4.0,0.0,3.0,0.0,0.0,0.0,0.0,0.0,0.0,0.0,0.0,0.0,0.0,Matches,,,,,,,,,,,,,,,,,,,,,,,,,
2022-2023,Bundesliga,Dortmund,Felix Passlack,de GER,DF,24.0,0.7,6.0,8.44,4.0,0.0,0.0,0.0,1.0,1.0,1.0,1.41,1.0,0.0,0.0,0.0,0.0,0.0,Matches,,,,,,,,,,,,,,,,,,,,,,,,,
2022-2023,Bundesliga,Dortmund,Soumaïla Coulibaly,fr FRA,DF,18.0,0.5,1.0,2.0,1.0,0.0,0.0,0.0,0.0,0.0,0.0,0.0,0.0,0.0,0.0,0.0,0.0,0.0,Matches,,,,,,,,,,,,,,,,,,,,,,,,,
2022-2023,Bundesliga,Dortmund,Julien Duranville,be BEL,MF,16.0,0.3,5.0,15.52,3.0,0.0,2.0,0.0,0.0,0.0,1.0,3.1,1.0,0.0,0.0,0.0,0.0,0.0,Matches,,,,,,,,,,,,,,,,,,,,,,,,,
2022-2023,Bundesliga,Dortmund,Tom Rothe,de GER,DF,17.0,0.3,0.0,0.0,0.0,0.0,0.0,0.0,0.0,0.0,0.0,0.0,0.0,0.0,0.0,0.0,0.0,0.0,Matches,,,,,,,,,,,,,,,,,,,,,,,,,
2022-2023,Bundesliga,Dortmund,Justin Njinmah,de GER,FW,21.0,0.2,0.0,0.0,0.0,0.0,0.0,0.0,0.0,0.0,0.0,0.0,0.0,0.0,0.0,0.0,0.0,0.0,Matches,,,,,,,,,,,,,,,,,,,,,,,,,
2022-2023,Bundesliga,Dortmund,Antonios Papadopoulos,de GER,DF,22.0,0.1,0.0,0.0,0.0,0.0,0.0,0.0,0.0,0.0,0.0,0.0,0.0,0.0,0.0,0.0,0.0,0.0,Matches,,,,,,,,,,,,,,,,,,,,,,,,,
2022-2023,Bundesliga,Dortmund,Marco Pašalić,hr CRO,MF,21.0,0.1,1.0,8.18,1.0,0.0,0.0,0.0,0.0,0.0,0.0,0.0,0.0,0.0,0.0,0.0,0.0,0.0,Matches,,,,,,,,,,,,,,,,,,,,,,,,,
2022-2023,Bundesliga,Dortmund,Squad Total,,,25.8,34.0,1014.0,29.82,735.0,74.0,80.0,72.0,41.0,12.0,144.0,4.24,102.0,5.0,16.0,10.0,8.0,3.0,,,,,,,,,,,,,,,,,,,,,,,,,,
2022-2023,Bundesliga,Dortmund,Opponent Total,,,26.5,34.0,703.0,20.68,505.0,68.0,34.0,44.0,39.0,13.0,73.0,2.15,57.0,5.0,2.0,6.0,2.0,1.0,,,,,,,,,,,,,,,,,,,,,,,,,,
2022-2023,Bundesliga,RB Leipzig,Willi Orban,hu HUN,DF,29.0,32.8,24.0,0.73,16.0,0.0,0.0,5.0,3.0,0.0,2.0,0.06,1.0,0.0,0.0,0.0,1.0,0.0,Matches,,,,,,,,,,,,,,,,,,,,,,,,,
2022-2023,Bundesliga,RB Leipzig,Dominik Szoboszlai,hu HUN,"MF,FW",21.0,27.2,150.0,5.52,94.0,31.0,8.0,5.0,10.0,2.0,17.0,0.63,11.0,3.0,0.0,1.0,2.0,0.0,Matches,,,,,,,,,,,,,,,,,,,,,,,,,
2022-2023,Bundesliga,RB Leipzig,Janis Blaswich,de GER,GK,31.0,26.0,0.0,0.0,0.0,0.0,0.0,0.0,0.0,0.0,0.0,0.0,0.0,0.0,0.0,0.0,0.0,0.0,Matches,,,,,,,,,,,,,,,,,,,,,,,,,
2022-2023,Bundesliga,RB Leipzig,Joško Gvardiol,hr CRO,DF,20.0,24.1,29.0,1.2,27.0,0.0,1.0,1.0,0.0,0.0,2.0,0.08,2.0,0.0,0.0,0.0,0.0,0.0,Matches,,,,,,,,,,,,,,,,,,,,,,,,,
2022-2023,Bundesliga,RB Leipzig,Benjamin Henrichs,de GER,"DF,MF",25.0,24.3,55.0,2.26,41.0,1.0,3.0,6.0,4.0,0.0,5.0,0.21,5.0,0.0,0.0,0.0,0.0,0.0,Matches,,,,,,,,,,,,,,,,,,,,,,,,,
2022-2023,Bundesliga,RB Leipzig,Timo Werner,de GER,"FW,MF",26.0,21.5,54.0,2.51,40.0,0.0,6.0,7.0,1.0,0.0,7.0,0.33,6.0,0.0,1.0,0.0,0.0,0.0,Matches,,,,,,,,,,,,,,,,,,,,,,,,,
2022-2023,Bundesliga,RB Leipzig,Christopher Nkunku,fr FRA,"FW,MF",24.0,21.1,98.0,4.65,62.0,3.0,16.0,10.0,7.0,0.0,14.0,0.66,7.0,0.0,3.0,1.0,3.0,0.0,Matches,,,,,,,,,,,,,,,,,,,,,,,,,
2022-2023,Bundesliga,RB Leipzig,André Silva,pt POR,FW,26.0,19.3,63.0,3.26,46.0,0.0,4.0,7.0,6.0,0.0,10.0,0.52,7.0,0.0,0.0,3.0,0.0,0.0,Matches,,,,,,,,,,,,,,,,,,,,,,,,,
2022-2023,Bundesliga,RB Leipzig,David Raum,de GER,"DF,MF",24.0,18.7,57.0,3.04,28.0,22.0,3.0,3.0,1.0,0.0,3.0,0.16,2.0,1.0,0.0,0.0,0.0,0.0,Matches,,,,,,,,,,,,,,,,,,,,,,,,,
2022-2023,Bundesliga,RB Leipzig,Mohamed Simakan,fr FRA,DF,22.0,16.2,28.0,1.73,21.0,0.0,3.0,2.0,2.0,0.0,1.0,0.06,0.0,0.0,0.0,1.0,0.0,0.0,Matches,,,,,,,,,,,,,,,,,,,,,,,,,
2022-2023,Bundesliga,RB Leipzig,Marcel Halstenberg,de GER,DF,30.0,17.3,37.0,2.14,25.0,7.0,1.0,2.0,1.0,1.0,2.0,0.12,2.0,0.0,0.0,0.0,0.0,0.0,Matches,,,,,,,,,,,,,,,,,,,,,,,,,
2022-2023,Bundesliga,RB Leipzig,Konrad Laimer,at AUT,MF,25.0,16.3,41.0,2.52,34.0,0.0,2.0,1.0,1.0,3.0,5.0,0.31,4.0,0.0,0.0,0.0,0.0,1.0,Matches,,,,,,,,,,,,,,,,,,,,,,,,,
2022-2023,Bundesliga,RB Leipzig,Xaver Schlager,at AUT,MF,24.0,16.7,30.0,1.8,26.0,0.0,0.0,0.0,2.0,2.0,6.0,0.36,6.0,0.0,0.0,0.0,0.0,0.0,Matches,,,,,,,,,,,,,,,,,,,,,,,,,
2022-2023,Bundesliga,RB Leipzig,Emil Forsberg,se SWE,"MF,FW",30.0,16.5,39.0,2.37,28.0,3.0,0.0,4.0,3.0,1.0,7.0,0.43,5.0,1.0,0.0,0.0,0.0,1.0,Matches,,,,,,,,,,,,,,,,,,,,,,,,,
2022-2023,Bundesliga,RB Leipzig,Kevin Kampl,si SVN,MF,31.0,15.2,41.0,2.69,39.0,0.0,0.0,1.0,0.0,1.0,5.0,0.33,5.0,0.0,0.0,0.0,0.0,0.0,Matches,,,,,,,,,,,,,,,,,,,,,,,,,
2022-2023,Bundesliga,RB Leipzig,Amadou Haidara,ml MLI,MF,24.0,15.9,36.0,2.26,29.0,0.0,1.0,3.0,2.0,1.0,7.0,0.44,5.0,0.0,0.0,1.0,1.0,0.0,Matches,,,,,,,,,,,,,,,,,,,,,,,,,
2022-2023,Bundesliga,RB Leipzig,Dani Olmo,es ESP,"MF,FW",24.0,14.2,64.0,4.5,51.0,3.0,4.0,4.0,2.0,0.0,11.0,0.77,5.0,0.0,2.0,3.0,1.0,0.0,Matches,,,,,,,,,,,,,,,,,,,,,,,,,
2022-2023,Bundesliga,RB Leipzig,Lukas Klostermann,de GER,DF,26.0,10.1,4.0,0.4,4.0,0.0,0.0,0.0,0.0,0.0,0.0,0.0,0.0,0.0,0.0,0.0,0.0,0.0,Matches,,,,,,,,,,,,,,,,,,,,,,,,,
2022-2023,Bundesliga,RB Leipzig,Péter Gulácsi,hu HUN,GK,32.0,6.0,1.0,0.17,1.0,0.0,0.0,0.0,0.0,0.0,0.0,0.0,0.0,0.0,0.0,0.0,0.0,0.0,Matches,,,,,,,,,,,,,,,,,,,,,,,,,
2022-2023,Bundesliga,RB Leipzig,Abdou Diallo,sn SEN,"DF,MF",26.0,5.3,5.0,0.94,5.0,0.0,0.0,0.0,0.0,0.0,0.0,0.0,0.0,0.0,0.0,0.0,0.0,0.0,Matches,,,,,,,,,,,,,,,,,,,,,,,,,
2022-2023,Bundesliga,RB Leipzig,Yussuf Poulsen,dk DEN,FW,28.0,4.6,13.0,2.84,7.0,0.0,3.0,2.0,1.0,0.0,2.0,0.44,1.0,0.0,0.0,0.0,1.0,0.0,Matches,,,,,,,,,,,,,,,,,,,,,,,,,
2022-2023,Bundesliga,RB Leipzig,Hugo Novoa,es ESP,"DF,FW",19.0,2.0,2.0,0.97,2.0,0.0,0.0,0.0,0.0,0.0,0.0,0.0,0.0,0.0,0.0,0.0,0.0,0.0,Matches,,,,,,,,,,,,,,,,,,,,,,,,,
2022-2023,Bundesliga,RB Leipzig,Ørjan Nyland,no NOR,GK,31.0,2.0,2.0,1.0,2.0,0.0,0.0,0.0,0.0,0.0,2.0,1.0,2.0,0.0,0.0,0.0,0.0,0.0,Matches,,,,,,,,,,,,,,,,,,,,,,,,,
2022-2023,Bundesliga,RB Leipzig,Alexander Sørloth,no NOR,FW,26.0,0.1,1.0,15.0,1.0,0.0,0.0,0.0,0.0,0.0,0.0,0.0,0.0,0.0,0.0,0.0,0.0,0.0,Matches,,,,,,,,,,,,,,,,,,,,,,,,,
2022-2023,Bundesliga,RB Leipzig,Sanoussy Ba,de GER,DF,18.0,0.0,0.0,0.0,0.0,0.0,0.0,0.0,0.0,0.0,0.0,0.0,0.0,0.0,0.0,0.0,0.0,0.0,Matches,,,,,,,,,,,,,,,,,,,,,,,,,
2022-2023,Bundesliga,RB Leipzig,Squad Total,,,26.3,34.0,874.0,25.71,629.0,70.0,55.0,63.0,46.0,11.0,108.0,3.18,76.0,5.0,6.0,10.0,9.0,2.0,,,,,,,,,,,,,,,,,,,,,,,,,,
2022-2023,Bundesliga,RB Leipzig,Opponent Total,,,26.6,34.0,540.0,15.88,386.0,45.0,36.0,33.0,33.0,7.0,64.0,1.88,44.0,4.0,1.0,7.0,8.0,0.0,,,,,,,,,,,,,,,,,,,,,,,,,,
2022-2023,Bundesliga,Union Berlin,Rani Khedira,de GER,MF,28.0,32.0,34.0,1.06,27.0,0.0,1.0,0.0,1.0,5.0,3.0,0.09,2.0,0.0,0.0,0.0,0.0,1.0,Matches,,,,,,,,,,,,,,,,,,,,,,,,,
2022-2023,Bundesliga,Union Berlin,Sheraldo Becker,sr SUR,FW,27.0,28.4,90.0,3.17,74.0,0.0,6.0,4.0,6.0,0.0,13.0,0.46,12.0,0.0,0.0,1.0,0.0,0.0,Matches,,,,,,,,,,,,,,,,,,,,,,,,,
2022-2023,Bundesliga,Union Berlin,Robin Knoche,de GER,DF,30.0,31.9,23.0,0.72,18.0,2.0,0.0,3.0,0.0,0.0,4.0,0.13,3.0,0.0,0.0,1.0,0.0,0.0,Matches,,,,,,,,,,,,,,,,,,,,,,,,,
2022-2023,Bundesliga,Union Berlin,Janik Haberer,de GER,MF,28.0,24.3,60.0,2.47,47.0,0.0,1.0,7.0,4.0,1.0,5.0,0.21,5.0,0.0,0.0,0.0,0.0,0.0,Matches,,,,,,,,,,,,,,,,,,,,,,,,,
2022-2023,Bundesliga,Union Berlin,Frederik Rønnow,dk DEN,GK,29.0,29.0,7.0,0.24,7.0,0.0,0.0,0.0,0.0,0.0,1.0,0.03,1.0,0.0,0.0,0.0,0.0,0.0,Matches,,,,,,,,,,,,,,,,,,,,,,,,,
2022-2023,Bundesliga,Union Berlin,Diogo Leite,pt POR,DF,23.0,25.0,20.0,0.8,15.0,0.0,0.0,1.0,3.0,1.0,4.0,0.16,3.0,0.0,0.0,0.0,1.0,0.0,Matches,,,,,,,,,,,,,,,,,,,,,,,,,
2022-2023,Bundesliga,Union Berlin,Danilho Doekhi,nl NED,DF,24.0,24.6,21.0,0.85,19.0,0.0,0.0,0.0,2.0,0.0,3.0,0.12,2.0,0.0,0.0,0.0,1.0,0.0,Matches,,,,,,,,,,,,,,,,,,,,,,,,,
2022-2023,Bundesliga,Union Berlin,Christopher Trimmel,at AUT,DF,35.0,20.1,59.0,2.93,31.0,26.0,1.0,0.0,1.0,0.0,7.0,0.35,0.0,7.0,0.0,0.0,0.0,0.0,Matches,,,,,,,,,,,,,,,,,,,,,,,,,
2022-2023,Bundesliga,Union Berlin,Kevin Behrens,de GER,FW,31.0,17.1,49.0,2.87,39.0,0.0,4.0,0.0,5.0,1.0,8.0,0.47,5.0,0.0,2.0,0.0,1.0,0.0,Matches,,,,,,,,,,,,,,,,,,,,,,,,,
2022-2023,Bundesliga,Union Berlin,Jordan Pefok,us USA,FW,26.0,15.1,29.0,1.92,24.0,0.0,0.0,3.0,2.0,0.0,5.0,0.33,5.0,0.0,0.0,0.0,0.0,0.0,Matches,,,,,,,,,,,,,,,,,,,,,,,,,
2022-2023,Bundesliga,Union Berlin,Niko Gießelmann,de GER,DF,30.0,14.5,47.0,3.25,22.0,19.0,2.0,2.0,2.0,0.0,7.0,0.48,3.0,2.0,1.0,1.0,0.0,0.0,Matches,,,,,,,,,,,,,,,,,,,,,,,,,
2022-2023,Bundesliga,Union Berlin,Paul Jaeckel,de GER,DF,24.0,13.3,11.0,0.83,8.0,3.0,0.0,0.0,0.0,0.0,0.0,0.0,0.0,0.0,0.0,0.0,0.0,0.0,Matches,,,,,,,,,,,,,,,,,,,,,,,,,
2022-2023,Bundesliga,Union Berlin,Julian Ryerson,no NOR,DF,24.0,11.5,27.0,2.34,18.0,1.0,5.0,2.0,1.0,0.0,0.0,0.0,0.0,0.0,0.0,0.0,0.0,0.0,Matches,,,,,,,,,,,,,,,,,,,,,,,,,
2022-2023,Bundesliga,Union Berlin,Jérôme Roussillon,fr FRA,DF,29.0,10.6,22.0,2.07,16.0,1.0,4.0,0.0,1.0,0.0,4.0,0.38,3.0,0.0,0.0,0.0,1.0,0.0,Matches,,,,,,,,,,,,,,,,,,,,,,,,,
2022-2023,Bundesliga,Union Berlin,Aïssa Laïdouni,tn TUN,MF,25.0,9.7,20.0,2.07,9.0,0.0,1.0,2.0,8.0,0.0,3.0,0.31,0.0,0.0,0.0,0.0,3.0,0.0,Matches,,,,,,,,,,,,,,,,,,,,,,,,,
2022-2023,Bundesliga,Union Berlin,Josip Juranović,hr CRO,DF,26.0,10.4,30.0,2.89,14.0,14.0,0.0,2.0,0.0,0.0,3.0,0.29,1.0,2.0,0.0,0.0,0.0,0.0,Matches,,,,,,,,,,,,,,,,,,,,,,,,,
2022-2023,Bundesliga,Union Berlin,András Schäfer,hu HUN,MF,23.0,9.6,10.0,1.05,8.0,0.0,0.0,0.0,2.0,0.0,2.0,0.21,1.0,0.0,0.0,0.0,1.0,0.0,Matches,,,,,,,,,,,,,,,,,,,,,,,,,
2022-2023,Bundesliga,Union Berlin,Morten Thorsby,no NOR,MF,26.0,9.3,10.0,1.08,7.0,0.0,0.0,1.0,1.0,1.0,4.0,0.43,1.0,0.0,0.0,1.0,1.0,1.0,Matches,,,,,,,,,,,,,,,,,,,,,,,,,
2022-2023,Bundesliga,Union Berlin,Timo Baumgartl,de GER,DF,26.0,6.2,8.0,1.28,7.0,0.0,0.0,1.0,0.0,0.0,1.0,0.16,1.0,0.0,0.0,0.0,0.0,0.0,Matches,,,,,,,,,,,,,,,,,,,,,,,,,
2022-2023,Bundesliga,Union Berlin,Genki Haraguchi,jp JPN,MF,31.0,5.5,21.0,3.79,17.0,0.0,1.0,1.0,2.0,0.0,1.0,0.18,1.0,0.0,0.0,0.0,0.0,0.0,Matches,,,,,,,,,,,,,,,,,,,,,,,,,
2022-2023,Bundesliga,Union Berlin,Lennart Grill,de GER,GK,23.0,5.0,1.0,0.2,1.0,0.0,0.0,0.0,0.0,0.0,0.0,0.0,0.0,0.0,0.0,0.0,0.0,0.0,Matches,,,,,,,,,,,,,,,,,,,,,,,,,
2022-2023,Bundesliga,Union Berlin,Paul Seguin,de GER,MF,27.0,7.7,21.0,2.74,19.0,0.0,0.0,1.0,0.0,1.0,3.0,0.39,3.0,0.0,0.0,0.0,0.0,0.0,Matches,,,,,,,,,,,,,,,,,,,,,,,,,
2022-2023,Bundesliga,Union Berlin,Sven Michel,de GER,"FW,MF",32.0,5.5,13.0,2.36,12.0,0.0,1.0,0.0,0.0,0.0,2.0,0.36,2.0,0.0,0.0,0.0,0.0,0.0,Matches,,,,,,,,,,,,,,,,,,,,,,,,,
2022-2023,Bundesliga,Union Berlin,Tymoteusz Puchacz,pl POL,DF,23.0,0.6,2.0,3.1,1.0,1.0,0.0,0.0,0.0,0.0,0.0,0.0,0.0,0.0,0.0,0.0,0.0,0.0,Matches,,,,,,,,,,,,,,,,,,,,,,,,,
2022-2023,Bundesliga,Union Berlin,Jamie Leweling,de GER,"FW,MF",21.0,2.9,10.0,3.42,5.0,0.0,2.0,2.0,1.0,0.0,2.0,0.68,1.0,0.0,0.0,1.0,0.0,0.0,Matches,,,,,,,,,,,,,,,,,,,,,,,,,
2022-2023,Bundesliga,Union Berlin,Miloš Pantović,rs SRB,MF,26.0,2.3,3.0,1.32,2.0,0.0,0.0,0.0,1.0,0.0,0.0,0.0,0.0,0.0,0.0,0.0,0.0,0.0,Matches,,,,,,,,,,,,,,,,,,,,,,,,,
2022-2023,Bundesliga,Union Berlin,Tim Skarke,de GER,"DF,MF",25.0,0.6,1.0,1.7,1.0,0.0,0.0,0.0,0.0,0.0,0.0,0.0,0.0,0.0,0.0,0.0,0.0,0.0,Matches,,,,,,,,,,,,,,,,,,,,,,,,,
2022-2023,Bundesliga,Union Berlin,Levin Öztunalı,de GER,MF,26.0,0.1,1.0,10.0,1.0,0.0,0.0,0.0,0.0,0.0,1.0,10.0,1.0,0.0,0.0,0.0,0.0,0.0,Matches,,,,,,,,,,,,,,,,,,,,,,,,,
2022-2023,Bundesliga,Union Berlin,Squad Total,,,27.9,34.0,650.0,19.12,469.0,67.0,29.0,32.0,43.0,10.0,86.0,2.53,56.0,11.0,3.0,5.0,9.0,2.0,,,,,,,,,,,,,,,,,,,,,,,,,,
2022-2023,Bundesliga,Union Berlin,Opponent Total,,,26.3,34.0,668.0,19.65,459.0,70.0,46.0,49.0,36.0,8.0,65.0,1.91,39.0,7.0,10.0,4.0,5.0,0.0,,,,,,,,,,,,,,,,,,,,,,,,,,
2022-2023,Bundesliga,Freiburg,Mark Flekken,nl NED,GK,29.0,34.0,10.0,0.29,6.0,4.0,0.0,0.0,0.0,0.0,1.0,0.03,0.0,1.0,0.0,0.0,0.0,0.0,Matches,,,,,,,,,,,,,,,,,,,,,,,,,
2022-2023,Bundesliga,Freiburg,Matthias Ginter,de GER,DF,28.0,34.0,32.0,0.94,27.0,0.0,0.0,4.0,1.0,0.0,2.0,0.06,2.0,0.0,0.0,0.0,0.0,0.0,Matches,,,,,,,,,,,,,,,,,,,,,,,,,
2022-2023,Bundesliga,Freiburg,Nicolas Höfler,de GER,MF,32.0,31.3,40.0,1.28,31.0,2.0,0.0,3.0,2.0,2.0,9.0,0.29,6.0,0.0,0.0,2.0,1.0,0.0,Matches,,,,,,,,,,,,,,,,,,,,,,,,,
2022-2023,Bundesliga,Freiburg,Christian Günter,de GER,"DF,MF",29.0,30.5,101.0,3.31,61.0,32.0,4.0,3.0,1.0,0.0,8.0,0.26,6.0,2.0,0.0,0.0,0.0,0.0,Matches,,,,,,,,,,,,,,,,,,,,,,,,,
2022-2023,Bundesliga,Freiburg,Ritsu Doan,jp JPN,"MF,FW",24.0,26.9,72.0,2.68,45.0,1.0,10.0,5.0,9.0,2.0,10.0,0.37,6.0,0.0,1.0,0.0,3.0,0.0,Matches,,,,,,,,,,,,,,,,,,,,,,,,,
2022-2023,Bundesliga,Freiburg,Vincenzo Grifo,it ITA,"MF,FW",29.0,26.8,131.0,4.9,83.0,33.0,3.0,8.0,1.0,3.0,15.0,0.56,5.0,7.0,0.0,2.0,1.0,0.0,Matches,,,,,,,,,,,,,,,,,,,,,,,,,
2022-2023,Bundesliga,Freiburg,Philipp Lienhart,at AUT,DF,26.0,27.8,20.0,0.72,16.0,0.0,1.0,3.0,0.0,0.0,2.0,0.07,2.0,0.0,0.0,0.0,0.0,0.0,Matches,,,,,,,,,,,,,,,,,,,,,,,,,
2022-2023,Bundesliga,Freiburg,Maximilian Eggestein,de GER,MF,25.0,27.2,50.0,1.84,44.0,0.0,1.0,1.0,3.0,1.0,5.0,0.18,4.0,0.0,0.0,0.0,1.0,0.0,Matches,,,,,,,,,,,,,,,,,,,,,,,,,
2022-2023,Bundesliga,Freiburg,Michael Gregoritsch,at AUT,FW,28.0,23.9,67.0,2.8,49.0,1.0,2.0,10.0,5.0,0.0,10.0,0.42,7.0,0.0,0.0,2.0,1.0,0.0,Matches,,,,,,,,,,,,,,,,,,,,,,,,,
2022-2023,Bundesliga,Freiburg,Kiliann Sildillia,fr FRA,"DF,MF",20.0,22.0,28.0,1.28,16.0,8.0,1.0,1.0,2.0,0.0,5.0,0.23,2.0,1.0,1.0,1.0,0.0,0.0,Matches,,,,,,,,,,,,,,,,,,,,,,,,,
2022-2023,Bundesliga,Freiburg,Lukas Kübler,de GER,DF,29.0,18.2,18.0,0.99,13.0,4.0,0.0,0.0,1.0,0.0,1.0,0.05,1.0,0.0,0.0,0.0,0.0,0.0,Matches,,,,,,,,,,,,,,,,,,,,,,,,,
2022-2023,Bundesliga,Freiburg,Lucas Höler,de GER,"FW,MF",28.0,16.7,41.0,2.45,27.0,0.0,2.0,6.0,6.0,0.0,3.0,0.18,3.0,0.0,0.0,0.0,0.0,0.0,Matches,,,,,,,,,,,,,,,,,,,,,,,,,
2022-2023,Bundesliga,Freiburg,Roland Sallai,hu HUN,"MF,FW",25.0,11.1,39.0,3.5,23.0,1.0,4.0,2.0,8.0,1.0,5.0,0.45,3.0,0.0,1.0,0.0,1.0,0.0,Matches,,,,,,,,,,,,,,,,,,,,,,,,,
2022-2023,Bundesliga,Freiburg,Yannik Keitel,de GER,MF,22.0,7.6,11.0,1.45,11.0,0.0,0.0,0.0,0.0,0.0,3.0,0.4,3.0,0.0,0.0,0.0,0.0,0.0,Matches,,,,,,,,,,,,,,,,,,,,,,,,,
2022-2023,Bundesliga,Freiburg,Manuel Gulde,de GER,DF,31.0,7.1,6.0,0.84,4.0,0.0,0.0,0.0,0.0,2.0,1.0,0.14,1.0,0.0,0.0,0.0,0.0,0.0,Matches,,,,,,,,,,,,,,,,,,,,,,,,,
2022-2023,Bundesliga,Freiburg,Daniel Kyereh,gh GHA,"MF,FW",26.0,6.2,10.0,1.6,9.0,0.0,0.0,0.0,1.0,0.0,1.0,0.16,1.0,0.0,0.0,0.0,0.0,0.0,Matches,,,,,,,,,,,,,,,,,,,,,,,,,
2022-2023,Bundesliga,Freiburg,Jeong Woo-yeong,kr KOR,"MF,FW",22.0,7.3,21.0,2.89,17.0,0.0,0.0,2.0,2.0,0.0,4.0,0.55,3.0,0.0,0.0,0.0,1.0,0.0,Matches,,,,,,,,,,,,,,,,,,,,,,,,,
2022-2023,Bundesliga,Freiburg,Noah Weißhaupt,de GER,"MF,DF",20.0,4.7,13.0,2.72,8.0,1.0,2.0,0.0,2.0,0.0,1.0,0.21,1.0,0.0,0.0,0.0,0.0,0.0,Matches,,,,,,,,,,,,,,,,,,,,,,,,,
2022-2023,Bundesliga,Freiburg,Kenneth Schmidt,de GER,DF,20.0,2.8,3.0,1.08,3.0,0.0,0.0,0.0,0.0,0.0,0.0,0.0,0.0,0.0,0.0,0.0,0.0,0.0,Matches,,,,,,,,,,,,,,,,,,,,,,,,,
2022-2023,Bundesliga,Freiburg,Kevin Schade,de GER,"FW,MF",20.0,2.0,1.0,0.49,0.0,0.0,0.0,0.0,1.0,0.0,0.0,0.0,0.0,0.0,0.0,0.0,0.0,0.0,Matches,,,,,,,,,,,,,,,,,,,,,,,,,
2022-2023,Bundesliga,Freiburg,Nils Petersen,de GER,FW,33.0,3.1,5.0,1.62,3.0,0.0,0.0,2.0,0.0,0.0,0.0,0.0,0.0,0.0,0.0,0.0,0.0,0.0,Matches,,,,,,,,,,,,,,,,,,,,,,,,,
2022-2023,Bundesliga,Freiburg,Merlin Röhl,de GER,"MF,FW",20.0,0.6,2.0,3.16,2.0,0.0,0.0,0.0,0.0,0.0,1.0,1.58,1.0,0.0,0.0,0.0,0.0,0.0,Matches,,,,,,,,,,,,,,,,,,,,,,,,,
2022-2023,Bundesliga,Freiburg,Jonathan Schmid,fr FRA,DF,32.0,0.5,2.0,4.5,1.0,0.0,1.0,0.0,0.0,0.0,0.0,0.0,0.0,0.0,0.0,0.0,0.0,0.0,Matches,,,,,,,,,,,,,,,,,,,,,,,,,
2022-2023,Bundesliga,Freiburg,Robert Wagner,de GER,MF,19.0,0.4,1.0,2.31,0.0,0.0,0.0,1.0,0.0,0.0,0.0,0.0,0.0,0.0,0.0,0.0,0.0,0.0,Matches,,,,,,,,,,,,,,,,,,,,,,,,,
2022-2023,Bundesliga,Freiburg,Hugo Siquet,be BEL,DF,20.0,0.2,0.0,0.0,0.0,0.0,0.0,0.0,0.0,0.0,0.0,0.0,0.0,0.0,0.0,0.0,0.0,0.0,Matches,,,,,,,,,,,,,,,,,,,,,,,,,
2022-2023,Bundesliga,Freiburg,Keven Schlotterbeck,de GER,DF,25.0,0.2,0.0,0.0,0.0,0.0,0.0,0.0,0.0,0.0,0.0,0.0,0.0,0.0,0.0,0.0,0.0,0.0,Matches,,,,,,,,,,,,,,,,,,,,,,,,,
2022-2023,Bundesliga,Freiburg,Kimberly Ezekwem,de GER,DF,21.0,0.1,0.0,0.0,0.0,0.0,0.0,0.0,0.0,0.0,0.0,0.0,0.0,0.0,0.0,0.0,0.0,0.0,Matches,,,,,,,,,,,,,,,,,,,,,,,,,
2022-2023,Bundesliga,Freiburg,Squad Total,,,27.4,34.0,724.0,21.29,499.0,87.0,31.0,51.0,45.0,11.0,87.0,2.56,57.0,11.0,3.0,7.0,9.0,0.0,,,,,,,,,,,,,,,,,,,,,,,,,,
2022-2023,Bundesliga,Freiburg,Opponent Total,,,26.6,34.0,760.0,22.35,565.0,76.0,30.0,37.0,39.0,13.0,77.0,2.26,62.0,2.0,2.0,5.0,5.0,1.0,,,,,,,,,,,,,,,,,,,,,,,,,,
2022-2023,Bundesliga,Leverkusen,Lukáš Hrádecký,fi FIN,GK,32.0,33.0,1.0,0.03,0.0,1.0,0.0,0.0,0.0,0.0,0.0,0.0,0.0,0.0,0.0,0.0,0.0,0.0,Matches,,,,,,,,,,,,,,,,,,,,,,,,,
2022-2023,Bundesliga,Leverkusen,Moussa Diaby,fr FRA,"FW,MF",23.0,30.0,110.0,3.67,74.0,5.0,14.0,14.0,3.0,0.0,16.0,0.53,10.0,0.0,4.0,0.0,2.0,0.0,Matches,,,,,,,,,,,,,,,,,,,,,,,,,
2022-2023,Bundesliga,Leverkusen,Edmond Tapsoba,bf BFA,DF,23.0,31.9,31.0,0.97,28.0,1.0,1.0,0.0,1.0,0.0,5.0,0.16,4.0,0.0,0.0,0.0,1.0,0.0,Matches,,,,,,,,,,,,,,,,,,,,,,,,,
2022-2023,Bundesliga,Leverkusen,Jeremie Frimpong,nl NED,"DF,MF",21.0,30.1,103.0,3.42,65.0,2.0,20.0,6.0,10.0,0.0,16.0,0.53,9.0,0.0,5.0,0.0,2.0,0.0,Matches,,,,,,,,,,,,,,,,,,,,,,,,,
2022-2023,Bundesliga,Leverkusen,Jonathan Tah,de GER,DF,26.0,27.6,15.0,0.54,12.0,2.0,0.0,1.0,0.0,0.0,0.0,0.0,0.0,0.0,0.0,0.0,0.0,0.0,Matches,,,,,,,,,,,,,,,,,,,,,,,,,
2022-2023,Bundesliga,Leverkusen,Robert Andrich,de GER,MF,27.0,26.7,45.0,1.68,37.0,0.0,0.0,4.0,1.0,3.0,4.0,0.15,3.0,0.0,0.0,0.0,0.0,1.0,Matches,,,,,,,,,,,,,,,,,,,,,,,,,
2022-2023,Bundesliga,Leverkusen,Piero Hincapié,ec ECU,DF,20.0,27.3,21.0,0.77,17.0,0.0,1.0,1.0,1.0,1.0,3.0,0.11,3.0,0.0,0.0,0.0,0.0,0.0,Matches,,,,,,,,,,,,,,,,,,,,,,,,,
2022-2023,Bundesliga,Leverkusen,Mitchel Bakker,nl NED,"DF,MF",22.0,18.4,37.0,2.01,30.0,4.0,0.0,0.0,2.0,1.0,4.0,0.22,3.0,0.0,0.0,0.0,0.0,1.0,Matches,,,,,,,,,,,,,,,,,,,,,,,,,
2022-2023,Bundesliga,Leverkusen,Exequiel Palacios,ar ARG,MF,23.0,18.4,51.0,2.78,44.0,0.0,1.0,1.0,3.0,2.0,5.0,0.27,5.0,0.0,0.0,0.0,0.0,0.0,Matches,,,,,,,,,,,,,,,,,,,,,,,,,
2022-2023,Bundesliga,Leverkusen,Kerem Demirbay,de GER,MF,29.0,17.2,51.0,2.98,25.0,21.0,2.0,2.0,1.0,0.0,6.0,0.35,3.0,3.0,0.0,0.0,0.0,0.0,Matches,,,,,,,,,,,,,,,,,,,,,,,,,
2022-2023,Bundesliga,Leverkusen,Odilon Kossonou,ci CIV,DF,21.0,16.9,16.0,0.95,14.0,1.0,0.0,0.0,0.0,1.0,3.0,0.18,3.0,0.0,0.0,0.0,0.0,0.0,Matches,,,,,,,,,,,,,,,,,,,,,,,,,
2022-2023,Bundesliga,Leverkusen,Amine Adli,ma MAR,"FW,MF",22.0,15.9,56.0,3.5,36.0,3.0,4.0,4.0,8.0,1.0,11.0,0.69,6.0,0.0,3.0,0.0,2.0,0.0,Matches,,,,,,,,,,,,,,,,,,,,,,,,,
2022-2023,Bundesliga,Leverkusen,Adam Hložek,cz CZE,"FW,MF",20.0,14.3,39.0,2.73,30.0,3.0,1.0,4.0,1.0,0.0,8.0,0.56,6.0,0.0,0.0,2.0,0.0,0.0,Matches,,,,,,,,,,,,,,,,,,,,,,,,,
2022-2023,Bundesliga,Leverkusen,Florian Wirtz,de GER,"FW,MF",19.0,12.1,64.0,5.28,47.0,8.0,5.0,1.0,3.0,0.0,8.0,0.66,7.0,0.0,1.0,0.0,0.0,0.0,Matches,,,,,,,,,,,,,,,,,,,,,,,,,
2022-2023,Bundesliga,Leverkusen,Patrik Schick,cz CZE,FW,26.0,10.5,28.0,2.68,21.0,0.0,1.0,3.0,3.0,0.0,2.0,0.19,2.0,0.0,0.0,0.0,0.0,0.0,Matches,,,,,,,,,,,,,,,,,,,,,,,,,
2022-2023,Bundesliga,Leverkusen,Nadiem Amiri,de GER,"MF,FW",25.0,10.9,36.0,3.32,23.0,4.0,4.0,1.0,4.0,0.0,5.0,0.46,3.0,0.0,1.0,0.0,1.0,0.0,Matches,,,,,,,,,,,,,,,,,,,,,,,,,
2022-2023,Bundesliga,Leverkusen,Sardar Azmoun,ir IRN,"FW,MF",27.0,10.3,33.0,3.21,27.0,0.0,1.0,2.0,1.0,2.0,4.0,0.39,1.0,0.0,1.0,1.0,0.0,1.0,Matches,,,,,,,,,,,,,,,,,,,,,,,,,
2022-2023,Bundesliga,Leverkusen,Callum Hudson-Odoi,eng ENG,"FW,MF",21.0,6.7,26.0,3.86,19.0,4.0,1.0,2.0,0.0,0.0,2.0,0.3,2.0,0.0,0.0,0.0,0.0,0.0,Matches,,,,,,,,,,,,,,,,,,,,,,,,,
2022-2023,Bundesliga,Leverkusen,Charles Aránguiz,cl CHI,MF,33.0,5.5,10.0,1.83,10.0,0.0,0.0,0.0,0.0,0.0,0.0,0.0,0.0,0.0,0.0,0.0,0.0,0.0,Matches,,,,,,,,,,,,,,,,,,,,,,,,,
2022-2023,Bundesliga,Leverkusen,Daley Sinkgraven,nl NED,"DF,MF",27.0,3.8,9.0,2.34,7.0,0.0,1.0,1.0,0.0,0.0,3.0,0.78,2.0,0.0,0.0,1.0,0.0,0.0,Matches,,,,,,,,,,,,,,,,,,,,,,,,,
2022-2023,Bundesliga,Leverkusen,Timothy Fosu-Mensah,nl NED,DF,24.0,2.1,5.0,2.36,5.0,0.0,0.0,0.0,0.0,0.0,0.0,0.0,0.0,0.0,0.0,0.0,0.0,0.0,Matches,,,,,,,,,,,,,,,,,,,,,,,,,
2022-2023,Bundesliga,Leverkusen,Andrey Lunyov,ru RUS,GK,30.0,1.0,0.0,0.0,0.0,0.0,0.0,0.0,0.0,0.0,0.0,0.0,0.0,0.0,0.0,0.0,0.0,0.0,Matches,,,,,,,,,,,,,,,,,,,,,,,,,
2022-2023,Bundesliga,Leverkusen,Karim Bellarabi,de GER,"FW,MF",32.0,0.9,4.0,4.24,4.0,0.0,0.0,0.0,0.0,0.0,0.0,0.0,0.0,0.0,0.0,0.0,0.0,0.0,Matches,,,,,,,,,,,,,,,,,,,,,,,,,
2022-2023,Bundesliga,Leverkusen,Paulinho,br BRA,FW,22.0,0.9,1.0,1.1,1.0,0.0,0.0,0.0,0.0,0.0,0.0,0.0,0.0,0.0,0.0,0.0,0.0,0.0,Matches,,,,,,,,,,,,,,,,,,,,,,,,,
2022-2023,Bundesliga,Leverkusen,Joel Pohjanpalo,fi FIN,"FW,MF",27.0,0.0,0.0,0.0,0.0,0.0,0.0,0.0,0.0,0.0,0.0,0.0,0.0,0.0,0.0,0.0,0.0,0.0,Matches,,,,,,,,,,,,,,,,,,,,,,,,,
2022-2023,Bundesliga,Leverkusen,Ayman Azhil,ma MAR,MF,21.0,0.0,0.0,0.0,0.0,0.0,0.0,0.0,0.0,0.0,0.0,0.0,0.0,0.0,0.0,0.0,0.0,0.0,Matches,,,,,,,,,,,,,,,,,,,,,,,,,
2022-2023,Bundesliga,Leverkusen,Noah Mbamba,be BEL,MF,17.0,0.0,0.0,0.0,0.0,0.0,0.0,0.0,0.0,0.0,0.0,0.0,0.0,0.0,0.0,0.0,0.0,0.0,Matches,,,,,,,,,,,,,,,,,,,,,,,,,
2022-2023,Bundesliga,Leverkusen,Squad Total,,,24.7,34.0,792.0,23.29,576.0,59.0,57.0,47.0,42.0,11.0,105.0,3.09,72.0,3.0,15.0,4.0,8.0,3.0,,,,,,,,,,,,,,,,,,,,,,,,,,
2022-2023,Bundesliga,Leverkusen,Opponent Total,,,26.5,34.0,651.0,19.15,465.0,64.0,25.0,42.0,38.0,17.0,79.0,2.32,56.0,6.0,1.0,5.0,9.0,2.0,,,,,,,,,,,,,,,,,,,,,,,,,,
2022-2023,Bundesliga,Eint Frankfurt,Kevin Trapp,de GER,GK,32.0,33.0,3.0,0.09,3.0,0.0,0.0,0.0,0.0,0.0,0.0,0.0,0.0,0.0,0.0,0.0,0.0,0.0,Matches,,,,,,,,,,,,,,,,,,,,,,,,,
2022-2023,Bundesliga,Eint Frankfurt,Mario Götze,de GER,MF,30.0,30.4,101.0,3.32,79.0,13.0,2.0,5.0,1.0,1.0,14.0,0.46,12.0,0.0,0.0,2.0,0.0,0.0,Matches,,,,,,,,,,,,,,,,,,,,,,,,,
2022-2023,Bundesliga,Eint Frankfurt,Randal Kolo Muani,fr FRA,FW,23.0,29.2,105.0,3.59,60.0,0.0,20.0,12.0,13.0,0.0,22.0,0.75,13.0,0.0,4.0,2.0,3.0,0.0,Matches,,,,,,,,,,,,,,,,,,,,,,,,,
2022-2023,Bundesliga,Eint Frankfurt,Tuta,br BRA,DF,23.0,30.2,20.0,0.66,15.0,0.0,2.0,2.0,0.0,1.0,1.0,0.03,1.0,0.0,0.0,0.0,0.0,0.0,Matches,,,,,,,,,,,,,,,,,,,,,,,,,
2022-2023,Bundesliga,Eint Frankfurt,Obite N'Dicka,ci CIV,DF,22.0,29.9,13.0,0.43,12.0,0.0,1.0,0.0,0.0,0.0,1.0,0.03,1.0,0.0,0.0,0.0,0.0,0.0,Matches,,,,,,,,,,,,,,,,,,,,,,,,,
2022-2023,Bundesliga,Eint Frankfurt,Djibril Sow,ch SUI,MF,25.0,29.4,49.0,1.67,40.0,0.0,2.0,3.0,2.0,2.0,3.0,0.1,1.0,0.0,1.0,1.0,0.0,0.0,Matches,,,,,,,,,,,,,,,,,,,,,,,,,
2022-2023,Bundesliga,Eint Frankfurt,Daichi Kamada,jp JPN,MF,25.0,25.2,85.0,3.38,67.0,4.0,5.0,3.0,5.0,1.0,17.0,0.68,13.0,1.0,0.0,1.0,2.0,0.0,Matches,,,,,,,,,,,,,,,,,,,,,,,,,
2022-2023,Bundesliga,Eint Frankfurt,Jesper Lindstrøm,dk DEN,"MF,FW",22.0,18.7,55.0,2.94,25.0,7.0,8.0,10.0,4.0,1.0,10.0,0.54,2.0,0.0,4.0,3.0,1.0,0.0,Matches,,,,,,,,,,,,,,,,,,,,,,,,,
2022-2023,Bundesliga,Eint Frankfurt,Sebastian Rode,de GER,MF,31.0,15.7,32.0,2.04,29.0,0.0,0.0,1.0,2.0,0.0,2.0,0.13,2.0,0.0,0.0,0.0,0.0,0.0,Matches,,,,,,,,,,,,,,,,,,,,,,,,,
2022-2023,Bundesliga,Eint Frankfurt,Kristijan Jakić,hr CRO,"DF,MF",25.0,16.2,18.0,1.11,15.0,2.0,0.0,0.0,0.0,1.0,0.0,0.0,0.0,0.0,0.0,0.0,0.0,0.0,Matches,,,,,,,,,,,,,,,,,,,,,,,,,
2022-2023,Bundesliga,Eint Frankfurt,Aurélio Buta,pt POR,DF,25.0,14.6,31.0,2.12,30.0,1.0,0.0,0.0,0.0,0.0,4.0,0.27,4.0,0.0,0.0,0.0,0.0,0.0,Matches,,,,,,,,,,,,,,,,,,,,,,,,,
2022-2023,Bundesliga,Eint Frankfurt,Makoto Hasebe,jp JPN,DF,38.0,14.5,6.0,0.41,6.0,0.0,0.0,0.0,0.0,0.0,0.0,0.0,0.0,0.0,0.0,0.0,0.0,0.0,Matches,,,,,,,,,,,,,,,,,,,,,,,,,
2022-2023,Bundesliga,Eint Frankfurt,Ansgar Knauff,de GER,DF,20.0,14.3,24.0,1.68,18.0,0.0,1.0,0.0,5.0,0.0,4.0,0.28,2.0,0.0,0.0,0.0,2.0,0.0,Matches,,,,,,,,,,,,,,,,,,,,,,,,,
2022-2023,Bundesliga,Eint Frankfurt,Christopher Lenz,de GER,DF,27.0,14.3,41.0,2.86,25.0,14.0,1.0,1.0,0.0,0.0,5.0,0.35,4.0,1.0,0.0,0.0,0.0,0.0,Matches,,,,,,,,,,,,,,,,,,,,,,,,,
2022-2023,Bundesliga,Eint Frankfurt,Rafael Borré,co COL,"MF,FW",26.0,12.0,32.0,2.68,24.0,1.0,3.0,2.0,0.0,2.0,3.0,0.25,2.0,0.0,1.0,0.0,0.0,0.0,Matches,,,,,,,,,,,,,,,,,,,,,,,,,
2022-2023,Bundesliga,Eint Frankfurt,Junior Dina Ebimbe,fr FRA,"DF,MF",21.0,11.8,17.0,1.44,12.0,1.0,1.0,3.0,0.0,0.0,1.0,0.08,1.0,0.0,0.0,0.0,0.0,0.0,Matches,,,,,,,,,,,,,,,,,,,,,,,,,
2022-2023,Bundesliga,Eint Frankfurt,Philipp Max,de GER,DF,28.0,7.7,31.0,4.02,17.0,11.0,1.0,2.0,0.0,0.0,1.0,0.13,1.0,0.0,0.0,0.0,0.0,0.0,Matches,,,,,,,,,,,,,,,,,,,,,,,,,
2022-2023,Bundesliga,Eint Frankfurt,Luca Pellegrini,it ITA,DF,23.0,6.2,14.0,2.27,6.0,5.0,1.0,0.0,2.0,0.0,0.0,0.0,0.0,0.0,0.0,0.0,0.0,0.0,Matches,,,,,,,,,,,,,,,,,,,,,,,,,
2022-2023,Bundesliga,Eint Frankfurt,Almamy Touré,ml MLI,DF,26.0,4.4,5.0,1.13,4.0,0.0,0.0,0.0,0.0,1.0,2.0,0.45,2.0,0.0,0.0,0.0,0.0,0.0,Matches,,,,,,,,,,,,,,,,,,,,,,,,,
2022-2023,Bundesliga,Eint Frankfurt,Hrvoje Smolčić,hr CRO,DF,21.0,5.2,1.0,0.19,1.0,0.0,0.0,0.0,0.0,0.0,0.0,0.0,0.0,0.0,0.0,0.0,0.0,0.0,Matches,,,,,,,,,,,,,,,,,,,,,,,,,
2022-2023,Bundesliga,Eint Frankfurt,Lucas Alario,ar ARG,"FW,MF",29.0,3.7,8.0,2.17,6.0,0.0,1.0,1.0,0.0,0.0,2.0,0.54,1.0,0.0,0.0,1.0,0.0,0.0,Matches,,,,,,,,,,,,,,,,,,,,,,,,,
2022-2023,Bundesliga,Eint Frankfurt,Diant Ramaj,de GER,GK,20.0,1.0,0.0,0.0,0.0,0.0,0.0,0.0,0.0,0.0,0.0,0.0,0.0,0.0,0.0,0.0,0.0,0.0,Matches,,,,,,,,,,,,,,,,,,,,,,,,,
2022-2023,Bundesliga,Eint Frankfurt,Filip Kostić,rs SRB,"DF,MF",29.0,0.8,1.0,1.23,0.0,1.0,0.0,0.0,0.0,0.0,0.0,0.0,0.0,0.0,0.0,0.0,0.0,0.0,Matches,,,,,,,,,,,,,,,,,,,,,,,,,
2022-2023,Bundesliga,Eint Frankfurt,Faride Alidou,de GER,"DF,MF",21.0,2.0,8.0,3.87,7.0,0.0,1.0,0.0,0.0,0.0,1.0,0.48,1.0,0.0,0.0,0.0,0.0,0.0,Matches,,,,,,,,,,,,,,,,,,,,,,,,,
2022-2023,Bundesliga,Eint Frankfurt,Paxten Aaronson,us USA,"MF,DF",18.0,1.9,8.0,4.16,4.0,1.0,0.0,2.0,1.0,0.0,2.0,1.04,1.0,0.0,0.0,1.0,0.0,0.0,Matches,,,,,,,,,,,,,,,,,,,,,,,,,
2022-2023,Bundesliga,Eint Frankfurt,Timothy Chandler,us USA,DF,32.0,1.0,3.0,3.1,2.0,1.0,0.0,0.0,0.0,0.0,0.0,0.0,0.0,0.0,0.0,0.0,0.0,0.0,Matches,,,,,,,,,,,,,,,,,,,,,,,,,
2022-2023,Bundesliga,Eint Frankfurt,Dario Gebuhr,de GER,DF,19.0,0.2,0.0,0.0,0.0,0.0,0.0,0.0,0.0,0.0,0.0,0.0,0.0,0.0,0.0,0.0,0.0,0.0,Matches,,,,,,,,,,,,,,,,,,,,,,,,,
2022-2023,Bundesliga,Eint Frankfurt,Marcel Wenig,de GER,MF,18.0,0.0,0.0,0.0,0.0,0.0,0.0,0.0,0.0,0.0,0.0,0.0,0.0,0.0,0.0,0.0,0.0,0.0,Matches,,,,,,,,,,,,,,,,,,,,,,,,,
2022-2023,Bundesliga,Eint Frankfurt,Squad Total,,,26.4,34.0,711.0,20.91,507.0,62.0,50.0,47.0,35.0,10.0,95.0,2.79,64.0,2.0,10.0,11.0,8.0,0.0,,,,,,,,,,,,,,,,,,,,,,,,,,
2022-2023,Bundesliga,Eint Frankfurt,Opponent Total,,,26.4,34.0,644.0,18.94,437.0,65.0,47.0,48.0,42.0,5.0,92.0,2.71,54.0,9.0,13.0,6.0,9.0,1.0,,,,,,,,,,,,,,,,,,,,,,,,,,
2022-2023,Bundesliga,Wolfsburg,Koen Casteels,be BEL,GK,30.0,34.0,9.0,0.26,6.0,2.0,0.0,1.0,0.0,0.0,2.0,0.06,2.0,0.0,0.0,0.0,0.0,0.0,Matches,,,,,,,,,,,,,,,,,,,,,,,,,
2022-2023,Bundesliga,Wolfsburg,Micky van de Ven,nl NED,DF,21.0,33.0,24.0,0.73,16.0,2.0,3.0,1.0,2.0,0.0,1.0,0.03,0.0,0.0,0.0,0.0,1.0,0.0,Matches,,,,,,,,,,,,,,,,,,,,,,,,,
2022-2023,Bundesliga,Wolfsburg,Maximilian Arnold,de GER,MF,28.0,30.7,82.0,2.67,41.0,35.0,1.0,3.0,2.0,0.0,10.0,0.33,5.0,3.0,0.0,1.0,1.0,0.0,Matches,,,,,,,,,,,,,,,,,,,,,,,,,
2022-2023,Bundesliga,Wolfsburg,Ridle Baku,de GER,"DF,FW",24.0,28.7,64.0,2.23,50.0,2.0,4.0,4.0,4.0,0.0,7.0,0.24,5.0,0.0,1.0,1.0,0.0,0.0,Matches,,,,,,,,,,,,,,,,,,,,,,,,,
2022-2023,Bundesliga,Wolfsburg,Jakub Kamiński,pl POL,"FW,DF",20.0,22.9,69.0,3.02,61.0,0.0,4.0,1.0,1.0,2.0,14.0,0.61,14.0,0.0,0.0,0.0,0.0,0.0,Matches,,,,,,,,,,,,,,,,,,,,,,,,,
2022-2023,Bundesliga,Wolfsburg,Paulo Otávio,br BRA,DF,27.0,22.7,39.0,1.72,33.0,2.0,1.0,3.0,0.0,0.0,7.0,0.31,7.0,0.0,0.0,0.0,0.0,0.0,Matches,,,,,,,,,,,,,,,,,,,,,,,,,
2022-2023,Bundesliga,Wolfsburg,Sebastiaan Bornauw,be BEL,DF,23.0,21.4,7.0,0.33,7.0,0.0,0.0,0.0,0.0,0.0,2.0,0.09,2.0,0.0,0.0,0.0,0.0,0.0,Matches,,,,,,,,,,,,,,,,,,,,,,,,,
2022-2023,Bundesliga,Wolfsburg,Patrick Wimmer,at AUT,"FW,MF",21.0,18.3,72.0,3.94,45.0,10.0,6.0,4.0,6.0,1.0,12.0,0.66,7.0,3.0,2.0,0.0,0.0,0.0,Matches,,,,,,,,,,,,,,,,,,,,,,,,,
2022-2023,Bundesliga,Wolfsburg,Yannick Gerhardt,de GER,MF,28.0,20.7,45.0,2.17,36.0,0.0,0.0,3.0,5.0,1.0,8.0,0.39,7.0,0.0,0.0,0.0,1.0,0.0,Matches,,,,,,,,,,,,,,,,,,,,,,,,,
2022-2023,Bundesliga,Wolfsburg,Mattias Svanberg,se SWE,"MF,FW",23.0,20.4,53.0,2.6,35.0,4.0,4.0,5.0,5.0,0.0,9.0,0.44,6.0,0.0,0.0,1.0,2.0,0.0,Matches,,,,,,,,,,,,,,,,,,,,,,,,,
2022-2023,Bundesliga,Wolfsburg,Felix Nmecha,de GER,MF,21.0,20.4,50.0,2.45,38.0,0.0,3.0,3.0,4.0,2.0,7.0,0.34,6.0,0.0,0.0,0.0,1.0,0.0,Matches,,,,,,,,,,,,,,,,,,,,,,,,,
2022-2023,Bundesliga,Wolfsburg,Maxence Lacroix,fr FRA,DF,22.0,18.1,13.0,0.72,12.0,1.0,0.0,0.0,0.0,0.0,0.0,0.0,0.0,0.0,0.0,0.0,0.0,0.0,Matches,,,,,,,,,,,,,,,,,,,,,,,,,
2022-2023,Bundesliga,Wolfsburg,Omar Marmoush,eg EGY,FW,23.0,16.4,43.0,2.62,26.0,1.0,9.0,3.0,4.0,0.0,5.0,0.3,3.0,0.0,2.0,0.0,0.0,0.0,Matches,,,,,,,,,,,,,,,,,,,,,,,,,
2022-2023,Bundesliga,Wolfsburg,Jonas Wind,dk DEN,FW,23.0,14.3,37.0,2.58,27.0,0.0,0.0,8.0,2.0,0.0,6.0,0.42,4.0,0.0,0.0,1.0,1.0,0.0,Matches,,,,,,,,,,,,,,,,,,,,,,,,,
2022-2023,Bundesliga,Wolfsburg,Josuha Guilavogui,fr FRA,"DF,MF",31.0,13.1,16.0,1.22,13.0,0.0,0.0,0.0,2.0,1.0,0.0,0.0,0.0,0.0,0.0,0.0,0.0,0.0,Matches,,,,,,,,,,,,,,,,,,,,,,,,,
2022-2023,Bundesliga,Wolfsburg,Lukas Nmecha,de GER,FW,23.0,10.0,27.0,2.7,15.0,1.0,1.0,3.0,7.0,0.0,2.0,0.2,0.0,0.0,0.0,1.0,1.0,0.0,Matches,,,,,,,,,,,,,,,,,,,,,,,,,
2022-2023,Bundesliga,Wolfsburg,Kilian Fischer,de GER,"DF,FW",21.0,5.6,7.0,1.26,5.0,0.0,1.0,0.0,1.0,0.0,1.0,0.18,0.0,0.0,0.0,0.0,1.0,0.0,Matches,,,,,,,,,,,,,,,,,,,,,,,,,
2022-2023,Bundesliga,Wolfsburg,Luca Waldschmidt,de GER,"FW,MF",26.0,5.8,9.0,1.55,7.0,0.0,0.0,2.0,0.0,0.0,1.0,0.17,1.0,0.0,0.0,0.0,0.0,0.0,Matches,,,,,,,,,,,,,,,,,,,,,,,,,
2022-2023,Bundesliga,Wolfsburg,Josip Brekalo,hr CRO,"MF,FW",24.0,3.0,7.0,2.32,3.0,3.0,0.0,1.0,0.0,0.0,1.0,0.33,0.0,1.0,0.0,0.0,0.0,0.0,Matches,,,,,,,,,,,,,,,,,,,,,,,,,
2022-2023,Bundesliga,Wolfsburg,Bartol Franjić,hr CRO,MF,22.0,2.5,3.0,1.19,2.0,0.0,1.0,0.0,0.0,0.0,2.0,0.79,1.0,0.0,1.0,0.0,0.0,0.0,Matches,,,,,,,,,,,,,,,,,,,,,,,,,
2022-2023,Bundesliga,Wolfsburg,Max Kruse,de GER,"MF,FW",34.0,3.0,10.0,3.31,8.0,0.0,1.0,1.0,0.0,0.0,1.0,0.33,1.0,0.0,0.0,0.0,0.0,0.0,Matches,,,,,,,,,,,,,,,,,,,,,,,,,
2022-2023,Bundesliga,Wolfsburg,Kevin Paredes,us USA,"FW,MF",19.0,5.9,25.0,4.24,22.0,0.0,1.0,0.0,2.0,0.0,4.0,0.68,4.0,0.0,0.0,0.0,0.0,0.0,Matches,,,,,,,,,,,,,,,,,,,,,,,,,
2022-2023,Bundesliga,Wolfsburg,Maximilian Philipp,de GER,FW,28.0,1.3,1.0,0.78,1.0,0.0,0.0,0.0,0.0,0.0,0.0,0.0,0.0,0.0,0.0,0.0,0.0,0.0,Matches,,,,,,,,,,,,,,,,,,,,,,,,,
2022-2023,Bundesliga,Wolfsburg,Nicolas Cozza,fr FRA,DF,23.0,1.1,1.0,0.9,1.0,0.0,0.0,0.0,0.0,0.0,0.0,0.0,0.0,0.0,0.0,0.0,0.0,0.0,Matches,,,,,,,,,,,,,,,,,,,,,,,,,
2022-2023,Bundesliga,Wolfsburg,Jérôme Roussillon,fr FRA,"MF,DF",29.0,0.2,0.0,0.0,0.0,0.0,0.0,0.0,0.0,0.0,0.0,0.0,0.0,0.0,0.0,0.0,0.0,0.0,Matches,,,,,,,,,,,,,,,,,,,,,,,,,
2022-2023,Bundesliga,Wolfsburg,Lukáš Ambros,cz CZE,MF,18.0,0.2,0.0,0.0,0.0,0.0,0.0,0.0,0.0,0.0,0.0,0.0,0.0,0.0,0.0,0.0,0.0,0.0,Matches,,,,,,,,,,,,,,,,,,,,,,,,,
2022-2023,Bundesliga,Wolfsburg,Dženan Pejčinović,de GER,FW,17.0,0.1,0.0,0.0,0.0,0.0,0.0,0.0,0.0,0.0,0.0,0.0,0.0,0.0,0.0,0.0,0.0,0.0,Matches,,,,,,,,,,,,,,,,,,,,,,,,,
2022-2023,Bundesliga,Wolfsburg,Aster Vranckx,be BEL,MF,19.0,0.1,0.0,0.0,0.0,0.0,0.0,0.0,0.0,0.0,0.0,0.0,0.0,0.0,0.0,0.0,0.0,0.0,Matches,,,,,,,,,,,,,,,,,,,,,,,,,
2022-2023,Bundesliga,Wolfsburg,Squad Total,,,24.8,34.0,713.0,20.97,510.0,63.0,40.0,46.0,47.0,7.0,102.0,3.0,75.0,7.0,6.0,5.0,9.0,0.0,,,,,,,,,,,,,,,,,,,,,,,,,,
2022-2023,Bundesliga,Wolfsburg,Opponent Total,,,26.5,34.0,816.0,24.0,572.0,96.0,33.0,54.0,48.0,13.0,76.0,2.24,56.0,2.0,5.0,6.0,4.0,3.0,,,,,,,,,,,,,,,,,,,,,,,,,,
2022-2023,Bundesliga,Mainz 05,Karim Onisiwo,at AUT,"FW,MF",30.0,28.2,85.0,3.01,58.0,0.0,9.0,9.0,8.0,1.0,11.0,0.39,4.0,0.0,1.0,3.0,3.0,0.0,Matches,,,,,,,,,,,,,,,,,,,,,,,,,
2022-2023,Bundesliga,Mainz 05,Edimilson Fernandes,ch SUI,DF,26.0,27.1,36.0,1.33,18.0,13.0,2.0,2.0,1.0,0.0,5.0,0.18,1.0,3.0,0.0,1.0,0.0,0.0,Matches,,,,,,,,,,,,,,,,,,,,,,,,,
2022-2023,Bundesliga,Mainz 05,Dominik Kohr,de GER,MF,28.0,25.5,54.0,2.12,42.0,0.0,2.0,6.0,4.0,0.0,4.0,0.16,2.0,0.0,0.0,1.0,1.0,0.0,Matches,,,,,,,,,,,,,,,,,,,,,,,,,
2022-2023,Bundesliga,Mainz 05,Stefan Bell,de GER,DF,30.0,26.6,17.0,0.64,16.0,0.0,0.0,1.0,0.0,0.0,3.0,0.11,2.0,0.0,0.0,1.0,0.0,0.0,Matches,,,,,,,,,,,,,,,,,,,,,,,,,
2022-2023,Bundesliga,Mainz 05,Robin Zentner,de GER,GK,27.0,26.0,9.0,0.35,3.0,6.0,0.0,0.0,0.0,0.0,2.0,0.08,1.0,1.0,0.0,0.0,0.0,0.0,Matches,,,,,,,,,,,,,,,,,,,,,,,,,
2022-2023,Bundesliga,Mainz 05,Leandro Barreiro Martins,lu LUX,MF,22.0,23.8,47.0,1.98,32.0,0.0,3.0,4.0,4.0,4.0,9.0,0.38,6.0,0.0,1.0,1.0,1.0,0.0,Matches,,,,,,,,,,,,,,,,,,,,,,,,,
2022-2023,Bundesliga,Mainz 05,Lee Jae-sung,kr KOR,MF,29.0,21.0,58.0,2.76,47.0,0.0,2.0,6.0,2.0,1.0,11.0,0.52,8.0,0.0,0.0,2.0,0.0,1.0,Matches,,,,,,,,,,,,,,,,,,,,,,,,,
2022-2023,Bundesliga,Mainz 05,Anthony Caci,fr FRA,DF,25.0,22.6,50.0,2.21,34.0,11.0,1.0,2.0,2.0,0.0,5.0,0.22,4.0,0.0,0.0,1.0,0.0,0.0,Matches,,,,,,,,,,,,,,,,,,,,,,,,,
2022-2023,Bundesliga,Mainz 05,Anton Stach,de GER,MF,23.0,23.0,59.0,2.56,36.0,10.0,4.0,1.0,5.0,3.0,6.0,0.26,4.0,1.0,1.0,0.0,0.0,0.0,Matches,,,,,,,,,,,,,,,,,,,,,,,,,
2022-2023,Bundesliga,Mainz 05,Aarón Martín,es ESP,DF,25.0,20.5,59.0,2.87,39.0,18.0,1.0,1.0,0.0,0.0,5.0,0.24,4.0,1.0,0.0,0.0,0.0,0.0,Matches,,,,,,,,,,,,,,,,,,,,,,,,,
2022-2023,Bundesliga,Mainz 05,Silvan Widmer,ch SUI,DF,29.0,18.8,41.0,2.19,23.0,12.0,0.0,4.0,2.0,0.0,3.0,0.16,1.0,1.0,0.0,0.0,1.0,0.0,Matches,,,,,,,,,,,,,,,,,,,,,,,,,
2022-2023,Bundesliga,Mainz 05,Andreas Hanche-Olsen,no NOR,DF,25.0,16.6,8.0,0.48,6.0,0.0,0.0,1.0,0.0,1.0,2.0,0.12,1.0,0.0,0.0,1.0,0.0,0.0,Matches,,,,,,,,,,,,,,,,,,,,,,,,,
2022-2023,Bundesliga,Mainz 05,Marcus Ingvartsen,dk DEN,"FW,MF",26.0,14.6,21.0,1.44,14.0,0.0,3.0,2.0,2.0,0.0,3.0,0.21,3.0,0.0,0.0,0.0,0.0,0.0,Matches,,,,,,,,,,,,,,,,,,,,,,,,,
2022-2023,Bundesliga,Mainz 05,Ludovic Ajorque,fr FRA,"FW,MF",28.0,13.5,34.0,2.53,26.0,0.0,0.0,5.0,3.0,0.0,3.0,0.22,2.0,0.0,0.0,1.0,0.0,0.0,Matches,,,,,,,,,,,,,,,,,,,,,,,,,
2022-2023,Bundesliga,Mainz 05,Danny da Costa,de GER,DF,29.0,13.7,32.0,2.33,23.0,5.0,1.0,2.0,0.0,1.0,4.0,0.29,2.0,1.0,0.0,0.0,0.0,1.0,Matches,,,,,,,,,,,,,,,,,,,,,,,,,
2022-2023,Bundesliga,Mainz 05,Alexander Hack,de GER,DF,28.0,12.6,11.0,0.87,11.0,0.0,0.0,0.0,0.0,0.0,0.0,0.0,0.0,0.0,0.0,0.0,0.0,0.0,Matches,,,,,,,,,,,,,,,,,,,,,,,,,
2022-2023,Bundesliga,Mainz 05,Finn Dahmen,de GER,GK,24.0,8.0,3.0,0.37,3.0,0.0,0.0,0.0,0.0,0.0,0.0,0.0,0.0,0.0,0.0,0.0,0.0,0.0,Matches,,,,,,,,,,,,,,,,,,,,,,,,,
2022-2023,Bundesliga,Mainz 05,Maxim Leitsch,de GER,DF,24.0,7.4,5.0,0.68,5.0,0.0,0.0,0.0,0.0,0.0,1.0,0.14,1.0,0.0,0.0,0.0,0.0,0.0,Matches,,,,,,,,,,,,,,,,,,,,,,,,,
2022-2023,Bundesliga,Mainz 05,Jonathan Burkardt,de GER,"MF,FW",22.0,5.9,20.0,3.38,10.0,0.0,2.0,5.0,2.0,1.0,3.0,0.51,2.0,0.0,0.0,1.0,0.0,0.0,Matches,,,,,,,,,,,,,,,,,,,,,,,,,
2022-2023,Bundesliga,Mainz 05,Angelo Fulgini,fr FRA,MF,25.0,5.8,18.0,3.09,17.0,0.0,0.0,0.0,1.0,0.0,1.0,0.17,1.0,0.0,0.0,0.0,0.0,0.0,Matches,,,,,,,,,,,,,,,,,,,,,,,,,
2022-2023,Bundesliga,Mainz 05,Aymen Barkok,ma MAR,MF,24.0,6.5,18.0,2.76,13.0,1.0,1.0,2.0,1.0,0.0,1.0,0.15,1.0,0.0,0.0,0.0,0.0,0.0,Matches,,,,,,,,,,,,,,,,,,,,,,,,,
2022-2023,Bundesliga,Mainz 05,Delano Burgzorg,nl NED,"FW,MF",23.0,2.7,5.0,1.84,2.0,1.0,0.0,1.0,1.0,0.0,2.0,0.74,1.0,1.0,0.0,0.0,0.0,0.0,Matches,,,,,,,,,,,,,,,,,,,,,,,,,
2022-2023,Bundesliga,Mainz 05,Nelson Weiper,de GER,"FW,DF",17.0,1.1,1.0,0.91,1.0,0.0,0.0,0.0,0.0,0.0,0.0,0.0,0.0,0.0,0.0,0.0,0.0,0.0,Matches,,,,,,,,,,,,,,,,,,,,,,,,,
2022-2023,Bundesliga,Mainz 05,Niklas Tauer,de GER,"DF,MF",21.0,1.0,1.0,0.97,1.0,0.0,0.0,0.0,0.0,0.0,0.0,0.0,0.0,0.0,0.0,0.0,0.0,0.0,Matches,,,,,,,,,,,,,,,,,,,,,,,,,
2022-2023,Bundesliga,Mainz 05,Marlon Mustapha,at AUT,"FW,MF",21.0,0.8,3.0,3.91,2.0,0.0,1.0,0.0,0.0,0.0,0.0,0.0,0.0,0.0,0.0,0.0,0.0,0.0,Matches,,,,,,,,,,,,,,,,,,,,,,,,,
2022-2023,Bundesliga,Mainz 05,Eniss Shabani,al ALB,MF,19.0,0.1,0.0,0.0,0.0,0.0,0.0,0.0,0.0,0.0,0.0,0.0,0.0,0.0,0.0,0.0,0.0,0.0,Matches,,,,,,,,,,,,,,,,,,,,,,,,,
2022-2023,Bundesliga,Mainz 05,Brajan Gruda,de GER,MF,18.0,0.0,1.0,22.5,1.0,0.0,0.0,0.0,0.0,0.0,0.0,0.0,0.0,0.0,0.0,0.0,0.0,0.0,Matches,,,,,,,,,,,,,,,,,,,,,,,,,
2022-2023,Bundesliga,Mainz 05,Squad Total,,,27.0,34.0,696.0,20.47,483.0,77.0,32.0,54.0,38.0,12.0,84.0,2.47,51.0,9.0,3.0,13.0,6.0,2.0,,,,,,,,,,,,,,,,,,,,,,,,,,
2022-2023,Bundesliga,Mainz 05,Opponent Total,,,26.6,34.0,777.0,22.85,554.0,67.0,48.0,43.0,56.0,9.0,97.0,2.85,70.0,5.0,11.0,6.0,4.0,1.0,,,,,,,,,,,,,,,,,,,,,,,,,,
2022-2023,Bundesliga,M'Gladbach,Nico Elvedi,ch SUI,DF,25.0,31.4,17.0,0.54,17.0,0.0,0.0,0.0,0.0,0.0,1.0,0.03,1.0,0.0,0.0,0.0,0.0,0.0,Matches,,,,,,,,,,,,,,,,,,,,,,,,,
2022-2023,Bundesliga,M'Gladbach,Jonas Hofmann,de GER,"FW,MF",30.0,29.8,163.0,5.47,83.0,64.0,2.0,7.0,6.0,1.0,16.0,0.54,9.0,4.0,1.0,1.0,1.0,0.0,Matches,,,,,,,,,,,,,,,,,,,,,,,,,
2022-2023,Bundesliga,M'Gladbach,Kouadio Koné,fr FRA,MF,21.0,29.0,61.0,2.1,44.0,0.0,5.0,3.0,6.0,3.0,5.0,0.17,5.0,0.0,0.0,0.0,0.0,0.0,Matches,,,,,,,,,,,,,,,,,,,,,,,,,
2022-2023,Bundesliga,M'Gladbach,Marcus Thuram,fr FRA,FW,24.0,27.9,66.0,2.36,39.0,0.0,11.0,7.0,6.0,3.0,12.0,0.43,7.0,0.0,2.0,2.0,1.0,0.0,Matches,,,,,,,,,,,,,,,,,,,,,,,,,
2022-2023,Bundesliga,M'Gladbach,Ramy Bensebaini,dz ALG,DF,27.0,27.6,37.0,1.34,25.0,3.0,3.0,5.0,1.0,0.0,5.0,0.18,3.0,0.0,0.0,1.0,1.0,0.0,Matches,,,,,,,,,,,,,,,,,,,,,,,,,
2022-2023,Bundesliga,M'Gladbach,Christoph Kramer,de GER,MF,31.0,24.7,39.0,1.58,34.0,0.0,2.0,1.0,2.0,0.0,2.0,0.08,2.0,0.0,0.0,0.0,0.0,0.0,Matches,,,,,,,,,,,,,,,,,,,,,,,,,
2022-2023,Bundesliga,M'Gladbach,Joe Scally,us USA,DF,19.0,24.5,35.0,1.43,26.0,4.0,1.0,1.0,3.0,0.0,3.0,0.12,2.0,1.0,0.0,0.0,0.0,0.0,Matches,,,,,,,,,,,,,,,,,,,,,,,,,
2022-2023,Bundesliga,M'Gladbach,Ko Itakura,jp JPN,DF,25.0,22.0,18.0,0.82,13.0,0.0,1.0,3.0,1.0,0.0,4.0,0.18,3.0,0.0,0.0,1.0,0.0,0.0,Matches,,,,,,,,,,,,,,,,,,,,,,,,,
2022-2023,Bundesliga,M'Gladbach,Julian Weigl,de GER,MF,26.0,21.0,22.0,1.04,21.0,0.0,0.0,0.0,1.0,0.0,2.0,0.09,2.0,0.0,0.0,0.0,0.0,0.0,Matches,,,,,,,,,,,,,,,,,,,,,,,,,
2022-2023,Bundesliga,M'Gladbach,Alassane Pléa,fr FRA,FW,29.0,19.7,67.0,3.4,56.0,2.0,2.0,3.0,3.0,1.0,12.0,0.61,11.0,0.0,1.0,0.0,0.0,0.0,Matches,,,,,,,,,,,,,,,,,,,,,,,,,
2022-2023,Bundesliga,M'Gladbach,Lars Stindl,de GER,"FW,MF",33.0,19.3,81.0,4.2,53.0,9.0,2.0,9.0,6.0,2.0,10.0,0.52,7.0,1.0,0.0,2.0,0.0,0.0,Matches,,,,,,,,,,,,,,,,,,,,,,,,,
2022-2023,Bundesliga,M'Gladbach,Florian Neuhaus,de GER,MF,25.0,15.6,46.0,2.95,40.0,0.0,1.0,2.0,2.0,1.0,4.0,0.26,4.0,0.0,0.0,0.0,0.0,0.0,Matches,,,,,,,,,,,,,,,,,,,,,,,,,
2022-2023,Bundesliga,M'Gladbach,Jonas Omlin,ch SUI,GK,28.0,14.3,3.0,0.21,2.0,1.0,0.0,0.0,0.0,0.0,0.0,0.0,0.0,0.0,0.0,0.0,0.0,0.0,Matches,,,,,,,,,,,,,,,,,,,,,,,,,
2022-2023,Bundesliga,M'Gladbach,Marvin Friedrich,de GER,DF,26.0,13.9,10.0,0.72,9.0,1.0,0.0,0.0,0.0,0.0,0.0,0.0,0.0,0.0,0.0,0.0,0.0,0.0,Matches,,,,,,,,,,,,,,,,,,,,,,,,,
2022-2023,Bundesliga,M'Gladbach,Yann Sommer,ch SUI,GK,33.0,10.0,2.0,0.2,2.0,0.0,0.0,0.0,0.0,0.0,0.0,0.0,0.0,0.0,0.0,0.0,0.0,0.0,Matches,,,,,,,,,,,,,,,,,,,,,,,,,
2022-2023,Bundesliga,M'Gladbach,Stefan Lainer,at AUT,DF,29.0,9.1,13.0,1.43,11.0,1.0,0.0,0.0,1.0,0.0,0.0,0.0,0.0,0.0,0.0,0.0,0.0,0.0,Matches,,,,,,,,,,,,,,,,,,,,,,,,,
2022-2023,Bundesliga,M'Gladbach,Luca Netz,de GER,DF,19.0,7.8,15.0,1.92,12.0,2.0,0.0,0.0,1.0,0.0,3.0,0.38,2.0,1.0,0.0,0.0,0.0,0.0,Matches,,,,,,,,,,,,,,,,,,,,,,,,,
2022-2023,Bundesliga,M'Gladbach,Nathan N'Goumou,fr FRA,FW,22.0,7.7,9.0,1.17,8.0,1.0,0.0,0.0,0.0,0.0,1.0,0.13,1.0,0.0,0.0,0.0,0.0,0.0,Matches,,,,,,,,,,,,,,,,,,,,,,,,,
2022-2023,Bundesliga,M'Gladbach,Tobias Sippel,de GER,GK,34.0,5.7,0.0,0.0,0.0,0.0,0.0,0.0,0.0,0.0,0.0,0.0,0.0,0.0,0.0,0.0,0.0,0.0,Matches,,,,,,,,,,,,,,,,,,,,,,,,,
2022-2023,Bundesliga,M'Gladbach,Hannes Wolf,at AUT,FW,23.0,5.0,13.0,2.61,10.0,0.0,1.0,1.0,1.0,0.0,1.0,0.2,1.0,0.0,0.0,0.0,0.0,0.0,Matches,,,,,,,,,,,,,,,,,,,,,,,,,
2022-2023,Bundesliga,M'Gladbach,Jan Olschowsky,de GER,GK,20.0,4.0,0.0,0.0,0.0,0.0,0.0,0.0,0.0,0.0,0.0,0.0,0.0,0.0,0.0,0.0,0.0,0.0,Matches,,,,,,,,,,,,,,,,,,,,,,,,,
2022-2023,Bundesliga,M'Gladbach,Tony Jantschke,de GER,"DF,MF",32.0,1.1,0.0,0.0,0.0,0.0,0.0,0.0,0.0,0.0,0.0,0.0,0.0,0.0,0.0,0.0,0.0,0.0,Matches,,,,,,,,,,,,,,,,,,,,,,,,,
2022-2023,Bundesliga,M'Gladbach,Patrick Herrmann,de GER,"FW,MF",31.0,1.8,6.0,3.31,4.0,1.0,0.0,1.0,0.0,0.0,0.0,0.0,0.0,0.0,0.0,0.0,0.0,0.0,Matches,,,,,,,,,,,,,,,,,,,,,,,,,
2022-2023,Bundesliga,M'Gladbach,Yvandro Borges Sanches,lu LUX,"FW,MF",18.0,0.3,2.0,6.43,0.0,0.0,1.0,0.0,0.0,1.0,0.0,0.0,0.0,0.0,0.0,0.0,0.0,0.0,Matches,,,,,,,,,,,,,,,,,,,,,,,,,
2022-2023,Bundesliga,M'Gladbach,Semir Telalovic,de GER,"MF,FW",22.0,0.1,0.0,0.0,0.0,0.0,0.0,0.0,0.0,0.0,0.0,0.0,0.0,0.0,0.0,0.0,0.0,0.0,Matches,,,,,,,,,,,,,,,,,,,,,,,,,
2022-2023,Bundesliga,M'Gladbach,Oscar Fraulo,dk DEN,"FW,MF",18.0,0.1,0.0,0.0,0.0,0.0,0.0,0.0,0.0,0.0,0.0,0.0,0.0,0.0,0.0,0.0,0.0,0.0,Matches,,,,,,,,,,,,,,,,,,,,,,,,,
2022-2023,Bundesliga,M'Gladbach,Rocco Reitz,de GER,MF,20.0,0.0,0.0,0.0,0.0,0.0,0.0,0.0,0.0,0.0,0.0,0.0,0.0,0.0,0.0,0.0,0.0,0.0,Matches,,,,,,,,,,,,,,,,,,,,,,,,,
2022-2023,Bundesliga,M'Gladbach,Squad Total,,,26.8,34.0,725.0,21.32,509.0,89.0,32.0,43.0,40.0,12.0,81.0,2.38,60.0,7.0,4.0,7.0,3.0,0.0,,,,,,,,,,,,,,,,,,,,,,,,,,
2022-2023,Bundesliga,M'Gladbach,Opponent Total,,,26.4,34.0,844.0,24.82,594.0,73.0,55.0,60.0,44.0,18.0,93.0,2.74,68.0,3.0,6.0,7.0,8.0,1.0,,,,,,,,,,,,,,,,,,,,,,,,,,
2022-2023,Bundesliga,Köln,Marvin Schwäbe,de GER,GK,27.0,34.0,4.0,0.12,4.0,0.0,0.0,0.0,0.0,0.0,1.0,0.03,1.0,0.0,0.0,0.0,0.0,0.0,Matches,,,,,,,,,,,,,,,,,,,,,,,,,
2022-2023,Bundesliga,Köln,Ellyes Skhiri,tn TUN,MF,27.0,31.7,56.0,1.76,48.0,0.0,1.0,5.0,0.0,2.0,5.0,0.16,5.0,0.0,0.0,0.0,0.0,0.0,Matches,,,,,,,,,,,,,,,,,,,,,,,,,
2022-2023,Bundesliga,Köln,Jonas Hector,de GER,DF,32.0,31.4,74.0,2.36,49.0,12.0,5.0,1.0,4.0,3.0,6.0,0.19,4.0,1.0,0.0,0.0,1.0,0.0,Matches,,,,,,,,,,,,,,,,,,,,,,,,,
2022-2023,Bundesliga,Köln,Florian Kainz,at AUT,"MF,FW",29.0,26.0,127.0,4.87,67.0,44.0,6.0,4.0,5.0,1.0,17.0,0.65,13.0,2.0,0.0,1.0,1.0,0.0,Matches,,,,,,,,,,,,,,,,,,,,,,,,,
2022-2023,Bundesliga,Köln,Benno Schmitz,de GER,DF,27.0,26.9,52.0,1.93,42.0,9.0,0.0,0.0,1.0,0.0,4.0,0.15,4.0,0.0,0.0,0.0,0.0,0.0,Matches,,,,,,,,,,,,,,,,,,,,,,,,,
2022-2023,Bundesliga,Köln,Timo Hübers,de GER,DF,26.0,28.4,13.0,0.46,13.0,0.0,0.0,0.0,0.0,0.0,1.0,0.04,1.0,0.0,0.0,0.0,0.0,0.0,Matches,,,,,,,,,,,,,,,,,,,,,,,,,
2022-2023,Bundesliga,Köln,Linton Maina,de GER,"FW,MF",23.0,24.9,71.0,2.85,54.0,5.0,5.0,5.0,1.0,1.0,12.0,0.48,9.0,0.0,2.0,0.0,1.0,0.0,Matches,,,,,,,,,,,,,,,,,,,,,,,,,
2022-2023,Bundesliga,Köln,Eric Martel,de GER,MF,20.0,22.4,30.0,1.34,23.0,0.0,3.0,3.0,1.0,0.0,1.0,0.04,1.0,0.0,0.0,0.0,0.0,0.0,Matches,,,,,,,,,,,,,,,,,,,,,,,,,
2022-2023,Bundesliga,Köln,Julian Chabot,de GER,DF,24.0,20.0,15.0,0.75,10.0,0.0,0.0,3.0,1.0,1.0,2.0,0.1,1.0,0.0,0.0,1.0,0.0,0.0,Matches,,,,,,,,,,,,,,,,,,,,,,,,,
2022-2023,Bundesliga,Köln,Dejan Ljubicic,at AUT,"MF,FW",24.0,19.0,56.0,2.95,47.0,1.0,2.0,5.0,1.0,0.0,6.0,0.32,6.0,0.0,0.0,0.0,0.0,0.0,Matches,,,,,,,,,,,,,,,,,,,,,,,,,
2022-2023,Bundesliga,Köln,Steffen Tigges,de GER,FW,24.0,17.7,34.0,1.92,25.0,0.0,1.0,6.0,2.0,0.0,3.0,0.17,2.0,0.0,0.0,1.0,0.0,0.0,Matches,,,,,,,,,,,,,,,,,,,,,,,,,
2022-2023,Bundesliga,Köln,Luca Kilian,de GER,DF,22.0,12.5,10.0,0.8,10.0,0.0,0.0,0.0,0.0,0.0,1.0,0.08,1.0,0.0,0.0,0.0,0.0,0.0,Matches,,,,,,,,,,,,,,,,,,,,,,,,,
2022-2023,Bundesliga,Köln,Davie Selke,de GER,FW,27.0,9.7,22.0,2.28,15.0,0.0,2.0,4.0,1.0,0.0,1.0,0.1,0.0,0.0,0.0,1.0,0.0,0.0,Matches,,,,,,,,,,,,,,,,,,,,,,,,,
2022-2023,Bundesliga,Köln,Ondrej Duda,sk SVK,MF,27.0,7.7,22.0,2.88,17.0,2.0,2.0,0.0,1.0,0.0,3.0,0.39,2.0,0.0,1.0,0.0,0.0,0.0,Matches,,,,,,,,,,,,,,,,,,,,,,,,,
2022-2023,Bundesliga,Köln,Kingsley Schindler,gh GHA,"DF,MF",29.0,12.1,27.0,2.24,20.0,2.0,0.0,3.0,2.0,0.0,4.0,0.33,2.0,1.0,0.0,1.0,0.0,0.0,Matches,,,,,,,,,,,,,,,,,,,,,,,,,
2022-2023,Bundesliga,Köln,Denis Huseinbasic,de GER,"MF,FW",21.0,8.8,15.0,1.7,8.0,1.0,2.0,1.0,3.0,0.0,1.0,0.11,1.0,0.0,0.0,0.0,0.0,0.0,Matches,,,,,,,,,,,,,,,,,,,,,,,,,
2022-2023,Bundesliga,Köln,Jan Thielmann,de GER,FW,20.0,9.7,29.0,3.0,20.0,0.0,4.0,1.0,4.0,0.0,6.0,0.62,3.0,0.0,1.0,0.0,2.0,0.0,Matches,,,,,,,,,,,,,,,,,,,,,,,,,
2022-2023,Bundesliga,Köln,Nikola Soldo,hr CRO,DF,21.0,6.6,4.0,0.61,3.0,0.0,0.0,1.0,0.0,0.0,0.0,0.0,0.0,0.0,0.0,0.0,0.0,0.0,Matches,,,,,,,,,,,,,,,,,,,,,,,,,
2022-2023,Bundesliga,Köln,Mathias Olesen,lu LUX,MF,21.0,5.3,4.0,0.75,4.0,0.0,0.0,0.0,0.0,0.0,0.0,0.0,0.0,0.0,0.0,0.0,0.0,0.0,Matches,,,,,,,,,,,,,,,,,,,,,,,,,
2022-2023,Bundesliga,Köln,Sargis Adamyan,am ARM,"FW,MF",29.0,7.2,22.0,3.07,16.0,0.0,0.0,6.0,0.0,0.0,3.0,0.42,1.0,0.0,0.0,2.0,0.0,0.0,Matches,,,,,,,,,,,,,,,,,,,,,,,,,
2022-2023,Bundesliga,Köln,Florian Dietz,de GER,FW,23.0,4.4,6.0,1.37,3.0,1.0,1.0,1.0,0.0,0.0,0.0,0.0,0.0,0.0,0.0,0.0,0.0,0.0,Matches,,,,,,,,,,,,,,,,,,,,,,,,,
2022-2023,Bundesliga,Köln,Kristian Pedersen,dk DEN,DF,27.0,3.1,1.0,0.33,1.0,0.0,0.0,0.0,0.0,0.0,0.0,0.0,0.0,0.0,0.0,0.0,0.0,0.0,Matches,,,,,,,,,,,,,,,,,,,,,,,,,
2022-2023,Bundesliga,Köln,Kingsley Ehizibue,nl NED,DF,27.0,0.7,1.0,1.48,1.0,0.0,0.0,0.0,0.0,0.0,0.0,0.0,0.0,0.0,0.0,0.0,0.0,0.0,Matches,,,,,,,,,,,,,,,,,,,,,,,,,
2022-2023,Bundesliga,Köln,Tim Lemperle,de GER,"FW,MF",20.0,1.5,7.0,4.81,4.0,0.0,2.0,1.0,0.0,0.0,0.0,0.0,0.0,0.0,0.0,0.0,0.0,0.0,Matches,,,,,,,,,,,,,,,,,,,,,,,,,
2022-2023,Bundesliga,Köln,Mark Uth,de GER,"MF,FW",30.0,0.5,1.0,1.96,0.0,0.0,1.0,0.0,0.0,0.0,1.0,1.96,0.0,0.0,1.0,0.0,0.0,0.0,Matches,,,,,,,,,,,,,,,,,,,,,,,,,
2022-2023,Bundesliga,Köln,Dimitris Limnios,gr GRE,FW,24.0,0.4,2.0,4.62,1.0,1.0,0.0,0.0,0.0,0.0,0.0,0.0,0.0,0.0,0.0,0.0,0.0,0.0,Matches,,,,,,,,,,,,,,,,,,,,,,,,,
2022-2023,Bundesliga,Köln,Justin Diehl,de GER,"MF,FW",17.0,0.2,0.0,0.0,0.0,0.0,0.0,0.0,0.0,0.0,0.0,0.0,0.0,0.0,0.0,0.0,0.0,0.0,Matches,,,,,,,,,,,,,,,,,,,,,,,,,
2022-2023,Bundesliga,Köln,Squad Total,,,26.0,34.0,705.0,20.74,505.0,78.0,37.0,50.0,27.0,8.0,78.0,2.29,57.0,4.0,5.0,7.0,5.0,0.0,,,,,,,,,,,,,,,,,,,,,,,,,,
2022-2023,Bundesliga,Köln,Opponent Total,,,26.6,34.0,664.0,19.53,465.0,66.0,44.0,45.0,40.0,4.0,93.0,2.74,65.0,5.0,7.0,6.0,10.0,0.0,,,,,,,,,,,,,,,,,,,,,,,,,,
2022-2023,Bundesliga,Hoffenheim,Oliver Baumann,de GER,GK,32.0,34.0,4.0,0.12,3.0,1.0,0.0,0.0,0.0,0.0,1.0,0.03,1.0,0.0,0.0,0.0,0.0,0.0,Matches,,,,,,,,,,,,,,,,,,,,,,,,,
2022-2023,Bundesliga,Hoffenheim,Christoph Baumgartner,at AUT,"MF,FW",22.0,28.5,89.0,3.12,60.0,0.0,11.0,5.0,12.0,1.0,12.0,0.42,5.0,0.0,2.0,1.0,4.0,0.0,Matches,,,,,,,,,,,,,,,,,,,,,,,,,
2022-2023,Bundesliga,Hoffenheim,Angeliño,es ESP,DF,25.0,29.1,88.0,3.03,61.0,20.0,1.0,2.0,3.0,1.0,10.0,0.34,8.0,1.0,0.0,1.0,0.0,0.0,Matches,,,,,,,,,,,,,,,,,,,,,,,,,
2022-2023,Bundesliga,Hoffenheim,Ozan Kabak,tr TUR,DF,22.0,26.5,15.0,0.57,7.0,0.0,1.0,3.0,1.0,3.0,4.0,0.15,1.0,0.0,1.0,1.0,0.0,1.0,Matches,,,,,,,,,,,,,,,,,,,,,,,,,
2022-2023,Bundesliga,Hoffenheim,Dennis Geiger,de GER,MF,24.0,21.7,57.0,2.63,38.0,14.0,2.0,1.0,0.0,2.0,7.0,0.32,6.0,1.0,0.0,0.0,0.0,0.0,Matches,,,,,,,,,,,,,,,,,,,,,,,,,
2022-2023,Bundesliga,Hoffenheim,Andrej Kramarić,hr CRO,"MF,FW",31.0,26.5,89.0,3.35,71.0,3.0,3.0,7.0,5.0,0.0,12.0,0.45,9.0,0.0,0.0,2.0,1.0,0.0,Matches,,,,,,,,,,,,,,,,,,,,,,,,,
2022-2023,Bundesliga,Hoffenheim,Kevin Vogt,de GER,DF,30.0,19.7,16.0,0.81,16.0,0.0,0.0,0.0,0.0,0.0,1.0,0.05,1.0,0.0,0.0,0.0,0.0,0.0,Matches,,,,,,,,,,,,,,,,,,,,,,,,,
2022-2023,Bundesliga,Hoffenheim,Kevin Akpoguma,ng NGA,DF,27.0,21.7,17.0,0.79,14.0,0.0,3.0,0.0,0.0,0.0,1.0,0.05,1.0,0.0,0.0,0.0,0.0,0.0,Matches,,,,,,,,,,,,,,,,,,,,,,,,,
2022-2023,Bundesliga,Hoffenheim,Pavel Kadeřábek,cz CZE,DF,30.0,18.5,38.0,2.05,33.0,3.0,1.0,0.0,1.0,0.0,3.0,0.16,3.0,0.0,0.0,0.0,0.0,0.0,Matches,,,,,,,,,,,,,,,,,,,,,,,,,
2022-2023,Bundesliga,Hoffenheim,Grischa Prömel,de GER,MF,27.0,16.2,20.0,1.24,12.0,1.0,0.0,2.0,3.0,2.0,1.0,0.06,1.0,0.0,0.0,0.0,0.0,0.0,Matches,,,,,,,,,,,,,,,,,,,,,,,,,
2022-2023,Bundesliga,Hoffenheim,Ihlas Bebou,tg TOG,"FW,DF",28.0,15.7,45.0,2.86,30.0,0.0,9.0,1.0,5.0,0.0,5.0,0.32,2.0,0.0,2.0,0.0,1.0,0.0,Matches,,,,,,,,,,,,,,,,,,,,,,,,,
2022-2023,Bundesliga,Hoffenheim,Robert Skov,dk DEN,DF,26.0,15.0,46.0,3.07,28.0,8.0,2.0,5.0,3.0,0.0,3.0,0.2,2.0,0.0,0.0,1.0,0.0,0.0,Matches,,,,,,,,,,,,,,,,,,,,,,,,,
2022-2023,Bundesliga,Hoffenheim,John Brooks,us USA,DF,29.0,15.0,3.0,0.2,2.0,0.0,0.0,1.0,0.0,0.0,2.0,0.13,1.0,0.0,0.0,1.0,0.0,0.0,Matches,,,,,,,,,,,,,,,,,,,,,,,,,
2022-2023,Bundesliga,Hoffenheim,Stanley N'Soki,fr FRA,DF,23.0,14.3,15.0,1.05,12.0,1.0,0.0,1.0,1.0,0.0,1.0,0.07,0.0,1.0,0.0,0.0,0.0,0.0,Matches,,,,,,,,,,,,,,,,,,,,,,,,,
2022-2023,Bundesliga,Hoffenheim,Georginio Rutter,fr FRA,FW,20.0,11.2,37.0,3.3,22.0,0.0,9.0,2.0,4.0,0.0,4.0,0.36,2.0,0.0,2.0,0.0,0.0,0.0,Matches,,,,,,,,,,,,,,,,,,,,,,,,,
2022-2023,Bundesliga,Hoffenheim,Moanes Dabbur,il ISR,FW,30.0,10.4,38.0,3.66,30.0,0.0,3.0,3.0,1.0,1.0,6.0,0.58,4.0,0.0,2.0,0.0,0.0,0.0,Matches,,,,,,,,,,,,,,,,,,,,,,,,,
2022-2023,Bundesliga,Hoffenheim,Sebastian Rudy,de GER,MF,32.0,8.8,23.0,2.6,11.0,12.0,0.0,0.0,0.0,0.0,2.0,0.23,2.0,0.0,0.0,0.0,0.0,0.0,Matches,,,,,,,,,,,,,,,,,,,,,,,,,
2022-2023,Bundesliga,Hoffenheim,Angelo Stiller,de GER,MF,21.0,7.8,16.0,2.04,14.0,1.0,0.0,0.0,1.0,0.0,3.0,0.38,3.0,0.0,0.0,0.0,0.0,0.0,Matches,,,,,,,,,,,,,,,,,,,,,,,,,
2022-2023,Bundesliga,Hoffenheim,Finn Ole Becker,de GER,MF,22.0,5.7,11.0,1.93,8.0,1.0,0.0,1.0,1.0,0.0,2.0,0.35,2.0,0.0,0.0,0.0,0.0,0.0,Matches,,,,,,,,,,,,,,,,,,,,,,,,,
2022-2023,Bundesliga,Hoffenheim,Kasper Dolberg,dk DEN,"FW,MF",24.0,4.5,8.0,1.79,6.0,0.0,0.0,0.0,1.0,1.0,1.0,0.22,1.0,0.0,0.0,0.0,0.0,0.0,Matches,,,,,,,,,,,,,,,,,,,,,,,,,
2022-2023,Bundesliga,Hoffenheim,Thomas Delaney,dk DEN,MF,30.0,3.3,3.0,0.91,2.0,0.0,0.0,0.0,1.0,0.0,0.0,0.0,0.0,0.0,0.0,0.0,0.0,0.0,Matches,,,,,,,,,,,,,,,,,,,,,,,,,
2022-2023,Bundesliga,Hoffenheim,Jacob Bruun Larsen,dk DEN,FW,23.0,3.6,12.0,3.3,11.0,0.0,1.0,0.0,0.0,0.0,0.0,0.0,0.0,0.0,0.0,0.0,0.0,0.0,Matches,,,,,,,,,,,,,,,,,,,,,,,,,
2022-2023,Bundesliga,Hoffenheim,Tom Bischof,de GER,"MF,FW",17.0,3.5,7.0,2.0,5.0,0.0,0.0,0.0,2.0,0.0,0.0,0.0,0.0,0.0,0.0,0.0,0.0,0.0,Matches,,,,,,,,,,,,,,,,,,,,,,,,,
2022-2023,Bundesliga,Hoffenheim,Umut Tohumcu,de GER,"MF,DF",17.0,3.0,6.0,1.99,5.0,0.0,0.0,1.0,0.0,0.0,0.0,0.0,0.0,0.0,0.0,0.0,0.0,0.0,Matches,,,,,,,,,,,,,,,,,,,,,,,,,
2022-2023,Bundesliga,Hoffenheim,Muhammed Damar,de GER,MF,18.0,1.8,5.0,2.83,5.0,0.0,0.0,0.0,0.0,0.0,1.0,0.57,1.0,0.0,0.0,0.0,0.0,0.0,Matches,,,,,,,,,,,,,,,,,,,,,,,,,
2022-2023,Bundesliga,Hoffenheim,Eduardo Quaresma,pt POR,DF,20.0,1.0,2.0,2.05,1.0,0.0,0.0,0.0,1.0,0.0,0.0,0.0,0.0,0.0,0.0,0.0,0.0,0.0,Matches,,,,,,,,,,,,,,,,,,,,,,,,,
2022-2023,Bundesliga,Hoffenheim,Diadie Samassékou,ml MLI,"MF,FW",26.0,0.4,0.0,0.0,0.0,0.0,0.0,0.0,0.0,0.0,0.0,0.0,0.0,0.0,0.0,0.0,0.0,0.0,Matches,,,,,,,,,,,,,,,,,,,,,,,,,
2022-2023,Bundesliga,Hoffenheim,Stefan Posch,at AUT,DF,25.0,0.2,0.0,0.0,0.0,0.0,0.0,0.0,0.0,0.0,0.0,0.0,0.0,0.0,0.0,0.0,0.0,0.0,Matches,,,,,,,,,,,,,,,,,,,,,,,,,
2022-2023,Bundesliga,Hoffenheim,Ermin Bičakčić,ba BIH,DF,32.0,2.9,1.0,0.34,0.0,0.0,0.0,1.0,0.0,0.0,0.0,0.0,0.0,0.0,0.0,0.0,0.0,0.0,Matches,,,,,,,,,,,,,,,,,,,,,,,,,
2022-2023,Bundesliga,Hoffenheim,Fisnik Asllani,xk KVX,FW,19.0,1.9,8.0,4.29,6.0,0.0,0.0,0.0,1.0,1.0,1.0,0.54,1.0,0.0,0.0,0.0,0.0,0.0,Matches,,,,,,,,,,,,,,,,,,,,,,,,,
2022-2023,Bundesliga,Hoffenheim,Joshua Quarshie,de GER,MF,18.0,0.0,0.0,0.0,0.0,0.0,0.0,0.0,0.0,0.0,0.0,0.0,0.0,0.0,0.0,0.0,0.0,0.0,Matches,,,,,,,,,,,,,,,,,,,,,,,,,
2022-2023,Bundesliga,Hoffenheim,Squad Total,,,26.8,34.0,719.0,21.15,513.0,65.0,46.0,36.0,47.0,12.0,83.0,2.44,57.0,3.0,9.0,7.0,6.0,1.0,,,,,,,,,,,,,,,,,,,,,,,,,,
2022-2023,Bundesliga,Hoffenheim,Opponent Total,,,26.6,34.0,838.0,24.65,625.0,76.0,41.0,54.0,32.0,10.0,94.0,2.76,70.0,6.0,6.0,9.0,3.0,0.0,,,,,,,,,,,,,,,,,,,,,,,,,,
2022-2023,Bundesliga,Werder Bremen,Marvin Ducksch,de GER,FW,28.0,31.7,109.0,3.44,67.0,30.0,5.0,4.0,3.0,0.0,24.0,0.76,16.0,4.0,2.0,1.0,1.0,0.0,Matches,,,,,,,,,,,,,,,,,,,,,,,,,
2022-2023,Bundesliga,Werder Bremen,Jiří Pavlenka,cz CZE,GK,30.0,32.3,3.0,0.09,3.0,0.0,0.0,0.0,0.0,0.0,1.0,0.03,1.0,0.0,0.0,0.0,0.0,0.0,Matches,,,,,,,,,,,,,,,,,,,,,,,,,
2022-2023,Bundesliga,Werder Bremen,Anthony Jung,de GER,"DF,FW",30.0,29.1,40.0,1.38,37.0,1.0,1.0,0.0,1.0,0.0,7.0,0.24,7.0,0.0,0.0,0.0,0.0,0.0,Matches,,,,,,,,,,,,,,,,,,,,,,,,,
2022-2023,Bundesliga,Werder Bremen,Marco Friedl,at AUT,DF,24.0,28.8,24.0,0.83,20.0,3.0,1.0,0.0,0.0,0.0,1.0,0.03,1.0,0.0,0.0,0.0,0.0,0.0,Matches,,,,,,,,,,,,,,,,,,,,,,,,,
2022-2023,Bundesliga,Werder Bremen,Mitchell Weiser,de GER,"DF,FW",28.0,28.0,89.0,3.18,69.0,3.0,7.0,2.0,8.0,0.0,16.0,0.57,12.0,1.0,1.0,1.0,1.0,0.0,Matches,,,,,,,,,,,,,,,,,,,,,,,,,
2022-2023,Bundesliga,Werder Bremen,Niclas Füllkrug,de GER,FW,29.0,27.5,74.0,2.69,54.0,0.0,3.0,8.0,9.0,0.0,10.0,0.36,8.0,0.0,0.0,1.0,1.0,0.0,Matches,,,,,,,,,,,,,,,,,,,,,,,,,
2022-2023,Bundesliga,Werder Bremen,Miloš Veljković,rs SRB,DF,26.0,25.2,23.0,0.91,21.0,1.0,0.0,1.0,0.0,0.0,3.0,0.12,3.0,0.0,0.0,0.0,0.0,0.0,Matches,,,,,,,,,,,,,,,,,,,,,,,,,
2022-2023,Bundesliga,Werder Bremen,Niklas Stark,de GER,DF,27.0,23.1,11.0,0.48,11.0,0.0,0.0,0.0,0.0,0.0,0.0,0.0,0.0,0.0,0.0,0.0,0.0,0.0,Matches,,,,,,,,,,,,,,,,,,,,,,,,,
2022-2023,Bundesliga,Werder Bremen,Christian Groß,de GER,MF,33.0,21.0,23.0,1.1,20.0,0.0,1.0,1.0,0.0,1.0,1.0,0.05,1.0,0.0,0.0,0.0,0.0,0.0,Matches,,,,,,,,,,,,,,,,,,,,,,,,,
2022-2023,Bundesliga,Werder Bremen,Amos Pieper,de GER,DF,24.0,21.7,19.0,0.87,17.0,0.0,0.0,1.0,1.0,0.0,2.0,0.09,2.0,0.0,0.0,0.0,0.0,0.0,Matches,,,,,,,,,,,,,,,,,,,,,,,,,
2022-2023,Bundesliga,Werder Bremen,Leonardo Bittencourt,de GER,"MF,DF",28.0,18.1,40.0,2.21,25.0,1.0,2.0,1.0,8.0,3.0,3.0,0.17,2.0,0.0,0.0,0.0,1.0,0.0,Matches,,,,,,,,,,,,,,,,,,,,,,,,,
2022-2023,Bundesliga,Werder Bremen,Jens Stage,dk DEN,MF,25.0,20.6,31.0,1.51,29.0,0.0,0.0,0.0,1.0,1.0,6.0,0.29,6.0,0.0,0.0,0.0,0.0,0.0,Matches,,,,,,,,,,,,,,,,,,,,,,,,,
2022-2023,Bundesliga,Werder Bremen,Ilia Gruev,bg BUL,MF,22.0,17.6,24.0,1.36,19.0,4.0,0.0,0.0,1.0,0.0,3.0,0.17,3.0,0.0,0.0,0.0,0.0,0.0,Matches,,,,,,,,,,,,,,,,,,,,,,,,,
2022-2023,Bundesliga,Werder Bremen,Romano Schmid,at AUT,"MF,FW",22.0,16.9,49.0,2.9,43.0,0.0,3.0,1.0,2.0,0.0,3.0,0.18,3.0,0.0,0.0,0.0,0.0,0.0,Matches,,,,,,,,,,,,,,,,,,,,,,,,,
2022-2023,Bundesliga,Werder Bremen,Niklas Schmidt,de GER,MF,24.0,12.1,50.0,4.14,39.0,1.0,4.0,3.0,3.0,0.0,3.0,0.25,1.0,0.0,0.0,1.0,1.0,0.0,Matches,,,,,,,,,,,,,,,,,,,,,,,,,
2022-2023,Bundesliga,Werder Bremen,Maximilian Philipp,de GER,"FW,MF",28.0,4.9,13.0,2.64,7.0,1.0,1.0,2.0,2.0,0.0,3.0,0.61,2.0,1.0,0.0,0.0,0.0,0.0,Matches,,,,,,,,,,,,,,,,,,,,,,,,,
2022-2023,Bundesliga,Werder Bremen,Lee Buchanan,eng ENG,"DF,FW",21.0,5.2,7.0,1.34,7.0,0.0,0.0,0.0,0.0,0.0,0.0,0.0,0.0,0.0,0.0,0.0,0.0,0.0,Matches,,,,,,,,,,,,,,,,,,,,,,,,,
2022-2023,Bundesliga,Werder Bremen,Oliver Burke,sct SCO,"FW,MF",25.0,3.0,8.0,2.7,6.0,0.0,0.0,0.0,2.0,0.0,3.0,1.01,2.0,0.0,0.0,0.0,1.0,0.0,Matches,,,,,,,,,,,,,,,,,,,,,,,,,
2022-2023,Bundesliga,Werder Bremen,Michael Zetterer,de GER,GK,27.0,1.7,0.0,0.0,0.0,0.0,0.0,0.0,0.0,0.0,0.0,0.0,0.0,0.0,0.0,0.0,0.0,0.0,Matches,,,,,,,,,,,,,,,,,,,,,,,,,
2022-2023,Bundesliga,Werder Bremen,Fabio Chiarodia,it ITA,DF,17.0,0.7,0.0,0.0,0.0,0.0,0.0,0.0,0.0,0.0,0.0,0.0,0.0,0.0,0.0,0.0,0.0,0.0,Matches,,,,,,,,,,,,,,,,,,,,,,,,,
2022-2023,Bundesliga,Werder Bremen,Eren Dinkçi,de GER,"FW,MF",20.0,2.6,8.0,3.12,5.0,0.0,2.0,1.0,0.0,0.0,1.0,0.39,1.0,0.0,0.0,0.0,0.0,0.0,Matches,,,,,,,,,,,,,,,,,,,,,,,,,
2022-2023,Bundesliga,Werder Bremen,Nicolai Rapp,de GER,"MF,DF",25.0,0.8,0.0,0.0,0.0,0.0,0.0,0.0,0.0,0.0,0.0,0.0,0.0,0.0,0.0,0.0,0.0,0.0,Matches,,,,,,,,,,,,,,,,,,,,,,,,,
2022-2023,Bundesliga,Werder Bremen,Felix Agu,de GER,"DF,FW",22.0,0.5,4.0,7.2,3.0,1.0,0.0,0.0,0.0,0.0,0.0,0.0,0.0,0.0,0.0,0.0,0.0,0.0,Matches,,,,,,,,,,,,,,,,,,,,,,,,,
2022-2023,Bundesliga,Werder Bremen,Jean-Manuel Mbom,de GER,MF,22.0,0.1,0.0,0.0,0.0,0.0,0.0,0.0,0.0,0.0,0.0,0.0,0.0,0.0,0.0,0.0,0.0,0.0,Matches,,,,,,,,,,,,,,,,,,,,,,,,,
2022-2023,Bundesliga,Werder Bremen,Dikeni Salifou,tg TOG,MF,19.0,0.0,0.0,0.0,0.0,0.0,0.0,0.0,0.0,0.0,0.0,0.0,0.0,0.0,0.0,0.0,0.0,0.0,Matches,,,,,,,,,,,,,,,,,,,,,,,,,
2022-2023,Bundesliga,Werder Bremen,Squad Total,,,27.4,34.0,649.0,19.09,502.0,46.0,30.0,25.0,41.0,5.0,90.0,2.65,71.0,6.0,3.0,4.0,6.0,0.0,,,,,,,,,,,,,,,,,,,,,,,,,,
2022-2023,Bundesliga,Werder Bremen,Opponent Total,,,26.5,34.0,802.0,23.59,564.0,75.0,62.0,49.0,38.0,14.0,103.0,3.03,77.0,3.0,10.0,8.0,2.0,3.0,,,,,,,,,,,,,,,,,,,,,,,,,,
2022-2023,Bundesliga,Bochum,Manuel Riemann,de GER,GK,33.0,34.0,21.0,0.62,17.0,4.0,0.0,0.0,0.0,0.0,0.0,0.0,0.0,0.0,0.0,0.0,0.0,0.0,Matches,,,,,,,,,,,,,,,,,,,,,,,,,
2022-2023,Bundesliga,Bochum,Anthony Losilla,fr FRA,MF,36.0,30.2,41.0,1.36,32.0,0.0,0.0,4.0,2.0,3.0,6.0,0.2,5.0,0.0,0.0,1.0,0.0,0.0,Matches,,,,,,,,,,,,,,,,,,,,,,,,,
2022-2023,Bundesliga,Bochum,Philipp Hofmann,de GER,FW,29.0,29.2,59.0,2.02,46.0,0.0,2.0,3.0,7.0,1.0,7.0,0.24,6.0,0.0,1.0,0.0,0.0,0.0,Matches,,,,,,,,,,,,,,,,,,,,,,,,,
2022-2023,Bundesliga,Bochum,Kevin Stöger,at AUT,MF,28.0,28.9,138.0,4.78,81.0,40.0,3.0,5.0,7.0,2.0,11.0,0.38,8.0,2.0,0.0,0.0,1.0,0.0,Matches,,,,,,,,,,,,,,,,,,,,,,,,,
2022-2023,Bundesliga,Bochum,Ivan Ordets,ua UKR,DF,30.0,27.2,22.0,0.81,15.0,0.0,1.0,4.0,2.0,0.0,2.0,0.07,0.0,0.0,0.0,1.0,1.0,0.0,Matches,,,,,,,,,,,,,,,,,,,,,,,,,
2022-2023,Bundesliga,Bochum,Erhan Mašović,rs SRB,"DF,MF",23.0,24.2,18.0,0.74,15.0,0.0,0.0,2.0,0.0,1.0,0.0,0.0,0.0,0.0,0.0,0.0,0.0,0.0,Matches,,,,,,,,,,,,,,,,,,,,,,,,,
2022-2023,Bundesliga,Bochum,Danilo Soares,br BRA,DF,30.0,19.6,34.0,1.73,30.0,1.0,0.0,0.0,2.0,1.0,2.0,0.1,2.0,0.0,0.0,0.0,0.0,0.0,Matches,,,,,,,,,,,,,,,,,,,,,,,,,
2022-2023,Bundesliga,Bochum,Christopher Antwi-Adjei,gh GHA,"FW,MF",28.0,22.0,79.0,3.59,46.0,16.0,5.0,3.0,9.0,0.0,12.0,0.54,7.0,1.0,2.0,0.0,2.0,0.0,Matches,,,,,,,,,,,,,,,,,,,,,,,,,
2022-2023,Bundesliga,Bochum,Takuma Asano,jp JPN,"FW,MF",27.0,19.0,56.0,2.94,39.0,1.0,2.0,7.0,6.0,1.0,8.0,0.42,6.0,0.0,1.0,1.0,0.0,0.0,Matches,,,,,,,,,,,,,,,,,,,,,,,,,
2022-2023,Bundesliga,Bochum,Simon Zoller,de GER,FW,31.0,16.2,20.0,1.24,16.0,1.0,1.0,1.0,1.0,0.0,2.0,0.12,2.0,0.0,0.0,0.0,0.0,0.0,Matches,,,,,,,,,,,,,,,,,,,,,,,,,
2022-2023,Bundesliga,Bochum,Cristian Gamboa,cr CRC,DF,32.0,16.4,28.0,1.71,20.0,6.0,1.0,0.0,0.0,1.0,2.0,0.12,0.0,2.0,0.0,0.0,0.0,0.0,Matches,,,,,,,,,,,,,,,,,,,,,,,,,
2022-2023,Bundesliga,Bochum,Philipp Förster,de GER,MF,27.0,14.5,44.0,3.03,25.0,15.0,1.0,1.0,2.0,0.0,8.0,0.55,3.0,4.0,0.0,0.0,1.0,0.0,Matches,,,,,,,,,,,,,,,,,,,,,,,,,
2022-2023,Bundesliga,Bochum,Saidy Janko,gm GAM,DF,26.0,12.6,5.0,0.4,4.0,0.0,0.0,0.0,0.0,1.0,0.0,0.0,0.0,0.0,0.0,0.0,0.0,0.0,Matches,,,,,,,,,,,,,,,,,,,,,,,,,
2022-2023,Bundesliga,Bochum,Kostas Stafylidis,gr GRE,"DF,MF",28.0,11.6,18.0,1.56,10.0,4.0,1.0,2.0,1.0,0.0,3.0,0.26,2.0,1.0,0.0,0.0,0.0,0.0,Matches,,,,,,,,,,,,,,,,,,,,,,,,,
2022-2023,Bundesliga,Bochum,Patrick Osterhage,de GER,MF,22.0,11.4,11.0,0.96,7.0,1.0,0.0,1.0,1.0,1.0,0.0,0.0,0.0,0.0,0.0,0.0,0.0,0.0,Matches,,,,,,,,,,,,,,,,,,,,,,,,,
2022-2023,Bundesliga,Bochum,Gerrit Holtmann,ph PHI,"FW,MF",27.0,10.5,22.0,2.1,16.0,0.0,2.0,3.0,1.0,0.0,1.0,0.1,1.0,0.0,0.0,0.0,0.0,0.0,Matches,,,,,,,,,,,,,,,,,,,,,,,,,
2022-2023,Bundesliga,Bochum,Dominique Heintz,de GER,DF,28.0,8.8,8.0,0.91,7.0,0.0,0.0,0.0,0.0,1.0,1.0,0.11,1.0,0.0,0.0,0.0,0.0,0.0,Matches,,,,,,,,,,,,,,,,,,,,,,,,,
2022-2023,Bundesliga,Bochum,Jordi Osei-Tutu,eng ENG,"DF,FW",23.0,8.3,16.0,1.91,7.0,2.0,2.0,2.0,3.0,0.0,1.0,0.12,0.0,0.0,0.0,1.0,0.0,0.0,Matches,,,,,,,,,,,,,,,,,,,,,,,,,
2022-2023,Bundesliga,Bochum,Keven Schlotterbeck,de GER,DF,25.0,8.2,5.0,0.61,4.0,0.0,0.0,1.0,0.0,0.0,0.0,0.0,0.0,0.0,0.0,0.0,0.0,0.0,Matches,,,,,,,,,,,,,,,,,,,,,,,,,
2022-2023,Bundesliga,Bochum,Vassilis Lambropoulos,gr GRE,DF,32.0,7.0,5.0,0.72,4.0,0.0,0.0,1.0,0.0,0.0,0.0,0.0,0.0,0.0,0.0,0.0,0.0,0.0,Matches,,,,,,,,,,,,,,,,,,,,,,,,,
2022-2023,Bundesliga,Bochum,Pierre Kunde,cm CMR,"MF,FW",27.0,4.2,7.0,1.67,5.0,1.0,0.0,0.0,1.0,0.0,0.0,0.0,0.0,0.0,0.0,0.0,0.0,0.0,Matches,,,,,,,,,,,,,,,,,,,,,,,,,
2022-2023,Bundesliga,Bochum,Tim Oermann,de GER,DF,18.0,2.2,0.0,0.0,0.0,0.0,0.0,0.0,0.0,0.0,0.0,0.0,0.0,0.0,0.0,0.0,0.0,0.0,Matches,,,,,,,,,,,,,,,,,,,,,,,,,
2022-2023,Bundesliga,Bochum,Jacek Góralski,pl POL,MF,29.0,1.6,3.0,1.85,2.0,0.0,0.0,0.0,1.0,0.0,0.0,0.0,0.0,0.0,0.0,0.0,0.0,0.0,Matches,,,,,,,,,,,,,,,,,,,,,,,,,
2022-2023,Bundesliga,Bochum,Jannes Horn,de GER,"DF,FW",25.0,0.7,0.0,0.0,0.0,0.0,0.0,0.0,0.0,0.0,0.0,0.0,0.0,0.0,0.0,0.0,0.0,0.0,Matches,,,,,,,,,,,,,,,,,,,,,,,,,
2022-2023,Bundesliga,Bochum,Silvère Ganvoula M'Boussy,cg CGO,"FW,MF",26.0,2.7,11.0,3.99,9.0,0.0,1.0,1.0,0.0,0.0,0.0,0.0,0.0,0.0,0.0,0.0,0.0,0.0,Matches,,,,,,,,,,,,,,,,,,,,,,,,,
2022-2023,Bundesliga,Bochum,Moritz Broschinski,de GER,"FW,MF",21.0,2.4,7.0,2.94,7.0,0.0,0.0,0.0,0.0,0.0,1.0,0.42,1.0,0.0,0.0,0.0,0.0,0.0,Matches,,,,,,,,,,,,,,,,,,,,,,,,,
2022-2023,Bundesliga,Bochum,Squad Total,,,29.4,34.0,678.0,19.94,464.0,92.0,22.0,41.0,46.0,13.0,67.0,1.97,44.0,10.0,4.0,4.0,5.0,0.0,,,,,,,,,,,,,,,,,,,,,,,,,,
2022-2023,Bundesliga,Bochum,Opponent Total,,,26.3,34.0,923.0,27.15,631.0,102.0,56.0,68.0,54.0,12.0,112.0,3.29,60.0,11.0,9.0,18.0,12.0,2.0,,,,,,,,,,,,,,,,,,,,,,,,,,
2022-2023,Bundesliga,Augsburg,Jeffrey Gouweleeuw,nl NED,DF,31.0,31.1,35.0,1.13,24.0,3.0,3.0,4.0,0.0,1.0,3.0,0.1,1.0,0.0,0.0,2.0,0.0,0.0,Matches,,,,,,,,,,,,,,,,,,,,,,,,,
2022-2023,Bundesliga,Augsburg,Elvis Rexhbeçaj,de GER,MF,24.0,28.0,39.0,1.39,31.0,1.0,0.0,2.0,5.0,0.0,0.0,0.0,0.0,0.0,0.0,0.0,0.0,0.0,Matches,,,,,,,,,,,,,,,,,,,,,,,,,
2022-2023,Bundesliga,Augsburg,Ermedin Demirović,ba BIH,"FW,MF",24.0,26.3,57.0,2.17,43.0,0.0,4.0,5.0,3.0,2.0,8.0,0.3,4.0,0.0,0.0,2.0,1.0,1.0,Matches,,,,,,,,,,,,,,,,,,,,,,,,,
2022-2023,Bundesliga,Augsburg,Arne Maier,de GER,MF,23.0,21.8,42.0,1.93,25.0,8.0,0.0,3.0,3.0,3.0,5.0,0.23,2.0,0.0,0.0,2.0,0.0,1.0,Matches,,,,,,,,,,,,,,,,,,,,,,,,,
2022-2023,Bundesliga,Augsburg,Rafał Gikiewicz,pl POL,GK,34.0,23.0,7.0,0.3,3.0,4.0,0.0,0.0,0.0,0.0,1.0,0.04,0.0,1.0,0.0,0.0,0.0,0.0,Matches,,,,,,,,,,,,,,,,,,,,,,,,,
2022-2023,Bundesliga,Augsburg,Robert Gumny,pl POL,DF,24.0,22.4,31.0,1.38,19.0,3.0,0.0,3.0,3.0,3.0,3.0,0.13,2.0,0.0,0.0,0.0,0.0,1.0,Matches,,,,,,,,,,,,,,,,,,,,,,,,,
2022-2023,Bundesliga,Augsburg,Maximilian Bauer,de GER,DF,22.0,20.5,15.0,0.73,5.0,2.0,0.0,4.0,3.0,1.0,1.0,0.05,0.0,1.0,0.0,0.0,0.0,0.0,Matches,,,,,,,,,,,,,,,,,,,,,,,,,
2022-2023,Bundesliga,Augsburg,Mads Pedersen,dk DEN,"DF,MF",25.0,20.4,43.0,2.11,27.0,7.0,3.0,3.0,3.0,0.0,4.0,0.2,2.0,0.0,0.0,1.0,1.0,0.0,Matches,,,,,,,,,,,,,,,,,,,,,,,,,
2022-2023,Bundesliga,Augsburg,Mergim Berisha,de GER,FW,24.0,18.7,34.0,1.82,13.0,13.0,3.0,3.0,1.0,1.0,7.0,0.37,2.0,3.0,2.0,0.0,0.0,0.0,Matches,,,,,,,,,,,,,,,,,,,,,,,,,
2022-2023,Bundesliga,Augsburg,Iago,br BRA,"DF,MF",25.0,17.8,40.0,2.25,27.0,8.0,4.0,0.0,1.0,0.0,6.0,0.34,6.0,0.0,0.0,0.0,0.0,0.0,Matches,,,,,,,,,,,,,,,,,,,,,,,,,
2022-2023,Bundesliga,Augsburg,Arne Engels,be BEL,MF,18.0,16.0,47.0,2.94,22.0,17.0,1.0,2.0,4.0,1.0,8.0,0.5,5.0,1.0,1.0,0.0,0.0,1.0,Matches,,,,,,,,,,,,,,,,,,,,,,,,,
2022-2023,Bundesliga,Augsburg,Ohis Felix Uduokhai,de GER,DF,24.0,16.1,13.0,0.81,12.0,0.0,0.0,1.0,0.0,0.0,1.0,0.06,1.0,0.0,0.0,0.0,0.0,0.0,Matches,,,,,,,,,,,,,,,,,,,,,,,,,
2022-2023,Bundesliga,Augsburg,Dion Drena Beljo,hr CRO,FW,20.0,12.5,25.0,1.99,20.0,0.0,0.0,3.0,1.0,1.0,5.0,0.4,3.0,0.0,0.0,2.0,0.0,0.0,Matches,,,,,,,,,,,,,,,,,,,,,,,,,
2022-2023,Bundesliga,Augsburg,Ruben Vargas,ch SUI,"MF,FW",23.0,12.6,31.0,2.47,22.0,1.0,5.0,1.0,2.0,0.0,4.0,0.32,3.0,0.0,0.0,0.0,1.0,0.0,Matches,,,,,,,,,,,,,,,,,,,,,,,,,
2022-2023,Bundesliga,Augsburg,Carlos Gruezo,ec ECU,MF,27.0,10.7,12.0,1.12,12.0,0.0,0.0,0.0,0.0,0.0,4.0,0.37,4.0,0.0,0.0,0.0,0.0,0.0,Matches,,,,,,,,,,,,,,,,,,,,,,,,,
2022-2023,Bundesliga,Augsburg,Tomáš Koubek,cz CZE,GK,29.0,11.0,4.0,0.36,3.0,1.0,0.0,0.0,0.0,0.0,1.0,0.09,1.0,0.0,0.0,0.0,0.0,0.0,Matches,,,,,,,,,,,,,,,,,,,,,,,,,
2022-2023,Bundesliga,Augsburg,Florian Niederlechner,de GER,"FW,MF",31.0,10.1,15.0,1.48,11.0,0.0,1.0,3.0,0.0,0.0,2.0,0.2,2.0,0.0,0.0,0.0,0.0,0.0,Matches,,,,,,,,,,,,,,,,,,,,,,,,,
2022-2023,Bundesliga,Augsburg,Fredrik Jensen,fi FIN,"FW,MF",24.0,10.3,20.0,1.95,17.0,3.0,0.0,0.0,0.0,0.0,1.0,0.1,1.0,0.0,0.0,0.0,0.0,0.0,Matches,,,,,,,,,,,,,,,,,,,,,,,,,
2022-2023,Bundesliga,Augsburg,Renato Veiga,pt POR,DF,19.0,7.1,6.0,0.85,5.0,0.0,0.0,1.0,0.0,0.0,0.0,0.0,0.0,0.0,0.0,0.0,0.0,0.0,Matches,,,,,,,,,,,,,,,,,,,,,,,,,
2022-2023,Bundesliga,Augsburg,Niklas Dorsch,de GER,MF,24.0,5.4,8.0,1.49,6.0,0.0,0.0,0.0,2.0,0.0,0.0,0.0,0.0,0.0,0.0,0.0,0.0,0.0,Matches,,,,,,,,,,,,,,,,,,,,,,,,,
2022-2023,Bundesliga,Augsburg,André Hahn,de GER,"FW,MF",31.0,4.3,3.0,0.69,3.0,0.0,0.0,0.0,0.0,0.0,1.0,0.23,1.0,0.0,0.0,0.0,0.0,0.0,Matches,,,,,,,,,,,,,,,,,,,,,,,,,
2022-2023,Bundesliga,Augsburg,Julian Baumgartlinger,at AUT,MF,34.0,6.2,8.0,1.3,7.0,0.0,0.0,1.0,0.0,0.0,0.0,0.0,0.0,0.0,0.0,0.0,0.0,0.0,Matches,,,,,,,,,,,,,,,,,,,,,,,,,
2022-2023,Bundesliga,Augsburg,Kelvin Yeboah,it ITA,"FW,MF",22.0,3.9,14.0,3.57,7.0,0.0,1.0,3.0,2.0,1.0,2.0,0.51,1.0,0.0,0.0,1.0,0.0,0.0,Matches,,,,,,,,,,,,,,,,,,,,,,,,,
2022-2023,Bundesliga,Augsburg,Daniel Caligiuri,it ITA,"DF,MF",34.0,3.2,10.0,3.09,3.0,4.0,0.0,0.0,3.0,0.0,1.0,0.31,0.0,0.0,0.0,0.0,1.0,0.0,Matches,,,,,,,,,,,,,,,,,,,,,,,,,
2022-2023,Bundesliga,Augsburg,Raphael Framberger,de GER,"DF,FW",26.0,2.0,1.0,0.51,1.0,0.0,0.0,0.0,0.0,0.0,0.0,0.0,0.0,0.0,0.0,0.0,0.0,0.0,Matches,,,,,,,,,,,,,,,,,,,,,,,,,
2022-2023,Bundesliga,Augsburg,Ricardo Pepi,us USA,FW,19.0,1.1,2.0,1.89,2.0,0.0,0.0,0.0,0.0,0.0,0.0,0.0,0.0,0.0,0.0,0.0,0.0,0.0,Matches,,,,,,,,,,,,,,,,,,,,,,,,,
2022-2023,Bundesliga,Augsburg,Reece Oxford,eng ENG,DF,23.0,1.0,1.0,0.96,1.0,0.0,0.0,0.0,0.0,0.0,0.0,0.0,0.0,0.0,0.0,0.0,0.0,0.0,Matches,,,,,,,,,,,,,,,,,,,,,,,,,
2022-2023,Bundesliga,Augsburg,Frederik Winther,dk DEN,DF,21.0,1.0,1.0,1.0,1.0,0.0,0.0,0.0,0.0,0.0,1.0,1.0,1.0,0.0,0.0,0.0,0.0,0.0,Matches,,,,,,,,,,,,,,,,,,,,,,,,,
2022-2023,Bundesliga,Augsburg,Irvin Cardona,fr FRA,"MF,FW",24.0,3.5,5.0,1.42,4.0,0.0,0.0,0.0,1.0,0.0,1.0,0.28,0.0,0.0,0.0,0.0,1.0,0.0,Matches,,,,,,,,,,,,,,,,,,,,,,,,,
2022-2023,Bundesliga,Augsburg,David Čolina,hr CRO,"DF,FW",22.0,1.8,5.0,2.69,3.0,1.0,1.0,0.0,0.0,0.0,0.0,0.0,0.0,0.0,0.0,0.0,0.0,0.0,Matches,,,,,,,,,,,,,,,,,,,,,,,,,
2022-2023,Bundesliga,Augsburg,Lukas Petkov,bg BUL,"MF,FW",21.0,1.6,3.0,1.86,3.0,0.0,0.0,0.0,0.0,0.0,0.0,0.0,0.0,0.0,0.0,0.0,0.0,0.0,Matches,,,,,,,,,,,,,,,,,,,,,,,,,
2022-2023,Bundesliga,Augsburg,Nathanael Mbuku,fr FRA,"MF,FW",20.0,0.4,1.0,2.65,1.0,0.0,0.0,0.0,0.0,0.0,0.0,0.0,0.0,0.0,0.0,0.0,0.0,0.0,Matches,,,,,,,,,,,,,,,,,,,,,,,,,
2022-2023,Bundesliga,Augsburg,Noah Joel Sarenren Bazee,ng NGA,"MF,FW",25.0,0.2,0.0,0.0,0.0,0.0,0.0,0.0,0.0,0.0,0.0,0.0,0.0,0.0,0.0,0.0,0.0,0.0,Matches,,,,,,,,,,,,,,,,,,,,,,,,,
2022-2023,Bundesliga,Augsburg,Aaron Zehnter,de GER,DF,17.0,0.0,0.0,0.0,0.0,0.0,0.0,0.0,0.0,0.0,0.0,0.0,0.0,0.0,0.0,0.0,0.0,0.0,Matches,,,,,,,,,,,,,,,,,,,,,,,,,
2022-2023,Bundesliga,Augsburg,Squad Total,,,25.9,34.0,578.0,17.0,383.0,76.0,26.0,42.0,37.0,14.0,70.0,2.06,42.0,6.0,3.0,10.0,5.0,4.0,,,,,,,,,,,,,,,,,,,,,,,,,,
2022-2023,Bundesliga,Augsburg,Opponent Total,,,26.5,34.0,921.0,27.09,672.0,93.0,39.0,64.0,43.0,10.0,108.0,3.18,75.0,9.0,6.0,8.0,8.0,2.0,,,,,,,,,,,,,,,,,,,,,,,,,,
2022-2023,Bundesliga,Stuttgart,Waldemar Anton,de GER,DF,26.0,32.6,39.0,1.2,28.0,4.0,2.0,5.0,0.0,0.0,5.0,0.15,3.0,0.0,0.0,2.0,0.0,0.0,Matches,,,,,,,,,,,,,,,,,,,,,,,,,
2022-2023,Bundesliga,Stuttgart,Wataru Endo,jp JPN,MF,29.0,32.5,84.0,2.59,67.0,0.0,3.0,4.0,7.0,3.0,9.0,0.28,5.0,0.0,0.0,1.0,2.0,1.0,Matches,,,,,,,,,,,,,,,,,,,,,,,,,
2022-2023,Bundesliga,Stuttgart,Hiroki Ito,jp JPN,DF,23.0,28.5,49.0,1.72,32.0,15.0,0.0,1.0,0.0,1.0,4.0,0.14,4.0,0.0,0.0,0.0,0.0,0.0,Matches,,,,,,,,,,,,,,,,,,,,,,,,,
2022-2023,Bundesliga,Stuttgart,Konstantinos Mavropanos,gr GRE,DF,24.0,25.4,37.0,1.46,26.0,2.0,2.0,5.0,1.0,1.0,4.0,0.16,3.0,0.0,0.0,0.0,0.0,1.0,Matches,,,,,,,,,,,,,,,,,,,,,,,,,
2022-2023,Bundesliga,Stuttgart,Silas Katompa,cd COD,"FW,MF",23.0,22.1,62.0,2.8,35.0,0.0,13.0,10.0,4.0,0.0,6.0,0.27,3.0,0.0,2.0,0.0,1.0,0.0,Matches,,,,,,,,,,,,,,,,,,,,,,,,,
2022-2023,Bundesliga,Stuttgart,Atakan Karazor,de GER,MF,25.0,21.8,25.0,1.15,21.0,1.0,0.0,1.0,1.0,1.0,3.0,0.14,3.0,0.0,0.0,0.0,0.0,0.0,Matches,,,,,,,,,,,,,,,,,,,,,,,,,
2022-2023,Bundesliga,Stuttgart,Borna Sosa,hr CRO,DF,24.0,21.7,109.0,5.01,70.0,36.0,1.0,1.0,1.0,0.0,10.0,0.46,9.0,1.0,0.0,0.0,0.0,0.0,Matches,,,,,,,,,,,,,,,,,,,,,,,,,
2022-2023,Bundesliga,Stuttgart,Chris Führich,de GER,"FW,MF",24.0,20.9,79.0,3.77,52.0,11.0,7.0,6.0,3.0,0.0,9.0,0.43,7.0,2.0,0.0,0.0,0.0,0.0,Matches,,,,,,,,,,,,,,,,,,,,,,,,,
2022-2023,Bundesliga,Stuttgart,Serhou Guirassy,gn GUI,FW,26.0,18.3,47.0,2.57,28.0,0.0,3.0,8.0,8.0,0.0,1.0,0.05,0.0,0.0,0.0,0.0,1.0,0.0,Matches,,,,,,,,,,,,,,,,,,,,,,,,,
2022-2023,Bundesliga,Stuttgart,Florian Müller,de GER,GK,24.0,19.0,4.0,0.21,3.0,1.0,0.0,0.0,0.0,0.0,0.0,0.0,0.0,0.0,0.0,0.0,0.0,0.0,Matches,,,,,,,,,,,,,,,,,,,,,,,,,
2022-2023,Bundesliga,Stuttgart,Naouirou Ahamada,fr FRA,MF,20.0,15.5,38.0,2.45,31.0,0.0,3.0,2.0,1.0,1.0,7.0,0.45,7.0,0.0,0.0,0.0,0.0,0.0,Matches,,,,,,,,,,,,,,,,,,,,,,,,,
2022-2023,Bundesliga,Stuttgart,Josha Vagnoman,de GER,DF,21.0,16.4,28.0,1.71,19.0,0.0,6.0,1.0,1.0,1.0,3.0,0.18,3.0,0.0,0.0,0.0,0.0,0.0,Matches,,,,,,,,,,,,,,,,,,,,,,,,,
2022-2023,Bundesliga,Stuttgart,Tiago Tomás,pt POR,"FW,MF",20.0,14.3,37.0,2.58,23.0,4.0,1.0,2.0,7.0,0.0,6.0,0.42,4.0,0.0,1.0,0.0,1.0,0.0,Matches,,,,,,,,,,,,,,,,,,,,,,,,,
2022-2023,Bundesliga,Stuttgart,Fabian Bredlow,de GER,GK,27.0,15.0,1.0,0.07,1.0,0.0,0.0,0.0,0.0,0.0,0.0,0.0,0.0,0.0,0.0,0.0,0.0,0.0,Matches,,,,,,,,,,,,,,,,,,,,,,,,,
2022-2023,Bundesliga,Stuttgart,Dan-Axel Zagadou,fr FRA,DF,23.0,14.1,14.0,0.99,12.0,0.0,0.0,2.0,0.0,0.0,1.0,0.07,0.0,0.0,0.0,1.0,0.0,0.0,Matches,,,,,,,,,,,,,,,,,,,,,,,,,
2022-2023,Bundesliga,Stuttgart,Enzo Millot,fr FRA,MF,20.0,9.9,34.0,3.43,21.0,2.0,4.0,2.0,3.0,2.0,3.0,0.3,2.0,0.0,1.0,0.0,0.0,0.0,Matches,,,,,,,,,,,,,,,,,,,,,,,,,
2022-2023,Bundesliga,Stuttgart,Genki Haraguchi,jp JPN,MF,31.0,8.3,22.0,2.64,19.0,0.0,0.0,0.0,2.0,1.0,2.0,0.24,2.0,0.0,0.0,0.0,0.0,0.0,Matches,,,,,,,,,,,,,,,,,,,,,,,,,
2022-2023,Bundesliga,Stuttgart,Luca Pfeiffer,de GER,FW,25.0,7.8,24.0,3.09,20.0,0.0,0.0,2.0,2.0,0.0,0.0,0.0,0.0,0.0,0.0,0.0,0.0,0.0,Matches,,,,,,,,,,,,,,,,,,,,,,,,,
2022-2023,Bundesliga,Stuttgart,Gil Bastião Dias,pt POR,FW,25.0,4.4,12.0,2.72,9.0,0.0,1.0,0.0,1.0,1.0,1.0,0.23,1.0,0.0,0.0,0.0,0.0,0.0,Matches,,,,,,,,,,,,,,,,,,,,,,,,,
2022-2023,Bundesliga,Stuttgart,Nikolas Nartey,dk DEN,"DF,MF",22.0,5.3,9.0,1.72,8.0,0.0,1.0,0.0,0.0,0.0,1.0,0.19,1.0,0.0,0.0,0.0,0.0,0.0,Matches,,,,,,,,,,,,,,,,,,,,,,,,,
2022-2023,Bundesliga,Stuttgart,Juan Perea,co COL,FW,22.0,4.6,9.0,1.93,5.0,0.0,1.0,0.0,3.0,0.0,1.0,0.21,1.0,0.0,0.0,0.0,0.0,0.0,Matches,,,,,,,,,,,,,,,,,,,,,,,,,
2022-2023,Bundesliga,Stuttgart,Pascal Stenzel,de GER,DF,26.0,3.7,13.0,3.51,5.0,8.0,0.0,0.0,0.0,0.0,1.0,0.27,1.0,0.0,0.0,0.0,0.0,0.0,Matches,,,,,,,,,,,,,,,,,,,,,,,,,
2022-2023,Bundesliga,Stuttgart,Sasa Kalajdzic,at AUT,FW,25.0,2.6,9.0,3.48,9.0,0.0,0.0,0.0,0.0,0.0,3.0,1.16,3.0,0.0,0.0,0.0,0.0,0.0,Matches,,,,,,,,,,,,,,,,,,,,,,,,,
2022-2023,Bundesliga,Stuttgart,Lilian Egloff,de GER,"MF,FW",19.0,2.7,10.0,3.75,8.0,0.0,0.0,1.0,1.0,0.0,2.0,0.75,2.0,0.0,0.0,0.0,0.0,0.0,Matches,,,,,,,,,,,,,,,,,,,,,,,,,
2022-2023,Bundesliga,Stuttgart,Thomas Kastanaras,gr GRE,"FW,DF",19.0,0.8,2.0,2.5,1.0,0.0,0.0,1.0,0.0,0.0,0.0,0.0,0.0,0.0,0.0,0.0,0.0,0.0,Matches,,,,,,,,,,,,,,,,,,,,,,,,,
2022-2023,Bundesliga,Stuttgart,Tanguy Coulibaly,fr FRA,"FW,DF",21.0,3.6,13.0,3.58,8.0,1.0,4.0,0.0,0.0,0.0,1.0,0.28,0.0,0.0,1.0,0.0,0.0,0.0,Matches,,,,,,,,,,,,,,,,,,,,,,,,,
2022-2023,Bundesliga,Stuttgart,Darko Churlinov,mk MKD,FW,22.0,0.3,0.0,0.0,0.0,0.0,0.0,0.0,0.0,0.0,0.0,0.0,0.0,0.0,0.0,0.0,0.0,0.0,Matches,,,,,,,,,,,,,,,,,,,,,,,,,
2022-2023,Bundesliga,Stuttgart,Clinton Mola,eng ENG,DF,21.0,0.2,0.0,0.0,0.0,0.0,0.0,0.0,0.0,0.0,0.0,0.0,0.0,0.0,0.0,0.0,0.0,0.0,Matches,,,,,,,,,,,,,,,,,,,,,,,,,
2022-2023,Bundesliga,Stuttgart,Lauren Ulrich,de GER,MF,17.0,0.1,0.0,0.0,0.0,0.0,0.0,0.0,0.0,0.0,0.0,0.0,0.0,0.0,0.0,0.0,0.0,0.0,Matches,,,,,,,,,,,,,,,,,,,,,,,,,
2022-2023,Bundesliga,Stuttgart,Alou Kuol,au AUS,FW,21.0,0.1,0.0,0.0,0.0,0.0,0.0,0.0,0.0,0.0,0.0,0.0,0.0,0.0,0.0,0.0,0.0,0.0,Matches,,,,,,,,,,,,,,,,,,,,,,,,,
2022-2023,Bundesliga,Stuttgart,Squad Total,,,24.7,34.0,810.0,23.82,561.0,85.0,52.0,54.0,46.0,12.0,83.0,2.44,64.0,3.0,5.0,4.0,5.0,2.0,,,,,,,,,,,,,,,,,,,,,,,,,,
2022-2023,Bundesliga,Stuttgart,Opponent Total,,,26.6,34.0,707.0,20.79,519.0,52.0,43.0,44.0,40.0,9.0,103.0,3.03,78.0,6.0,3.0,6.0,9.0,1.0,,,,,,,,,,,,,,,,,,,,,,,,,,
2022-2023,Bundesliga,Schalke 04,Tom Krauß,de GER,MF,21.0,27.9,44.0,1.58,37.0,0.0,3.0,1.0,2.0,1.0,4.0,0.14,3.0,0.0,0.0,0.0,1.0,0.0,Matches,,,,,,,,,,,,,,,,,,,,,,,,,
2022-2023,Bundesliga,Schalke 04,Marius Bülter,de GER,"FW,MF",29.0,28.9,91.0,3.15,62.0,1.0,8.0,9.0,10.0,1.0,5.0,0.17,3.0,0.0,0.0,1.0,1.0,0.0,Matches,,,,,,,,,,,,,,,,,,,,,,,,,
2022-2023,Bundesliga,Schalke 04,Maya Yoshida,jp JPN,DF,33.0,28.4,28.0,0.99,22.0,1.0,0.0,1.0,3.0,1.0,0.0,0.0,0.0,0.0,0.0,0.0,0.0,0.0,Matches,,,,,,,,,,,,,,,,,,,,,,,,,
2022-2023,Bundesliga,Schalke 04,Cédric Brunner,ch SUI,DF,28.0,25.7,37.0,1.44,22.0,8.0,0.0,3.0,4.0,0.0,1.0,0.04,0.0,0.0,0.0,0.0,1.0,0.0,Matches,,,,,,,,,,,,,,,,,,,,,,,,,
2022-2023,Bundesliga,Schalke 04,Alex Král,cz CZE,MF,24.0,26.2,53.0,2.02,45.0,0.0,2.0,2.0,3.0,1.0,2.0,0.08,2.0,0.0,0.0,0.0,0.0,0.0,Matches,,,,,,,,,,,,,,,,,,,,,,,,,
2022-2023,Bundesliga,Schalke 04,Alexander Schwolow,de GER,GK,30.0,22.6,10.0,0.44,4.0,5.0,0.0,1.0,0.0,0.0,0.0,0.0,0.0,0.0,0.0,0.0,0.0,0.0,Matches,,,,,,,,,,,,,,,,,,,,,,,,,
2022-2023,Bundesliga,Schalke 04,Henning Matriciani,de GER,DF,22.0,20.7,21.0,1.01,16.0,2.0,1.0,1.0,0.0,1.0,4.0,0.19,3.0,0.0,0.0,0.0,0.0,1.0,Matches,,,,,,,,,,,,,,,,,,,,,,,,,
2022-2023,Bundesliga,Schalke 04,Simon Terodde,de GER,FW,34.0,20.3,57.0,2.81,41.0,1.0,1.0,8.0,6.0,0.0,5.0,0.25,2.0,0.0,0.0,1.0,2.0,0.0,Matches,,,,,,,,,,,,,,,,,,,,,,,,,
2022-2023,Bundesliga,Schalke 04,Dominick Drexler,de GER,"MF,FW",32.0,15.2,46.0,3.03,34.0,6.0,2.0,1.0,2.0,1.0,5.0,0.33,4.0,0.0,1.0,0.0,0.0,0.0,Matches,,,,,,,,,,,,,,,,,,,,,,,,,
2022-2023,Bundesliga,Schalke 04,Rodrigo Zalazar,uy URU,"MF,FW",22.0,14.7,63.0,4.3,23.0,23.0,3.0,7.0,7.0,0.0,8.0,0.55,5.0,3.0,0.0,0.0,0.0,0.0,Matches,,,,,,,,,,,,,,,,,,,,,,,,,
2022-2023,Bundesliga,Schalke 04,Ralf Fährmann,de GER,GK,33.0,11.4,4.0,0.35,1.0,3.0,0.0,0.0,0.0,0.0,0.0,0.0,0.0,0.0,0.0,0.0,0.0,0.0,Matches,,,,,,,,,,,,,,,,,,,,,,,,,
2022-2023,Bundesliga,Schalke 04,Moritz Jenz,de GER,DF,23.0,10.5,12.0,1.14,8.0,2.0,0.0,0.0,0.0,2.0,0.0,0.0,0.0,0.0,0.0,0.0,0.0,0.0,Matches,,,,,,,,,,,,,,,,,,,,,,,,,
2022-2023,Bundesliga,Schalke 04,Kenan Karaman,tr TUR,FW,28.0,10.8,21.0,1.94,15.0,0.0,1.0,2.0,3.0,0.0,5.0,0.46,3.0,0.0,1.0,0.0,1.0,0.0,Matches,,,,,,,,,,,,,,,,,,,,,,,,,
2022-2023,Bundesliga,Schalke 04,Thomas Ouwejan,nl NED,DF,25.0,10.0,29.0,2.89,12.0,16.0,0.0,0.0,0.0,1.0,2.0,0.2,0.0,2.0,0.0,0.0,0.0,0.0,Matches,,,,,,,,,,,,,,,,,,,,,,,,,
2022-2023,Bundesliga,Schalke 04,Michael Frey,ch SUI,FW,28.0,9.6,15.0,1.55,13.0,0.0,0.0,2.0,0.0,0.0,4.0,0.41,4.0,0.0,0.0,0.0,0.0,0.0,Matches,,,,,,,,,,,,,,,,,,,,,,,,,
2022-2023,Bundesliga,Schalke 04,Jere Uronen,fi FIN,DF,28.0,7.5,18.0,2.39,12.0,3.0,1.0,0.0,2.0,0.0,0.0,0.0,0.0,0.0,0.0,0.0,0.0,0.0,Matches,,,,,,,,,,,,,,,,,,,,,,,,,
2022-2023,Bundesliga,Schalke 04,Danny Latza,de GER,MF,32.0,9.5,15.0,1.58,6.0,4.0,0.0,3.0,2.0,0.0,0.0,0.0,0.0,0.0,0.0,0.0,0.0,0.0,Matches,,,,,,,,,,,,,,,,,,,,,,,,,
2022-2023,Bundesliga,Schalke 04,Tobias Mohr,de GER,"DF,MF",26.0,9.3,29.0,3.11,17.0,8.0,1.0,2.0,1.0,0.0,4.0,0.43,3.0,1.0,0.0,0.0,0.0,0.0,Matches,,,,,,,,,,,,,,,,,,,,,,,,,
2022-2023,Bundesliga,Schalke 04,Sepp van den Berg,nl NED,DF,20.0,7.7,3.0,0.39,2.0,1.0,0.0,0.0,0.0,0.0,0.0,0.0,0.0,0.0,0.0,0.0,0.0,0.0,Matches,,,,,,,,,,,,,,,,,,,,,,,,,
2022-2023,Bundesliga,Schalke 04,Marcin Kamiński,pl POL,DF,30.0,7.0,12.0,1.71,11.0,0.0,1.0,0.0,0.0,0.0,1.0,0.14,1.0,0.0,0.0,0.0,0.0,0.0,Matches,,,,,,,,,,,,,,,,,,,,,,,,,
2022-2023,Bundesliga,Schalke 04,Tim Skarke,de GER,"FW,MF",25.0,4.9,19.0,3.87,12.0,4.0,0.0,1.0,1.0,1.0,1.0,0.2,1.0,0.0,0.0,0.0,0.0,0.0,Matches,,,,,,,,,,,,,,,,,,,,,,,,,
2022-2023,Bundesliga,Schalke 04,Sebastian Polter,de GER,FW,31.0,7.0,16.0,2.29,13.0,0.0,0.0,2.0,1.0,0.0,4.0,0.57,3.0,0.0,0.0,0.0,1.0,0.0,Matches,,,,,,,,,,,,,,,,,,,,,,,,,
2022-2023,Bundesliga,Schalke 04,Florian Flick,de GER,MF,22.0,5.7,7.0,1.23,6.0,0.0,0.0,1.0,0.0,0.0,0.0,0.0,0.0,0.0,0.0,0.0,0.0,0.0,Matches,,,,,,,,,,,,,,,,,,,,,,,,,
2022-2023,Bundesliga,Schalke 04,Jordan Larsson,se SWE,"FW,MF",25.0,5.1,11.0,2.13,9.0,1.0,1.0,0.0,0.0,0.0,0.0,0.0,0.0,0.0,0.0,0.0,0.0,0.0,Matches,,,,,,,,,,,,,,,,,,,,,,,,,
2022-2023,Bundesliga,Schalke 04,Soichiro Kozuki,jp JPN,"FW,MF",21.0,4.2,10.0,2.37,9.0,1.0,0.0,0.0,0.0,0.0,0.0,0.0,0.0,0.0,0.0,0.0,0.0,0.0,Matches,,,,,,,,,,,,,,,,,,,,,,,,,
2022-2023,Bundesliga,Schalke 04,Florent Mollet,fr FRA,MF,30.0,4.6,14.0,3.07,11.0,0.0,0.0,2.0,1.0,0.0,0.0,0.0,0.0,0.0,0.0,0.0,0.0,0.0,Matches,,,,,,,,,,,,,,,,,,,,,,,,,
2022-2023,Bundesliga,Schalke 04,Mehmet Aydin,de GER,"DF,FW",20.0,6.3,13.0,2.07,10.0,1.0,0.0,2.0,0.0,0.0,0.0,0.0,0.0,0.0,0.0,0.0,0.0,0.0,Matches,,,,,,,,,,,,,,,,,,,,,,,,,
2022-2023,Bundesliga,Schalke 04,Leo Greiml,at AUT,DF,21.0,4.0,3.0,0.75,3.0,0.0,0.0,0.0,0.0,0.0,0.0,0.0,0.0,0.0,0.0,0.0,0.0,0.0,Matches,,,,,,,,,,,,,,,,,,,,,,,,,
2022-2023,Bundesliga,Schalke 04,Malick Thiaw,de GER,DF,20.0,3.0,1.0,0.33,0.0,0.0,1.0,0.0,0.0,0.0,0.0,0.0,0.0,0.0,0.0,0.0,0.0,0.0,Matches,,,,,,,,,,,,,,,,,,,,,,,,,
2022-2023,Bundesliga,Schalke 04,Éder Álvarez Balanta,co COL,"MF,FW",29.0,2.6,8.0,3.03,6.0,1.0,0.0,0.0,0.0,1.0,1.0,0.38,1.0,0.0,0.0,0.0,0.0,0.0,Matches,,,,,,,,,,,,,,,,,,,,,,,,,
2022-2023,Bundesliga,Schalke 04,Kerim Calhanoglu,de GER,DF,19.0,0.7,4.0,5.71,4.0,0.0,0.0,0.0,0.0,0.0,0.0,0.0,0.0,0.0,0.0,0.0,0.0,0.0,Matches,,,,,,,,,,,,,,,,,,,,,,,,,
2022-2023,Bundesliga,Schalke 04,Andreas Ivan,ro ROU,MF,27.0,0.5,1.0,2.0,1.0,0.0,0.0,0.0,0.0,0.0,0.0,0.0,0.0,0.0,0.0,0.0,0.0,0.0,Matches,,,,,,,,,,,,,,,,,,,,,,,,,
2022-2023,Bundesliga,Schalke 04,Timothée Kolodziejczak,fr FRA,DF,30.0,0.3,0.0,0.0,0.0,0.0,0.0,0.0,0.0,0.0,0.0,0.0,0.0,0.0,0.0,0.0,0.0,0.0,Matches,,,,,,,,,,,,,,,,,,,,,,,,,
2022-2023,Bundesliga,Schalke 04,Sidi Sané,de GER,FW,19.0,0.3,0.0,0.0,0.0,0.0,0.0,0.0,0.0,0.0,0.0,0.0,0.0,0.0,0.0,0.0,0.0,0.0,Matches,,,,,,,,,,,,,,,,,,,,,,,,,
2022-2023,Bundesliga,Schalke 04,Keke Maximilian Topp,de GER,FW,18.0,0.2,0.0,0.0,0.0,0.0,0.0,0.0,0.0,0.0,0.0,0.0,0.0,0.0,0.0,0.0,0.0,0.0,Matches,,,,,,,,,,,,,,,,,,,,,,,,,
2022-2023,Bundesliga,Schalke 04,Squad Total,,,27.5,34.0,715.0,21.03,487.0,92.0,26.0,51.0,48.0,11.0,56.0,1.65,38.0,6.0,2.0,2.0,7.0,1.0,,,,,,,,,,,,,,,,,,,,,,,,,,
2022-2023,Bundesliga,Schalke 04,Opponent Total,,,26.6,34.0,886.0,26.06,650.0,79.0,58.0,49.0,39.0,11.0,128.0,3.76,100.0,2.0,11.0,5.0,7.0,3.0,,,,,,,,,,,,,,,,,,,,,,,,,,
2022-2023,Bundesliga,Hertha BSC,Oliver Christensen,dk DEN,GK,23.0,33.0,7.0,0.21,5.0,2.0,0.0,0.0,0.0,0.0,1.0,0.03,1.0,0.0,0.0,0.0,0.0,0.0,Matches,,,,,,,,,,,,,,,,,,,,,,,,,
2022-2023,Bundesliga,Hertha BSC,Lucas Tousart,fr FRA,MF,25.0,32.7,53.0,1.62,40.0,0.0,2.0,7.0,3.0,1.0,8.0,0.24,6.0,0.0,0.0,0.0,2.0,0.0,Matches,,,,,,,,,,,,,,,,,,,,,,,,,
2022-2023,Bundesliga,Hertha BSC,Marc-Oliver Kempf,de GER,DF,27.0,30.1,27.0,0.9,22.0,1.0,1.0,2.0,0.0,1.0,0.0,0.0,0.0,0.0,0.0,0.0,0.0,0.0,Matches,,,,,,,,,,,,,,,,,,,,,,,,,
2022-2023,Bundesliga,Hertha BSC,Marvin Plattenhardt,de GER,DF,30.0,26.7,59.0,2.21,25.0,30.0,1.0,0.0,3.0,0.0,6.0,0.22,3.0,1.0,1.0,0.0,1.0,0.0,Matches,,,,,,,,,,,,,,,,,,,,,,,,,
2022-2023,Bundesliga,Hertha BSC,Dodi Lukebakio,be BEL,"FW,MF",24.0,26.6,85.0,3.19,48.0,10.0,16.0,2.0,7.0,2.0,9.0,0.34,5.0,1.0,1.0,1.0,1.0,0.0,Matches,,,,,,,,,,,,,,,,,,,,,,,,,
2022-2023,Bundesliga,Hertha BSC,Jonjoe Kenny,eng ENG,DF,25.0,24.9,44.0,1.76,34.0,5.0,0.0,2.0,1.0,2.0,3.0,0.12,2.0,0.0,0.0,0.0,1.0,0.0,Matches,,,,,,,,,,,,,,,,,,,,,,,,,
2022-2023,Bundesliga,Hertha BSC,Suat Serdar,de GER,MF,25.0,22.5,41.0,1.82,29.0,1.0,4.0,2.0,4.0,1.0,4.0,0.18,4.0,0.0,0.0,0.0,0.0,0.0,Matches,,,,,,,,,,,,,,,,,,,,,,,,,
2022-2023,Bundesliga,Hertha BSC,Marco Richter,de GER,"MF,FW",24.0,20.4,58.0,2.84,37.0,7.0,5.0,7.0,1.0,1.0,11.0,0.54,8.0,1.0,0.0,1.0,1.0,0.0,Matches,,,,,,,,,,,,,,,,,,,,,,,,,
2022-2023,Bundesliga,Hertha BSC,Filip Uremović,hr CRO,DF,25.0,19.2,9.0,0.47,7.0,0.0,1.0,0.0,1.0,0.0,0.0,0.0,0.0,0.0,0.0,0.0,0.0,0.0,Matches,,,,,,,,,,,,,,,,,,,,,,,,,
2022-2023,Bundesliga,Hertha BSC,Wilfried Kanga,ci CIV,FW,24.0,15.7,34.0,2.16,28.0,0.0,3.0,1.0,2.0,0.0,1.0,0.06,1.0,0.0,0.0,0.0,0.0,0.0,Matches,,,,,,,,,,,,,,,,,,,,,,,,,
2022-2023,Bundesliga,Hertha BSC,Agustín Rogel,uy URU,DF,24.0,15.8,7.0,0.44,5.0,1.0,0.0,0.0,1.0,0.0,1.0,0.06,0.0,1.0,0.0,0.0,0.0,0.0,Matches,,,,,,,,,,,,,,,,,,,,,,,,,
2022-2023,Bundesliga,Hertha BSC,Ivan Šunjić,hr CRO,MF,25.0,11.0,17.0,1.54,14.0,0.0,0.0,2.0,1.0,0.0,2.0,0.18,2.0,0.0,0.0,0.0,0.0,0.0,Matches,,,,,,,,,,,,,,,,,,,,,,,,,
2022-2023,Bundesliga,Hertha BSC,Márton Dárdai,de GER,"DF,MF",20.0,10.5,10.0,0.95,9.0,0.0,0.0,0.0,1.0,0.0,1.0,0.1,1.0,0.0,0.0,0.0,0.0,0.0,Matches,,,,,,,,,,,,,,,,,,,,,,,,,
2022-2023,Bundesliga,Hertha BSC,Florian Niederlechner,de GER,FW,31.0,8.7,18.0,2.07,10.0,0.0,2.0,2.0,2.0,2.0,3.0,0.35,2.0,0.0,0.0,0.0,1.0,0.0,Matches,,,,,,,,,,,,,,,,,,,,,,,,,
2022-2023,Bundesliga,Hertha BSC,Jean-Paul Boëtius,nl NED,MF,28.0,11.7,24.0,2.06,18.0,1.0,1.0,1.0,2.0,1.0,0.0,0.0,0.0,0.0,0.0,0.0,0.0,0.0,Matches,,,,,,,,,,,,,,,,,,,,,,,,,
2022-2023,Bundesliga,Hertha BSC,Tolga Ciğerci,tr TUR,MF,30.0,7.5,19.0,2.54,12.0,4.0,1.0,1.0,0.0,1.0,1.0,0.13,1.0,0.0,0.0,0.0,0.0,0.0,Matches,,,,,,,,,,,,,,,,,,,,,,,,,
2022-2023,Bundesliga,Hertha BSC,Chidera Ejuke,ng NGA,"FW,MF",24.0,9.9,41.0,4.16,28.0,0.0,9.0,1.0,2.0,1.0,5.0,0.51,5.0,0.0,0.0,0.0,0.0,0.0,Matches,,,,,,,,,,,,,,,,,,,,,,,,,
2022-2023,Bundesliga,Hertha BSC,Stevan Jovetić,me MNE,"FW,MF",32.0,9.9,32.0,3.23,24.0,0.0,4.0,1.0,3.0,0.0,6.0,0.61,5.0,0.0,1.0,0.0,0.0,0.0,Matches,,,,,,,,,,,,,,,,,,,,,,,,,
2022-2023,Bundesliga,Hertha BSC,Jessic Ngankam,de GER,"FW,MF",22.0,9.2,19.0,2.07,10.0,0.0,1.0,3.0,4.0,1.0,3.0,0.33,1.0,0.0,0.0,1.0,1.0,0.0,Matches,,,,,,,,,,,,,,,,,,,,,,,,,
2022-2023,Bundesliga,Hertha BSC,Maximilian Mittelstädt,de GER,"DF,MF",25.0,9.4,23.0,2.44,15.0,2.0,2.0,2.0,1.0,1.0,0.0,0.0,0.0,0.0,0.0,0.0,0.0,0.0,Matches,,,,,,,,,,,,,,,,,,,,,,,,,
2022-2023,Bundesliga,Hertha BSC,Kevin-Prince Boateng,gh GHA,MF,35.0,5.2,9.0,1.73,8.0,1.0,0.0,0.0,0.0,0.0,1.0,0.19,1.0,0.0,0.0,0.0,0.0,0.0,Matches,,,,,,,,,,,,,,,,,,,,,,,,,
2022-2023,Bundesliga,Hertha BSC,Davie Selke,de GER,FW,27.0,3.1,8.0,2.55,4.0,0.0,1.0,1.0,2.0,0.0,3.0,0.96,1.0,0.0,1.0,0.0,1.0,0.0,Matches,,,,,,,,,,,,,,,,,,,,,,,,,
2022-2023,Bundesliga,Hertha BSC,Derry Scherhant,de GER,"FW,MF",19.0,3.2,4.0,1.26,1.0,0.0,2.0,1.0,0.0,0.0,1.0,0.32,0.0,0.0,1.0,0.0,0.0,0.0,Matches,,,,,,,,,,,,,,,,,,,,,,,,,
2022-2023,Bundesliga,Hertha BSC,Peter Pekarík,sk SVK,DF,35.0,2.3,1.0,0.44,1.0,0.0,0.0,0.0,0.0,0.0,0.0,0.0,0.0,0.0,0.0,0.0,0.0,0.0,Matches,,,,,,,,,,,,,,,,,,,,,,,,,
2022-2023,Bundesliga,Hertha BSC,Myziane Maolida,fr FRA,"FW,MF",23.0,1.1,1.0,0.95,1.0,0.0,0.0,0.0,0.0,0.0,0.0,0.0,0.0,0.0,0.0,0.0,0.0,0.0,Matches,,,,,,,,,,,,,,,,,,,,,,,,,
2022-2023,Bundesliga,Hertha BSC,Tjark Ernst,de GER,GK,19.0,1.0,0.0,0.0,0.0,0.0,0.0,0.0,0.0,0.0,0.0,0.0,0.0,0.0,0.0,0.0,0.0,0.0,Matches,,,,,,,,,,,,,,,,,,,,,,,,,
2022-2023,Bundesliga,Hertha BSC,Pascal Klemens,de GER,DF,17.0,1.0,1.0,1.0,1.0,0.0,0.0,0.0,0.0,0.0,0.0,0.0,0.0,0.0,0.0,0.0,0.0,0.0,Matches,,,,,,,,,,,,,,,,,,,,,,,,,
2022-2023,Bundesliga,Hertha BSC,Ibrahim Maza,de GER,"MF,FW",16.0,0.8,1.0,1.27,0.0,0.0,0.0,0.0,1.0,0.0,0.0,0.0,0.0,0.0,0.0,0.0,0.0,0.0,Matches,,,,,,,,,,,,,,,,,,,,,,,,,
2022-2023,Bundesliga,Hertha BSC,Vladimír Darida,cz CZE,MF,31.0,0.3,0.0,0.0,0.0,0.0,0.0,0.0,0.0,0.0,0.0,0.0,0.0,0.0,0.0,0.0,0.0,0.0,Matches,,,,,,,,,,,,,,,,,,,,,,,,,
2022-2023,Bundesliga,Hertha BSC,Tony Rölke,de GER,FW,19.0,0.2,0.0,0.0,0.0,0.0,0.0,0.0,0.0,0.0,0.0,0.0,0.0,0.0,0.0,0.0,0.0,0.0,Matches,,,,,,,,,,,,,,,,,,,,,,,,,
2022-2023,Bundesliga,Hertha BSC,Veit Stange,de GER,MF,18.0,0.1,0.0,0.0,0.0,0.0,0.0,0.0,0.0,0.0,0.0,0.0,0.0,0.0,0.0,0.0,0.0,0.0,Matches,,,,,,,,,,,,,,,,,,,,,,,,,
2022-2023,Bundesliga,Hertha BSC,Julian Eitschberger,de GER,FW,18.0,0.0,0.0,0.0,0.0,0.0,0.0,0.0,0.0,0.0,0.0,0.0,0.0,0.0,0.0,0.0,0.0,0.0,Matches,,,,,,,,,,,,,,,,,,,,,,,,,
2022-2023,Bundesliga,Hertha BSC,Squad Total,,,26.0,34.0,652.0,19.18,436.0,65.0,56.0,38.0,42.0,15.0,70.0,2.06,49.0,4.0,5.0,3.0,9.0,0.0,,,,,,,,,,,,,,,,,,,,,,,,,,
2022-2023,Bundesliga,Hertha BSC,Opponent Total,,,26.7,34.0,832.0,24.47,587.0,90.0,44.0,52.0,46.0,13.0,120.0,3.53,78.0,12.0,10.0,11.0,8.0,1.0,,,,,,,,,,,,,,,,,,,,,,,,,,
