Season,League,Team,Unnamed: 0_level_0_Player,Unnamed: 1_level_0_Nation,Unnamed: 2_level_0_Pos,Unnamed: 3_level_0_Age,Unnamed: 4_level_0_MP,Playing Time_Starts,Playing Time_Min,Playing Time_90s,Performance_Gls,Performance_Ast,Performance_G+A,Performance_G-PK,Performance_PK,Performance_PKatt,Performance_CrdY,Performance_CrdR,Progression_PrgC,Progression_PrgP,Progression_PrgR,Per 90 Minutes_Gls,Per 90 Minutes_Ast,Per 90 Minutes_G+A,Per 90 Minutes_G-PK,Per 90 Minutes_G+A-PK,Unnamed: 24_level_0_Matches,Playing Time_MP,Expected_xG,Expected_npxG,Expected_xAG,Expected_npxG+xAG,Per 90 Minutes_xG,Per 90 Minutes_xAG,Per 90 Minutes_xG+xAG,Per 90 Minutes_npxG,Per 90 Minutes_npxG+xAG,Unnamed: 33_level_0_Matches,S_e,L_e,T_e,U_n,U_n.1,U_n.2,U_n.3,P_l,P_l.1,P_l.2,P_l.3,P_e,P_e.1,P_e.2,P_e.3,P_e.4,P_e.5,P_e.6,P_e.7,E_x,E_x.1,E_x.2,E_x.3,P_r,P_r.1,P_r.2,P_e.8,P_e.9,P_e.10,P_e.11,P_e.12,P_e.13,P_e.14,P_e.15,P_e.16,P_e.17,U_n.4,U_n.5
2005-2006,Bundesliga,Bayern Munich,Willy Sagnol,fr FRA,DF,28.0,31.0,31.0,2778.0,30.9,1.0,4.0,5.0,1.0,0.0,0.0,6.0,0.0,,,,0.03,0.13,0.16,0.03,0.16,Matches,,,,,,,,,,,,,,,,,,,,,,,,,,,,,,,,,,,,,,,,,,,,,,,,,
2005-2006,Bundesliga,Bayern Munich,Oliver Kahn,de GER,GK,36.0,31.0,31.0,2582.0,28.7,0.0,0.0,0.0,0.0,0.0,0.0,2.0,0.0,,,,0.0,0.0,0.0,0.0,0.0,Matches,,,,,,,,,,,,,,,,,,,,,,,,,,,,,,,,,,,,,,,,,,,,,,,,,
2005-2006,Bundesliga,Bayern Munich,Lúcio,br BRA,DF,27.0,30.0,30.0,2700.0,30.0,2.0,3.0,5.0,2.0,0.0,0.0,3.0,0.0,,,,0.07,0.1,0.17,0.07,0.17,Matches,,,,,,,,,,,,,,,,,,,,,,,,,,,,,,,,,,,,,,,,,,,,,,,,,
2005-2006,Bundesliga,Bayern Munich,Valérien Ismaël,fr FRA,DF,29.0,30.0,30.0,2653.0,29.5,0.0,1.0,1.0,0.0,0.0,0.0,4.0,1.0,,,,0.0,0.03,0.03,0.0,0.03,Matches,,,,,,,,,,,,,,,,,,,,,,,,,,,,,,,,,,,,,,,,,,,,,,,,,
2005-2006,Bundesliga,Bayern Munich,Roy Makaay,nl NED,FW,30.0,31.0,29.0,2631.0,29.2,17.0,6.0,23.0,15.0,2.0,2.0,2.0,0.0,,,,0.58,0.21,0.79,0.51,0.72,Matches,,,,,,,,,,,,,,,,,,,,,,,,,,,,,,,,,,,,,,,,,,,,,,,,,
2005-2006,Bundesliga,Bayern Munich,Martín Demichelis,ar ARG,"DF,MF",24.0,27.0,27.0,2293.0,25.5,1.0,2.0,3.0,1.0,0.0,0.0,3.0,1.0,,,,0.04,0.08,0.12,0.04,0.12,Matches,,,,,,,,,,,,,,,,,,,,,,,,,,,,,,,,,,,,,,,,,,,,,,,,,
2005-2006,Bundesliga,Bayern Munich,Michael Ballack,de GER,MF,28.0,26.0,26.0,2270.0,25.2,14.0,4.0,18.0,14.0,0.0,0.0,10.0,0.0,,,,0.56,0.16,0.71,0.56,0.71,Matches,,,,,,,,,,,,,,,,,,,,,,,,,,,,,,,,,,,,,,,,,,,,,,,,,
2005-2006,Bundesliga,Bayern Munich,Claudio Pizarro,pe PER,FW,26.0,26.0,23.0,2089.0,23.2,11.0,3.0,14.0,11.0,0.0,0.0,3.0,0.0,,,,0.47,0.13,0.6,0.47,0.6,Matches,,,,,,,,,,,,,,,,,,,,,,,,,,,,,,,,,,,,,,,,,,,,,,,,,
2005-2006,Bundesliga,Bayern Munich,Zé Roberto,br BRA,"DF,MF",31.0,27.0,22.0,1871.0,20.8,1.0,6.0,7.0,1.0,0.0,0.0,3.0,0.0,,,,0.05,0.29,0.34,0.05,0.34,Matches,,,,,,,,,,,,,,,,,,,,,,,,,,,,,,,,,,,,,,,,,,,,,,,,,
2005-2006,Bundesliga,Bayern Munich,Bastian Schweinsteiger,de GER,"DF,MF",20.0,30.0,20.0,1921.0,21.3,3.0,2.0,5.0,3.0,0.0,0.0,4.0,0.0,,,,0.14,0.09,0.23,0.14,0.23,Matches,,,,,,,,,,,,,,,,,,,,,,,,,,,,,,,,,,,,,,,,,,,,,,,,,
2005-2006,Bundesliga,Bayern Munich,Bixente Lizarazu,fr FRA,DF,35.0,18.0,16.0,1180.0,13.1,0.0,0.0,0.0,0.0,0.0,0.0,1.0,0.0,,,,0.0,0.0,0.0,0.0,0.0,Matches,,,,,,,,,,,,,,,,,,,,,,,,,,,,,,,,,,,,,,,,,,,,,,,,,
2005-2006,Bundesliga,Bayern Munich,Owen Hargreaves,eng ENG,MF,24.0,16.0,14.0,1240.0,13.8,1.0,1.0,2.0,1.0,0.0,0.0,5.0,0.0,,,,0.07,0.07,0.15,0.07,0.15,Matches,,,,,,,,,,,,,,,,,,,,,,,,,,,,,,,,,,,,,,,,,,,,,,,,,
2005-2006,Bundesliga,Bayern Munich,Sebastian Deisler,de GER,MF,25.0,16.0,13.0,977.0,10.9,0.0,3.0,3.0,0.0,0.0,0.0,3.0,1.0,,,,0.0,0.28,0.28,0.0,0.28,Matches,,,,,,,,,,,,,,,,,,,,,,,,,,,,,,,,,,,,,,,,,,,,,,,,,
2005-2006,Bundesliga,Bayern Munich,Hasan Salihamidžić,ba BIH,"DF,MF",28.0,21.0,13.0,956.0,10.6,2.0,3.0,5.0,2.0,0.0,0.0,3.0,0.0,,,,0.19,0.28,0.47,0.19,0.47,Matches,,,,,,,,,,,,,,,,,,,,,,,,,,,,,,,,,,,,,,,,,,,,,,,,,
2005-2006,Bundesliga,Bayern Munich,Philipp Lahm,de GER,"DF,MF",21.0,20.0,12.0,1320.0,14.7,0.0,1.0,1.0,0.0,0.0,0.0,1.0,0.0,,,,0.0,0.07,0.07,0.0,0.07,Matches,,,,,,,,,,,,,,,,,,,,,,,,,,,,,,,,,,,,,,,,,,,,,,,,,
2005-2006,Bundesliga,Bayern Munich,Ali Karimi,ir IRN,"FW,MF",26.0,20.0,11.0,924.0,10.3,2.0,3.0,5.0,2.0,0.0,0.0,1.0,0.0,,,,0.19,0.29,0.49,0.19,0.49,Matches,,,,,,,,,,,,,,,,,,,,,,,,,,,,,,,,,,,,,,,,,,,,,,,,,
2005-2006,Bundesliga,Bayern Munich,Roque Santa Cruz,py PAR,FW,23.0,13.0,9.0,683.0,7.6,4.0,2.0,6.0,4.0,0.0,0.0,1.0,0.0,,,,0.53,0.26,0.79,0.53,0.79,Matches,,,,,,,,,,,,,,,,,,,,,,,,,,,,,,,,,,,,,,,,,,,,,,,,,
2005-2006,Bundesliga,Bayern Munich,Paolo Guerrero,pe PER,FW,21.0,14.0,6.0,655.0,7.3,4.0,3.0,7.0,4.0,0.0,0.0,1.0,0.0,,,,0.55,0.41,0.96,0.55,0.96,Matches,,,,,,,,,,,,,,,,,,,,,,,,,,,,,,,,,,,,,,,,,,,,,,,,,
2005-2006,Bundesliga,Bayern Munich,Jens Jeremies,de GER,MF,31.0,13.0,3.0,428.0,4.8,0.0,0.0,0.0,0.0,0.0,0.0,0.0,0.0,,,,0.0,0.0,0.0,0.0,0.0,Matches,,,,,,,,,,,,,,,,,,,,,,,,,,,,,,,,,,,,,,,,,,,,,,,,,
2005-2006,Bundesliga,Bayern Munich,Mehmet Scholl,de GER,MF,34.0,18.0,2.0,535.0,5.9,3.0,1.0,4.0,3.0,0.0,0.0,1.0,0.0,,,,0.5,0.17,0.67,0.5,0.67,Matches,,,,,,,,,,,,,,,,,,,,,,,,,,,,,,,,,,,,,,,,,,,,,,,,,
2005-2006,Bundesliga,Bayern Munich,Michael Rensing,de GER,GK,21.0,6.0,2.0,388.0,4.3,0.0,0.0,0.0,0.0,0.0,0.0,0.0,0.0,,,,0.0,0.0,0.0,0.0,0.0,Matches,,,,,,,,,,,,,,,,,,,,,,,,,,,,,,,,,,,,,,,,,,,,,,,,,
2005-2006,Bundesliga,Bayern Munich,Andreas Ottl,de GER,MF,20.0,8.0,2.0,311.0,3.5,1.0,0.0,1.0,1.0,0.0,0.0,1.0,0.0,,,,0.29,0.0,0.29,0.29,0.29,Matches,,,,,,,,,,,,,,,,,,,,,,,,,,,,,,,,,,,,,,,,,,,,,,,,,
2005-2006,Bundesliga,Bayern Munich,Julio dos Santos,py PAR,MF,22.0,1.0,1.0,90.0,1.0,0.0,1.0,1.0,0.0,0.0,0.0,0.0,0.0,,,,0.0,1.0,1.0,0.0,1.0,Matches,,,,,,,,,,,,,,,,,,,,,,,,,,,,,,,,,,,,,,,,,,,,,,,,,
2005-2006,Bundesliga,Bayern Munich,Bernd Dreher,de GER,GK,38.0,1.0,1.0,90.0,1.0,0.0,0.0,0.0,0.0,0.0,0.0,0.0,0.0,,,,0.0,0.0,0.0,0.0,0.0,Matches,,,,,,,,,,,,,,,,,,,,,,,,,,,,,,,,,,,,,,,,,,,,,,,,,
2005-2006,Bundesliga,Bayern Munich,Squad Total,,,28.1,34.0,374.0,,,67.0,49.0,116.0,65.0,2.0,2.0,56.0,4.0,,,,1.97,1.44,3.41,1.91,3.35,,,,,,,,,,,,,,,,,,,,,,,,,,,,,,,,,,,,,,,,,,,,,,,,,,
2005-2006,Bundesliga,Bayern Munich,Opponent Total,,,26.4,34.0,374.0,,,,,,,,,,,,,,,,,,,,,,,,,,,,,,,,,,,,,,,,,,,,,,,,,,,,,,,,,,,,,,,,,,,,
2005-2006,Bundesliga,Werder Bremen,Naldo,br BRA,DF,22.0,,32.0,2778.0,30.9,2.0,1.0,3.0,2.0,0.0,0.0,3.0,0.0,,,,0.06,0.03,0.1,0.06,0.1,Matches,32.0,,,,,,,,,,,,,,,,,,,,,,,,,,,,,,,,,,,,,,,,,,,,,,,,
2005-2006,Bundesliga,Werder Bremen,Tim Borowski,de GER,MF,25.0,,31.0,2665.0,29.6,10.0,9.0,19.0,10.0,0.0,1.0,10.0,0.0,,,,0.34,0.3,0.64,0.34,0.64,Matches,31.0,,,,,,,,,,,,,,,,,,,,,,,,,,,,,,,,,,,,,,,,,,,,,,,,
2005-2006,Bundesliga,Werder Bremen,Johan Micoud,fr FRA,MF,32.0,,30.0,2521.0,28.0,8.0,14.0,22.0,8.0,0.0,1.0,4.0,0.0,,,,0.29,0.5,0.79,0.29,0.79,Matches,30.0,,,,,,,,,,,,,,,,,,,,,,,,,,,,,,,,,,,,,,,,,,,,,,,,
2005-2006,Bundesliga,Werder Bremen,Christian Schulz,de GER,"DF,MF",22.0,,29.0,2500.0,27.8,0.0,1.0,1.0,0.0,0.0,0.0,9.0,0.0,,,,0.0,0.04,0.04,0.0,0.04,Matches,30.0,,,,,,,,,,,,,,,,,,,,,,,,,,,,,,,,,,,,,,,,,,,,,,,,
2005-2006,Bundesliga,Werder Bremen,Torsten Frings,de GER,MF,28.0,,28.0,2299.0,25.5,3.0,7.0,10.0,2.0,1.0,1.0,7.0,1.0,,,,0.12,0.27,0.39,0.08,0.35,Matches,28.0,,,,,,,,,,,,,,,,,,,,,,,,,,,,,,,,,,,,,,,,,,,,,,,,
2005-2006,Bundesliga,Werder Bremen,Patrick Owomoyela,de GER,"DF,MF",25.0,,27.0,2435.0,27.1,0.0,3.0,3.0,0.0,0.0,0.0,5.0,0.0,,,,0.0,0.11,0.11,0.0,0.11,Matches,32.0,,,,,,,,,,,,,,,,,,,,,,,,,,,,,,,,,,,,,,,,,,,,,,,,
2005-2006,Bundesliga,Werder Bremen,Miroslav Klose,de GER,FW,27.0,,25.0,2151.0,23.9,25.0,11.0,36.0,24.0,1.0,2.0,4.0,0.0,,,,1.05,0.46,1.51,1.0,1.46,Matches,26.0,,,,,,,,,,,,,,,,,,,,,,,,,,,,,,,,,,,,,,,,,,,,,,,,
2005-2006,Bundesliga,Werder Bremen,Frank Fahrenhorst,de GER,DF,27.0,,22.0,1990.0,22.1,1.0,0.0,1.0,1.0,0.0,0.0,4.0,1.0,,,,0.05,0.0,0.05,0.05,0.05,Matches,23.0,,,,,,,,,,,,,,,,,,,,,,,,,,,,,,,,,,,,,,,,,,,,,,,,
2005-2006,Bundesliga,Werder Bremen,Ivan Klasnić,hr CRO,FW,25.0,,21.0,1962.0,21.8,15.0,5.0,20.0,15.0,0.0,0.0,1.0,0.0,,,,0.69,0.23,0.92,0.69,0.92,Matches,30.0,,,,,,,,,,,,,,,,,,,,,,,,,,,,,,,,,,,,,,,,,,,,,,,,
2005-2006,Bundesliga,Werder Bremen,Andreas Reinke,de GER,GK,36.0,,20.0,1791.0,19.9,0.0,0.0,0.0,0.0,0.0,0.0,0.0,0.0,,,,0.0,0.0,0.0,0.0,0.0,Matches,20.0,,,,,,,,,,,,,,,,,,,,,,,,,,,,,,,,,,,,,,,,,,,,,,,,
2005-2006,Bundesliga,Werder Bremen,Nelson Valdez,py PAR,FW,21.0,,20.0,1785.0,19.8,9.0,2.0,11.0,9.0,0.0,0.0,3.0,0.0,,,,0.45,0.1,0.55,0.45,0.55,Matches,30.0,,,,,,,,,,,,,,,,,,,,,,,,,,,,,,,,,,,,,,,,,,,,,,,,
2005-2006,Bundesliga,Werder Bremen,Frank Baumann,de GER,"DF,MF",29.0,,19.0,1550.0,17.2,2.0,0.0,2.0,2.0,0.0,0.0,5.0,0.0,,,,0.12,0.0,0.12,0.12,0.12,Matches,19.0,,,,,,,,,,,,,,,,,,,,,,,,,,,,,,,,,,,,,,,,,,,,,,,,
2005-2006,Bundesliga,Werder Bremen,Jurica Vranješ,hr CRO,MF,25.0,,14.0,1407.0,15.6,1.0,0.0,1.0,1.0,0.0,0.0,4.0,0.0,,,,0.06,0.0,0.06,0.06,0.06,Matches,29.0,,,,,,,,,,,,,,,,,,,,,,,,,,,,,,,,,,,,,,,,,,,,,,,,
2005-2006,Bundesliga,Werder Bremen,Petri Pasanen,fi FIN,DF,24.0,,14.0,1323.0,14.7,0.0,0.0,0.0,0.0,0.0,0.0,3.0,0.0,,,,0.0,0.0,0.0,0.0,0.0,Matches,17.0,,,,,,,,,,,,,,,,,,,,,,,,,,,,,,,,,,,,,,,,,,,,,,,,
2005-2006,Bundesliga,Werder Bremen,Tim Wiese,de GER,GK,23.0,,14.0,1207.0,13.4,0.0,0.0,0.0,0.0,0.0,0.0,0.0,0.0,,,,0.0,0.0,0.0,0.0,0.0,Matches,15.0,,,,,,,,,,,,,,,,,,,,,,,,,,,,,,,,,,,,,,,,,,,,,,,,
2005-2006,Bundesliga,Werder Bremen,Daniel Jensen,dk DEN,MF,26.0,,12.0,1388.0,15.4,1.0,2.0,3.0,1.0,0.0,0.0,1.0,0.0,,,,0.06,0.13,0.19,0.06,0.19,Matches,27.0,,,,,,,,,,,,,,,,,,,,,,,,,,,,,,,,,,,,,,,,,,,,,,,,
2005-2006,Bundesliga,Werder Bremen,Leon Andreasen,dk DEN,"DF,MF",22.0,,11.0,1087.0,12.1,0.0,0.0,0.0,0.0,0.0,0.0,4.0,0.0,,,,0.0,0.0,0.0,0.0,0.0,Matches,18.0,,,,,,,,,,,,,,,,,,,,,,,,,,,,,,,,,,,,,,,,,,,,,,,,
2005-2006,Bundesliga,Werder Bremen,Jelle Van Damme,be BEL,"DF,MF",21.0,,3.0,337.0,3.7,1.0,0.0,1.0,1.0,0.0,0.0,1.0,0.0,,,,0.27,0.0,0.27,0.27,0.27,Matches,8.0,,,,,,,,,,,,,,,,,,,,,,,,,,,,,,,,,,,,,,,,,,,,,,,,
2005-2006,Bundesliga,Werder Bremen,Aaron Hunt,de GER,"FW,MF",18.0,,1.0,232.0,2.6,0.0,0.0,0.0,0.0,0.0,0.0,0.0,0.0,,,,0.0,0.0,0.0,0.0,0.0,Matches,7.0,,,,,,,,,,,,,,,,,,,,,,,,,,,,,,,,,,,,,,,,,,,,,,,,
2005-2006,Bundesliga,Werder Bremen,Ümit Davala,tr TUR,"DF,MF",32.0,,1.0,83.0,0.9,0.0,0.0,0.0,0.0,0.0,0.0,0.0,0.0,,,,0.0,0.0,0.0,0.0,0.0,Matches,1.0,,,,,,,,,,,,,,,,,,,,,,,,,,,,,,,,,,,,,,,,,,,,,,,,
2005-2006,Bundesliga,Werder Bremen,Christian Vander,de GER,GK,24.0,,0.0,62.0,0.7,0.0,0.0,0.0,0.0,0.0,0.0,0.0,0.0,,,,0.0,0.0,0.0,0.0,0.0,Matches,1.0,,,,,,,,,,,,,,,,,,,,,,,,,,,,,,,,,,,,,,,,,,,,,,,,
2005-2006,Bundesliga,Werder Bremen,Pekka Lagerblom,fi FIN,"DF,MF",22.0,,0.0,55.0,0.6,0.0,0.0,0.0,0.0,0.0,0.0,0.0,0.0,,,,0.0,0.0,0.0,0.0,0.0,Matches,3.0,,,,,,,,,,,,,,,,,,,,,,,,,,,,,,,,,,,,,,,,,,,,,,,,
2005-2006,Bundesliga,Werder Bremen,Jérome Polenz,de GER,"DF,MF",18.0,,0.0,35.0,0.4,0.0,0.0,0.0,0.0,0.0,0.0,0.0,0.0,,,,0.0,0.0,0.0,0.0,0.0,Matches,3.0,,,,,,,,,,,,,,,,,,,,,,,,,,,,,,,,,,,,,,,,,,,,,,,,
2005-2006,Bundesliga,Werder Bremen,Squad Total,,,26.3,,374.0,,,78.0,55.0,133.0,76.0,2.0,5.0,67.0,2.0,,,,2.29,1.62,3.91,2.24,3.85,,34.0,,,,,,,,,,,,,,,,,,,,,,,,,,,,,,,,,,,,,,,,,,,,,,,,
2005-2006,Bundesliga,Werder Bremen,Opponent Total,,,26.8,,374.0,,,,,,,,,,,,,,,,,,,,34.0,,,,,,,,,,,,,,,,,,,,,,,,,,,,,,,,,,,,,,,,,,,,,,,,
2005-2006,Bundesliga,Hamburger SV,Sergej Barbarez,ba BIH,"FW,MF",33.0,33.0,33.0,2879.0,32.0,9.0,11.0,20.0,7.0,2.0,2.0,9.0,0.0,,,,0.28,0.34,0.63,0.22,0.56,Matches,,,,,,,,,,,,,,,,,,,,,,,,,,,,,,,,,,,,,,,,,,,,,,,,,
2005-2006,Bundesliga,Hamburger SV,Timothée Atouba,cm CMR,DF,23.0,31.0,31.0,2771.0,30.8,1.0,1.0,2.0,1.0,0.0,0.0,7.0,0.0,,,,0.03,0.03,0.06,0.03,0.06,Matches,,,,,,,,,,,,,,,,,,,,,,,,,,,,,,,,,,,,,,,,,,,,,,,,,
2005-2006,Bundesliga,Hamburger SV,David Jarolím,cz CZE,MF,26.0,31.0,31.0,2732.0,30.4,2.0,5.0,7.0,2.0,0.0,0.0,10.0,0.0,,,,0.07,0.16,0.23,0.07,0.23,Matches,,,,,,,,,,,,,,,,,,,,,,,,,,,,,,,,,,,,,,,,,,,,,,,,,
2005-2006,Bundesliga,Hamburger SV,Mehdi Mahdavikia,ir IRN,"DF,MF",28.0,31.0,28.0,2479.0,27.5,5.0,5.0,10.0,4.0,1.0,1.0,3.0,0.0,,,,0.18,0.18,0.36,0.15,0.33,Matches,,,,,,,,,,,,,,,,,,,,,,,,,,,,,,,,,,,,,,,,,,,,,,,,,
2005-2006,Bundesliga,Hamburger SV,Khalid Boulahrouz,nl NED,DF,23.0,28.0,28.0,2468.0,27.4,0.0,0.0,0.0,0.0,0.0,0.0,7.0,0.0,,,,0.0,0.0,0.0,0.0,0.0,Matches,,,,,,,,,,,,,,,,,,,,,,,,,,,,,,,,,,,,,,,,,,,,,,,,,
2005-2006,Bundesliga,Hamburger SV,Daniel Van Buyten,be BEL,DF,27.0,27.0,26.0,2390.0,26.6,2.0,0.0,2.0,2.0,0.0,0.0,2.0,1.0,,,,0.08,0.0,0.08,0.08,0.08,Matches,,,,,,,,,,,,,,,,,,,,,,,,,,,,,,,,,,,,,,,,,,,,,,,,,
2005-2006,Bundesliga,Hamburger SV,Piotr Trochowski,de GER,MF,21.0,32.0,24.0,2117.0,23.5,5.0,5.0,10.0,5.0,0.0,0.0,1.0,0.0,,,,0.21,0.21,0.43,0.21,0.43,Matches,,,,,,,,,,,,,,,,,,,,,,,,,,,,,,,,,,,,,,,,,,,,,,,,,
2005-2006,Bundesliga,Hamburger SV,Benjamin Lauth,de GER,FW,23.0,31.0,22.0,1915.0,21.3,7.0,2.0,9.0,7.0,0.0,0.0,5.0,0.0,,,,0.33,0.09,0.42,0.33,0.42,Matches,,,,,,,,,,,,,,,,,,,,,,,,,,,,,,,,,,,,,,,,,,,,,,,,,
2005-2006,Bundesliga,Hamburger SV,Stefan Wächter,de GER,GK,27.0,20.0,20.0,1800.0,20.0,0.0,0.0,0.0,0.0,0.0,0.0,0.0,0.0,,,,0.0,0.0,0.0,0.0,0.0,Matches,,,,,,,,,,,,,,,,,,,,,,,,,,,,,,,,,,,,,,,,,,,,,,,,,
2005-2006,Bundesliga,Hamburger SV,Guy Demel,ci CIV,"DF,MF",24.0,22.0,20.0,1752.0,19.5,1.0,2.0,3.0,1.0,0.0,0.0,4.0,0.0,,,,0.05,0.1,0.15,0.05,0.15,Matches,,,,,,,,,,,,,,,,,,,,,,,,,,,,,,,,,,,,,,,,,,,,,,,,,
2005-2006,Bundesliga,Hamburger SV,Rafael van der Vaart,nl NED,MF,22.0,19.0,18.0,1446.0,16.1,8.0,2.0,10.0,6.0,2.0,2.0,4.0,1.0,,,,0.5,0.12,0.62,0.37,0.5,Matches,,,,,,,,,,,,,,,,,,,,,,,,,,,,,,,,,,,,,,,,,,,,,,,,,
2005-2006,Bundesliga,Hamburger SV,Raphaël Wicky,ch SUI,"DF,MF",28.0,18.0,17.0,1391.0,15.5,1.0,0.0,1.0,1.0,0.0,0.0,5.0,0.0,,,,0.06,0.0,0.06,0.06,0.06,Matches,,,,,,,,,,,,,,,,,,,,,,,,,,,,,,,,,,,,,,,,,,,,,,,,,
2005-2006,Bundesliga,Hamburger SV,Stefan Beinlich,de GER,MF,33.0,16.0,16.0,1413.0,15.7,0.0,1.0,1.0,0.0,0.0,0.0,5.0,0.0,,,,0.0,0.06,0.06,0.0,0.06,Matches,,,,,,,,,,,,,,,,,,,,,,,,,,,,,,,,,,,,,,,,,,,,,,,,,
2005-2006,Bundesliga,Hamburger SV,Sascha Kirschstein,de GER,GK,25.0,14.0,14.0,1260.0,14.0,0.0,0.0,0.0,0.0,0.0,0.0,1.0,0.0,,,,0.0,0.0,0.0,0.0,0.0,Matches,,,,,,,,,,,,,,,,,,,,,,,,,,,,,,,,,,,,,,,,,,,,,,,,,
2005-2006,Bundesliga,Hamburger SV,Nigel de Jong,nl NED,MF,20.0,12.0,12.0,954.0,10.6,1.0,0.0,1.0,1.0,0.0,0.0,6.0,0.0,,,,0.09,0.0,0.09,0.09,0.09,Matches,,,,,,,,,,,,,,,,,,,,,,,,,,,,,,,,,,,,,,,,,,,,,,,,,
2005-2006,Bundesliga,Hamburger SV,Aílton Gonçalves,br BRA,FW,32.0,13.0,9.0,823.0,9.1,3.0,0.0,3.0,3.0,0.0,0.0,1.0,0.0,,,,0.33,0.0,0.33,0.33,0.33,Matches,,,,,,,,,,,,,,,,,,,,,,,,,,,,,,,,,,,,,,,,,,,,,,,,,
2005-2006,Bundesliga,Hamburger SV,Bastian Reinhardt,de GER,DF,29.0,14.0,8.0,769.0,8.5,0.0,1.0,1.0,0.0,0.0,0.0,0.0,0.0,,,,0.0,0.12,0.12,0.0,0.12,Matches,,,,,,,,,,,,,,,,,,,,,,,,,,,,,,,,,,,,,,,,,,,,,,,,,
2005-2006,Bundesliga,Hamburger SV,René Klingbeil,de GER,DF,24.0,18.0,6.0,729.0,8.1,0.0,1.0,1.0,0.0,0.0,0.0,2.0,0.0,,,,0.0,0.12,0.12,0.0,0.12,Matches,,,,,,,,,,,,,,,,,,,,,,,,,,,,,,,,,,,,,,,,,,,,,,,,,
2005-2006,Bundesliga,Hamburger SV,Naohiro Takahara,jp JPN,FW,26.0,21.0,6.0,678.0,7.5,1.0,1.0,2.0,1.0,0.0,0.0,1.0,0.0,,,,0.13,0.13,0.27,0.13,0.27,Matches,,,,,,,,,,,,,,,,,,,,,,,,,,,,,,,,,,,,,,,,,,,,,,,,,
2005-2006,Bundesliga,Hamburger SV,Émile Mpenza,be BEL,FW,27.0,10.0,5.0,446.0,5.0,1.0,1.0,2.0,1.0,0.0,0.0,0.0,0.0,,,,0.2,0.2,0.4,0.2,0.4,Matches,,,,,,,,,,,,,,,,,,,,,,,,,,,,,,,,,,,,,,,,,,,,,,,,,
2005-2006,Bundesliga,Hamburger SV,Reto Ziegler,ch SUI,"DF,MF",19.0,8.0,0.0,148.0,1.6,0.0,0.0,0.0,0.0,0.0,0.0,0.0,0.0,,,,0.0,0.0,0.0,0.0,0.0,Matches,,,,,,,,,,,,,,,,,,,,,,,,,,,,,,,,,,,,,,,,,,,,,,,,,
2005-2006,Bundesliga,Hamburger SV,Mustafa Kučuković,de GER,FW,18.0,5.0,0.0,128.0,1.4,1.0,0.0,1.0,1.0,0.0,0.0,0.0,0.0,,,,0.7,0.0,0.7,0.7,0.7,Matches,,,,,,,,,,,,,,,,,,,,,,,,,,,,,,,,,,,,,,,,,,,,,,,,,
2005-2006,Bundesliga,Hamburger SV,Alexander Laas,de GER,MF,21.0,5.0,0.0,113.0,1.3,0.0,0.0,0.0,0.0,0.0,0.0,0.0,0.0,,,,0.0,0.0,0.0,0.0,0.0,Matches,,,,,,,,,,,,,,,,,,,,,,,,,,,,,,,,,,,,,,,,,,,,,,,,,
2005-2006,Bundesliga,Hamburger SV,Mario Fillinger,de GER,"DF,MF",20.0,2.0,0.0,22.0,0.2,0.0,0.0,0.0,0.0,0.0,0.0,0.0,0.0,,,,0.0,0.0,0.0,0.0,0.0,Matches,,,,,,,,,,,,,,,,,,,,,,,,,,,,,,,,,,,,,,,,,,,,,,,,,
2005-2006,Bundesliga,Hamburger SV,Charles Takyi,gh GHA,MF,20.0,1.0,0.0,19.0,0.2,0.0,0.0,0.0,0.0,0.0,0.0,0.0,0.0,,,,0.0,0.0,0.0,0.0,0.0,Matches,,,,,,,,,,,,,,,,,,,,,,,,,,,,,,,,,,,,,,,,,,,,,,,,,
2005-2006,Bundesliga,Hamburger SV,Markus Karl,de GER,"DF,MF",19.0,3.0,0.0,16.0,0.2,0.0,0.0,0.0,0.0,0.0,0.0,0.0,0.0,,,,0.0,0.0,0.0,0.0,0.0,Matches,,,,,,,,,,,,,,,,,,,,,,,,,,,,,,,,,,,,,,,,,,,,,,,,,
2005-2006,Bundesliga,Hamburger SV,Squad Total,,,26.3,34.0,374.0,,,48.0,38.0,86.0,43.0,5.0,5.0,69.0,2.0,,,,1.41,1.12,2.53,1.26,2.38,,,,,,,,,,,,,,,,,,,,,,,,,,,,,,,,,,,,,,,,,,,,,,,,,,
2005-2006,Bundesliga,Hamburger SV,Opponent Total,,,26.7,34.0,374.0,,,,,,,,,,,,,,,,,,,,,,,,,,,,,,,,,,,,,,,,,,,,,,,,,,,,,,,,,,,,,,,,,,,,
2005-2006,Bundesliga,Schalke 04,Levan Kobiashvili,ge GEO,"DF,MF",28.0,32.0,32.0,2880.0,32.0,1.0,4.0,5.0,0.0,1.0,2.0,5.0,0.0,,,,0.03,0.12,0.16,0.0,0.12,Matches,,,,,,,,,,,,,,,,,,,,,,,,,,,,,,,,,,,,,,,,,,,,,,,,,
2005-2006,Bundesliga,Schalke 04,Frank Rost,de GER,GK,32.0,32.0,32.0,2880.0,32.0,0.0,0.0,0.0,0.0,0.0,0.0,1.0,0.0,,,,0.0,0.0,0.0,0.0,0.0,Matches,,,,,,,,,,,,,,,,,,,,,,,,,,,,,,,,,,,,,,,,,,,,,,,,,
2005-2006,Bundesliga,Schalke 04,Marcelo Bordon,br BRA,DF,29.0,31.0,31.0,2700.0,30.0,2.0,3.0,5.0,2.0,0.0,0.0,5.0,0.0,,,,0.07,0.1,0.17,0.07,0.17,Matches,,,,,,,,,,,,,,,,,,,,,,,,,,,,,,,,,,,,,,,,,,,,,,,,,
2005-2006,Bundesliga,Schalke 04,Fabian Ernst,de GER,MF,26.0,32.0,30.0,2629.0,29.2,0.0,0.0,0.0,0.0,0.0,0.0,6.0,1.0,,,,0.0,0.0,0.0,0.0,0.0,Matches,,,,,,,,,,,,,,,,,,,,,,,,,,,,,,,,,,,,,,,,,,,,,,,,,
2005-2006,Bundesliga,Schalke 04,Kevin Kurányi,de GER,FW,23.0,30.0,30.0,2494.0,27.7,10.0,3.0,13.0,10.0,0.0,0.0,5.0,0.0,,,,0.36,0.11,0.47,0.36,0.47,Matches,,,,,,,,,,,,,,,,,,,,,,,,,,,,,,,,,,,,,,,,,,,,,,,,,
2005-2006,Bundesliga,Schalke 04,Mladen Krstajić,rs SRB,DF,31.0,29.0,29.0,2565.0,28.5,2.0,1.0,3.0,2.0,0.0,0.0,6.0,0.0,,,,0.07,0.04,0.11,0.07,0.11,Matches,,,,,,,,,,,,,,,,,,,,,,,,,,,,,,,,,,,,,,,,,,,,,,,,,
2005-2006,Bundesliga,Schalke 04,Lincoln,br BRA,MF,26.0,29.0,29.0,2553.0,28.4,5.0,3.0,8.0,5.0,0.0,2.0,4.0,0.0,,,,0.18,0.11,0.28,0.18,0.28,Matches,,,,,,,,,,,,,,,,,,,,,,,,,,,,,,,,,,,,,,,,,,,,,,,,,
2005-2006,Bundesliga,Schalke 04,Rafinha,br BRA,DF,19.0,29.0,28.0,2443.0,27.1,0.0,4.0,4.0,0.0,0.0,0.0,4.0,1.0,,,,0.0,0.15,0.15,0.0,0.15,Matches,,,,,,,,,,,,,,,,,,,,,,,,,,,,,,,,,,,,,,,,,,,,,,,,,
2005-2006,Bundesliga,Schalke 04,Christian Poulsen,dk DEN,MF,25.0,28.0,26.0,2233.0,24.8,2.0,2.0,4.0,2.0,0.0,0.0,15.0,2.0,,,,0.08,0.08,0.16,0.08,0.16,Matches,,,,,,,,,,,,,,,,,,,,,,,,,,,,,,,,,,,,,,,,,,,,,,,,,
2005-2006,Bundesliga,Schalke 04,Darío Rodríguez,uy URU,DF,30.0,22.0,19.0,1715.0,19.1,1.0,0.0,1.0,1.0,0.0,0.0,5.0,0.0,,,,0.05,0.0,0.05,0.05,0.05,Matches,,,,,,,,,,,,,,,,,,,,,,,,,,,,,,,,,,,,,,,,,,,,,,,,,
2005-2006,Bundesliga,Schalke 04,Zlatan Bajramović,ba BIH,MF,25.0,25.0,16.0,1294.0,14.4,4.0,1.0,5.0,4.0,0.0,0.0,5.0,2.0,,,,0.28,0.07,0.35,0.28,0.35,Matches,,,,,,,,,,,,,,,,,,,,,,,,,,,,,,,,,,,,,,,,,,,,,,,,,
2005-2006,Bundesliga,Schalke 04,Gerald Asamoah,de GER,"FW,MF",26.0,24.0,15.0,1374.0,15.3,3.0,3.0,6.0,3.0,0.0,0.0,5.0,0.0,,,,0.2,0.2,0.39,0.2,0.39,Matches,,,,,,,,,,,,,,,,,,,,,,,,,,,,,,,,,,,,,,,,,,,,,,,,,
2005-2006,Bundesliga,Schalke 04,Hamit Altıntop,tr TUR,"DF,MF",22.0,22.0,15.0,1351.0,15.0,1.0,1.0,2.0,1.0,0.0,0.0,5.0,0.0,,,,0.07,0.07,0.13,0.07,0.13,Matches,,,,,,,,,,,,,,,,,,,,,,,,,,,,,,,,,,,,,,,,,,,,,,,,,
2005-2006,Bundesliga,Schalke 04,Gustavo Varela,uy URU,MF,27.0,27.0,14.0,1309.0,14.5,0.0,1.0,1.0,0.0,0.0,0.0,1.0,0.0,,,,0.0,0.07,0.07,0.0,0.07,Matches,,,,,,,,,,,,,,,,,,,,,,,,,,,,,,,,,,,,,,,,,,,,,,,,,
2005-2006,Bundesliga,Schalke 04,Ebbe Sand,dk DEN,FW,33.0,30.0,12.0,1331.0,14.8,4.0,3.0,7.0,4.0,0.0,0.0,2.0,0.0,,,,0.27,0.2,0.47,0.27,0.47,Matches,,,,,,,,,,,,,,,,,,,,,,,,,,,,,,,,,,,,,,,,,,,,,,,,,
2005-2006,Bundesliga,Schalke 04,Søren Larsen,dk DEN,FW,23.0,30.0,11.0,1320.0,14.7,10.0,2.0,12.0,9.0,1.0,1.0,1.0,0.0,,,,0.68,0.14,0.82,0.61,0.75,Matches,,,,,,,,,,,,,,,,,,,,,,,,,,,,,,,,,,,,,,,,,,,,,,,,,
2005-2006,Bundesliga,Schalke 04,Mimoun Azaouagh,de GER,MF,22.0,4.0,3.0,207.0,2.3,0.0,0.0,0.0,0.0,0.0,0.0,0.0,0.0,,,,0.0,0.0,0.0,0.0,0.0,Matches,,,,,,,,,,,,,,,,,,,,,,,,,,,,,,,,,,,,,,,,,,,,,,,,,
2005-2006,Bundesliga,Schalke 04,Christofer Heimeroth,de GER,GK,23.0,2.0,2.0,180.0,2.0,0.0,0.0,0.0,0.0,0.0,0.0,0.0,0.0,,,,0.0,0.0,0.0,0.0,0.0,Matches,,,,,,,,,,,,,,,,,,,,,,,,,,,,,,,,,,,,,,,,,,,,,,,,,
2005-2006,Bundesliga,Schalke 04,Tomasz Wałdoch,pl POL,DF,34.0,2.0,0.0,27.0,0.3,1.0,0.0,1.0,1.0,0.0,0.0,0.0,0.0,,,,3.33,0.0,3.33,3.33,3.33,Matches,,,,,,,,,,,,,,,,,,,,,,,,,,,,,,,,,,,,,,,,,,,,,,,,,
2005-2006,Bundesliga,Schalke 04,Thomas Kläsener,de GER,DF,28.0,3.0,0.0,17.0,0.2,0.0,0.0,0.0,0.0,0.0,0.0,0.0,0.0,,,,0.0,0.0,0.0,0.0,0.0,Matches,,,,,,,,,,,,,,,,,,,,,,,,,,,,,,,,,,,,,,,,,,,,,,,,,
2005-2006,Bundesliga,Schalke 04,Sebastian Boenisch,pl POL,DF,18.0,1.0,0.0,8.0,0.1,0.0,,,0.0,0.0,,0.0,0.0,,,,0.0,,,0.0,,Matches,,,,,,,,,,,,,,,,,,,,,,,,,,,,,,,,,,,,,,,,,,,,,,,,,
2005-2006,Bundesliga,Schalke 04,Alexander Baumjohann,de GER,MF,18.0,1.0,0.0,4.0,0.0,0.0,,,0.0,0.0,,0.0,0.0,,,,0.0,,,0.0,,Matches,,,,,,,,,,,,,,,,,,,,,,,,,,,,,,,,,,,,,,,,,,,,,,,,,
2005-2006,Bundesliga,Schalke 04,Joseph Laumann,de GER,FW,21.0,1.0,0.0,1.0,0.0,0.0,,,0.0,0.0,,0.0,0.0,,,,0.0,,,0.0,,Matches,,,,,,,,,,,,,,,,,,,,,,,,,,,,,,,,,,,,,,,,,,,,,,,,,
2005-2006,Bundesliga,Schalke 04,Squad Total,,,27.1,34.0,374.0,,,46.0,31.0,77.0,44.0,2.0,5.0,67.0,6.0,,,,1.35,0.91,2.26,1.29,2.21,,,,,,,,,,,,,,,,,,,,,,,,,,,,,,,,,,,,,,,,,,,,,,,,,,
2005-2006,Bundesliga,Schalke 04,Opponent Total,,,26.7,34.0,374.0,,,,,,,,,,,,,,,,,,,,,,,,,,,,,,,,,,,,,,,,,,,,,,,,,,,,,,,,,,,,,,,,,,,,
2005-2006,Bundesliga,Leverkusen,Hans-Jörg Butt,de GER,GK,31.0,34.0,34.0,3060.0,34.0,1.0,0.0,1.0,0.0,1.0,1.0,1.0,0.0,,,,0.03,0.0,0.03,0.0,0.0,Matches,,,,,,,,,,,,,,,,,,,,,,,,,,,,,,,,,,,,,,,,,,,,,,,,,
2005-2006,Bundesliga,Leverkusen,Dimitar Berbatov,bg BUL,FW,24.0,34.0,34.0,3059.0,34.0,21.0,6.0,27.0,17.0,4.0,5.0,3.0,0.0,,,,0.62,0.18,0.79,0.5,0.68,Matches,,,,,,,,,,,,,,,,,,,,,,,,,,,,,,,,,,,,,,,,,,,,,,,,,
2005-2006,Bundesliga,Leverkusen,Juan,br BRA,DF,26.0,30.0,30.0,2591.0,28.8,3.0,3.0,6.0,3.0,0.0,0.0,6.0,0.0,,,,0.1,0.1,0.21,0.1,0.21,Matches,,,,,,,,,,,,,,,,,,,,,,,,,,,,,,,,,,,,,,,,,,,,,,,,,
2005-2006,Bundesliga,Leverkusen,Simon Rolfes,de GER,MF,23.0,32.0,29.0,2613.0,29.0,7.0,4.0,11.0,7.0,0.0,0.0,4.0,0.0,,,,0.24,0.14,0.38,0.24,0.38,Matches,,,,,,,,,,,,,,,,,,,,,,,,,,,,,,,,,,,,,,,,,,,,,,,,,
2005-2006,Bundesliga,Leverkusen,Bernd Schneider,de GER,"DF,MF",31.0,29.0,29.0,2587.0,28.7,4.0,6.0,10.0,4.0,0.0,0.0,4.0,1.0,,,,0.14,0.21,0.35,0.14,0.35,Matches,,,,,,,,,,,,,,,,,,,,,,,,,,,,,,,,,,,,,,,,,,,,,,,,,
2005-2006,Bundesliga,Leverkusen,Tranquillo Barnetta,ch SUI,MF,20.0,31.0,26.0,2165.0,24.1,6.0,7.0,13.0,6.0,0.0,0.0,5.0,0.0,,,,0.25,0.29,0.54,0.25,0.54,Matches,,,,,,,,,,,,,,,,,,,,,,,,,,,,,,,,,,,,,,,,,,,,,,,,,
2005-2006,Bundesliga,Leverkusen,Andriy Voronin,ua UKR,"FW,MF",26.0,29.0,25.0,2193.0,24.4,7.0,5.0,12.0,7.0,0.0,0.0,6.0,0.0,,,,0.29,0.21,0.49,0.29,0.49,Matches,,,,,,,,,,,,,,,,,,,,,,,,,,,,,,,,,,,,,,,,,,,,,,,,,
2005-2006,Bundesliga,Leverkusen,Clemens Fritz,de GER,"DF,MF",24.0,29.0,24.0,2167.0,24.1,1.0,0.0,1.0,1.0,0.0,0.0,2.0,0.0,,,,0.04,0.0,0.04,0.04,0.04,Matches,,,,,,,,,,,,,,,,,,,,,,,,,,,,,,,,,,,,,,,,,,,,,,,,,
2005-2006,Bundesliga,Leverkusen,Carsten Ramelow,de GER,"DF,MF",31.0,25.0,23.0,2056.0,22.8,1.0,0.0,1.0,1.0,0.0,0.0,8.0,0.0,,,,0.04,0.0,0.04,0.04,0.04,Matches,,,,,,,,,,,,,,,,,,,,,,,,,,,,,,,,,,,,,,,,,,,,,,,,,
2005-2006,Bundesliga,Leverkusen,Paul Freier,de GER,MF,26.0,29.0,20.0,1864.0,20.7,6.0,6.0,12.0,6.0,0.0,0.0,5.0,0.0,,,,0.29,0.29,0.58,0.29,0.58,Matches,,,,,,,,,,,,,,,,,,,,,,,,,,,,,,,,,,,,,,,,,,,,,,,,,
2005-2006,Bundesliga,Leverkusen,Athirson,br BRA,"DF,MF",28.0,18.0,15.0,1246.0,13.8,1.0,4.0,5.0,1.0,0.0,0.0,3.0,0.0,,,,0.07,0.29,0.36,0.07,0.36,Matches,,,,,,,,,,,,,,,,,,,,,,,,,,,,,,,,,,,,,,,,,,,,,,,,,
2005-2006,Bundesliga,Leverkusen,Gonzalo Castro,de GER,"DF,MF",18.0,21.0,14.0,1317.0,14.6,0.0,1.0,1.0,0.0,0.0,0.0,4.0,0.0,,,,0.0,0.07,0.07,0.0,0.07,Matches,,,,,,,,,,,,,,,,,,,,,,,,,,,,,,,,,,,,,,,,,,,,,,,,,
2005-2006,Bundesliga,Leverkusen,Roque Júnior,br BRA,DF,28.0,15.0,14.0,1219.0,13.5,0.0,0.0,0.0,0.0,0.0,0.0,1.0,1.0,,,,0.0,0.0,0.0,0.0,0.0,Matches,,,,,,,,,,,,,,,,,,,,,,,,,,,,,,,,,,,,,,,,,,,,,,,,,
2005-2006,Bundesliga,Leverkusen,Fredrik Stenman,se SWE,DF,22.0,15.0,14.0,1205.0,13.4,0.0,0.0,0.0,0.0,0.0,0.0,2.0,0.0,,,,0.0,0.0,0.0,0.0,0.0,Matches,,,,,,,,,,,,,,,,,,,,,,,,,,,,,,,,,,,,,,,,,,,,,,,,,
2005-2006,Bundesliga,Leverkusen,Jens Nowotny,de GER,DF,31.0,14.0,13.0,1105.0,12.3,0.0,0.0,0.0,0.0,0.0,0.0,3.0,0.0,,,,0.0,0.0,0.0,0.0,0.0,Matches,,,,,,,,,,,,,,,,,,,,,,,,,,,,,,,,,,,,,,,,,,,,,,,,,
2005-2006,Bundesliga,Leverkusen,Marko Babić,hr CRO,"DF,MF",24.0,27.0,11.0,1150.0,12.8,1.0,2.0,3.0,1.0,0.0,0.0,4.0,1.0,,,,0.08,0.16,0.23,0.08,0.23,Matches,,,,,,,,,,,,,,,,,,,,,,,,,,,,,,,,,,,,,,,,,,,,,,,,,
2005-2006,Bundesliga,Leverkusen,Ahmed Reda Madouni,dz ALG,DF,24.0,14.0,10.0,950.0,10.6,1.0,0.0,1.0,1.0,0.0,0.0,1.0,0.0,,,,0.09,0.0,0.09,0.09,0.09,Matches,,,,,,,,,,,,,,,,,,,,,,,,,,,,,,,,,,,,,,,,,,,,,,,,,
2005-2006,Bundesliga,Leverkusen,Jacek Krzynówek,pl POL,"FW,MF",29.0,21.0,8.0,873.0,9.7,3.0,1.0,4.0,3.0,0.0,0.0,0.0,0.0,,,,0.31,0.1,0.41,0.31,0.41,Matches,,,,,,,,,,,,,,,,,,,,,,,,,,,,,,,,,,,,,,,,,,,,,,,,,
2005-2006,Bundesliga,Leverkusen,Danko Lazović,rs SRB,FW,22.0,9.0,1.0,135.0,1.5,0.0,1.0,1.0,0.0,0.0,0.0,0.0,0.0,,,,0.0,0.67,0.67,0.0,0.67,Matches,,,,,,,,,,,,,,,,,,,,,,,,,,,,,,,,,,,,,,,,,,,,,,,,,
2005-2006,Bundesliga,Leverkusen,Michal Papadopulos,cz CZE,FW,20.0,5.0,0.0,57.0,0.6,0.0,0.0,0.0,0.0,0.0,0.0,0.0,0.0,,,,0.0,0.0,0.0,0.0,0.0,Matches,,,,,,,,,,,,,,,,,,,,,,,,,,,,,,,,,,,,,,,,,,,,,,,,,
2005-2006,Bundesliga,Leverkusen,Jan-Ingwer Callsen-Bracker,de GER,DF,20.0,1.0,0.0,26.0,0.3,0.0,0.0,0.0,0.0,0.0,0.0,0.0,0.0,,,,0.0,0.0,0.0,0.0,0.0,Matches,,,,,,,,,,,,,,,,,,,,,,,,,,,,,,,,,,,,,,,,,,,,,,,,,
2005-2006,Bundesliga,Leverkusen,Josip Tadić,hr CRO,FW,17.0,1.0,0.0,6.0,0.1,0.0,,,0.0,0.0,,0.0,0.0,,,,0.0,,,0.0,,Matches,,,,,,,,,,,,,,,,,,,,,,,,,,,,,,,,,,,,,,,,,,,,,,,,,
2005-2006,Bundesliga,Leverkusen,Sascha Dum,de GER,"DF,MF",19.0,1.0,0.0,1.0,0.0,0.0,,,0.0,0.0,,1.0,0.0,,,,0.0,,,0.0,,Matches,,,,,,,,,,,,,,,,,,,,,,,,,,,,,,,,,,,,,,,,,,,,,,,,,
2005-2006,Bundesliga,Leverkusen,Squad Total,,,26.4,34.0,374.0,,,63.0,46.0,109.0,58.0,5.0,6.0,58.0,3.0,,,,1.85,1.35,3.21,1.71,3.06,,,,,,,,,,,,,,,,,,,,,,,,,,,,,,,,,,,,,,,,,,,,,,,,,,
2005-2006,Bundesliga,Leverkusen,Opponent Total,,,26.8,34.0,374.0,,,,,,,,,,,,,,,,,,,,,,,,,,,,,,,,,,,,,,,,,,,,,,,,,,,,,,,,,,,,,,,,,,,,
2005-2006,Bundesliga,Hertha BSC,Marcelinho Paraíba,br BRA,"FW,MF",30.0,32.0,32.0,2751.0,30.6,12.0,10.0,22.0,8.0,4.0,4.0,6.0,1.0,,,,0.39,0.33,0.72,0.26,0.59,Matches,,,,,,,,,,,,,,,,,,,,,,,,,,,,,,,,,,,,,,,,,,,,,,,,,
2005-2006,Bundesliga,Hertha BSC,Arne Friedrich,de GER,DF,26.0,31.0,31.0,2768.0,30.8,1.0,1.0,2.0,1.0,0.0,0.0,3.0,1.0,,,,0.03,0.03,0.07,0.03,0.07,Matches,,,,,,,,,,,,,,,,,,,,,,,,,,,,,,,,,,,,,,,,,,,,,,,,,
2005-2006,Bundesliga,Hertha BSC,Christian Fiedler,de GER,GK,30.0,29.0,29.0,2610.0,29.0,0.0,0.0,0.0,0.0,0.0,0.0,1.0,0.0,,,,0.0,0.0,0.0,0.0,0.0,Matches,,,,,,,,,,,,,,,,,,,,,,,,,,,,,,,,,,,,,,,,,,,,,,,,,
2005-2006,Bundesliga,Hertha BSC,Marko Pantelić,rs SRB,FW,26.0,28.0,26.0,2255.0,25.1,11.0,4.0,15.0,11.0,0.0,0.0,5.0,0.0,,,,0.44,0.16,0.6,0.44,0.6,Matches,,,,,,,,,,,,,,,,,,,,,,,,,,,,,,,,,,,,,,,,,,,,,,,,,
2005-2006,Bundesliga,Hertha BSC,Malik Fathi,de GER,DF,21.0,26.0,26.0,2204.0,24.5,0.0,3.0,3.0,0.0,0.0,0.0,3.0,1.0,,,,0.0,0.12,0.12,0.0,0.12,Matches,,,,,,,,,,,,,,,,,,,,,,,,,,,,,,,,,,,,,,,,,,,,,,,,,
2005-2006,Bundesliga,Hertha BSC,Yıldıray Baştürk,tr TUR,MF,26.0,27.0,25.0,2215.0,24.6,6.0,4.0,10.0,6.0,0.0,0.0,4.0,0.0,,,,0.24,0.16,0.41,0.24,0.41,Matches,,,,,,,,,,,,,,,,,,,,,,,,,,,,,,,,,,,,,,,,,,,,,,,,,
2005-2006,Bundesliga,Hertha BSC,Dick van Burik,nl NED,DF,31.0,25.0,25.0,2002.0,22.2,1.0,0.0,1.0,1.0,0.0,0.0,2.0,0.0,,,,0.04,0.0,0.04,0.04,0.04,Matches,,,,,,,,,,,,,,,,,,,,,,,,,,,,,,,,,,,,,,,,,,,,,,,,,
2005-2006,Bundesliga,Hertha BSC,Niko Kovač,hr CRO,MF,33.0,28.0,24.0,2017.0,22.4,3.0,0.0,3.0,3.0,0.0,0.0,8.0,0.0,,,,0.13,0.0,0.13,0.13,0.13,Matches,,,,,,,,,,,,,,,,,,,,,,,,,,,,,,,,,,,,,,,,,,,,,,,,,
2005-2006,Bundesliga,Hertha BSC,Gilberto,br BRA,"DF,MF",29.0,23.0,23.0,1867.0,20.7,2.0,1.0,3.0,2.0,0.0,0.0,4.0,2.0,,,,0.1,0.05,0.14,0.1,0.14,Matches,,,,,,,,,,,,,,,,,,,,,,,,,,,,,,,,,,,,,,,,,,,,,,,,,
2005-2006,Bundesliga,Hertha BSC,Josip Šimunić,hr CRO,DF,27.0,18.0,18.0,1568.0,17.4,0.0,1.0,1.0,0.0,0.0,0.0,10.0,1.0,,,,0.0,0.06,0.06,0.0,0.06,Matches,,,,,,,,,,,,,,,,,,,,,,,,,,,,,,,,,,,,,,,,,,,,,,,,,
2005-2006,Bundesliga,Hertha BSC,Kevin-Prince Boateng,gh GHA,"FW,MF",18.0,21.0,16.0,1580.0,17.6,2.0,3.0,5.0,2.0,0.0,0.0,7.0,0.0,,,,0.11,0.17,0.28,0.11,0.28,Matches,,,,,,,,,,,,,,,,,,,,,,,,,,,,,,,,,,,,,,,,,,,,,,,,,
2005-2006,Bundesliga,Hertha BSC,Alexander Madlung,de GER,DF,23.0,22.0,14.0,1323.0,14.7,4.0,1.0,5.0,4.0,0.0,0.0,4.0,2.0,,,,0.27,0.07,0.34,0.27,0.34,Matches,,,,,,,,,,,,,,,,,,,,,,,,,,,,,,,,,,,,,,,,,,,,,,,,,
2005-2006,Bundesliga,Hertha BSC,Oliver Schröder,de GER,"DF,MF",25.0,18.0,14.0,1163.0,12.9,1.0,0.0,1.0,1.0,0.0,0.0,1.0,0.0,,,,0.08,0.0,0.08,0.08,0.08,Matches,,,,,,,,,,,,,,,,,,,,,,,,,,,,,,,,,,,,,,,,,,,,,,,,,
2005-2006,Bundesliga,Hertha BSC,Ellery Cairo,nl NED,"FW,MF",26.0,18.0,14.0,1112.0,12.4,1.0,2.0,3.0,1.0,0.0,0.0,3.0,0.0,,,,0.08,0.16,0.24,0.08,0.24,Matches,,,,,,,,,,,,,,,,,,,,,,,,,,,,,,,,,,,,,,,,,,,,,,,,,
2005-2006,Bundesliga,Hertha BSC,Sofian Chahed,tn TUN,"DF,MF",22.0,15.0,12.0,1215.0,13.5,0.0,1.0,1.0,0.0,0.0,0.0,2.0,0.0,,,,0.0,0.07,0.07,0.0,0.07,Matches,,,,,,,,,,,,,,,,,,,,,,,,,,,,,,,,,,,,,,,,,,,,,,,,,
2005-2006,Bundesliga,Hertha BSC,Pál Dárdai,hu HUN,MF,29.0,16.0,9.0,835.0,9.3,2.0,0.0,2.0,2.0,0.0,0.0,1.0,0.0,,,,0.22,0.0,0.22,0.22,0.22,Matches,,,,,,,,,,,,,,,,,,,,,,,,,,,,,,,,,,,,,,,,,,,,,,,,,
2005-2006,Bundesliga,Hertha BSC,Andreas Neuendorf,de GER,MF,30.0,25.0,7.0,896.0,10.0,1.0,1.0,2.0,1.0,0.0,0.0,6.0,1.0,,,,0.1,0.1,0.2,0.1,0.2,Matches,,,,,,,,,,,,,,,,,,,,,,,,,,,,,,,,,,,,,,,,,,,,,,,,,
2005-2006,Bundesliga,Hertha BSC,Nando Rafael,ao ANG,FW,21.0,12.0,7.0,714.0,7.9,3.0,,,3.0,0.0,0.0,2.0,0.0,,,,0.38,,,0.38,,Matches,,,,,,,,,,,,,,,,,,,,,,,,,,,,,,,,,,,,,,,,,,,,,,,,,
2005-2006,Bundesliga,Hertha BSC,Václav Svěrkoš,cz CZE,FW,21.0,10.0,6.0,460.0,5.1,0.0,,,0.0,0.0,0.0,3.0,0.0,,,,0.0,,,0.0,,Matches,,,,,,,,,,,,,,,,,,,,,,,,,,,,,,,,,,,,,,,,,,,,,,,,,
2005-2006,Bundesliga,Hertha BSC,Gerhard Tremmel,de GER,GK,26.0,5.0,5.0,450.0,5.0,0.0,0.0,0.0,0.0,0.0,0.0,0.0,0.0,,,,0.0,0.0,0.0,0.0,0.0,Matches,,,,,,,,,,,,,,,,,,,,,,,,,,,,,,,,,,,,,,,,,,,,,,,,,
2005-2006,Bundesliga,Hertha BSC,Thorben Marx,de GER,MF,24.0,8.0,4.0,365.0,4.1,0.0,0.0,0.0,0.0,0.0,0.0,2.0,0.0,,,,0.0,0.0,0.0,0.0,0.0,Matches,,,,,,,,,,,,,,,,,,,,,,,,,,,,,,,,,,,,,,,,,,,,,,,,,
2005-2006,Bundesliga,Hertha BSC,Solomon Okoronkwo,ng NGA,FW,18.0,11.0,2.0,397.0,4.4,0.0,1.0,1.0,0.0,0.0,0.0,0.0,0.0,,,,0.0,0.23,0.23,0.0,0.23,Matches,,,,,,,,,,,,,,,,,,,,,,,,,,,,,,,,,,,,,,,,,,,,,,,,,
2005-2006,Bundesliga,Hertha BSC,Christopher Samba,cg CGO,DF,21.0,12.0,2.0,280.0,3.1,0.0,0.0,0.0,0.0,0.0,0.0,2.0,0.0,,,,0.0,0.0,0.0,0.0,0.0,Matches,,,,,,,,,,,,,,,,,,,,,,,,,,,,,,,,,,,,,,,,,,,,,,,,,
2005-2006,Bundesliga,Hertha BSC,Artur Wichniarek,pl POL,FW,28.0,3.0,2.0,141.0,1.6,1.0,0.0,1.0,1.0,0.0,0.0,0.0,0.0,,,,0.64,0.0,0.64,0.64,0.64,Matches,,,,,,,,,,,,,,,,,,,,,,,,,,,,,,,,,,,,,,,,,,,,,,,,,
2005-2006,Bundesliga,Hertha BSC,Andreas Schmidt,de GER,"DF,MF",31.0,1.0,1.0,90.0,1.0,0.0,0.0,0.0,0.0,0.0,0.0,0.0,0.0,,,,0.0,0.0,0.0,0.0,0.0,Matches,,,,,,,,,,,,,,,,,,,,,,,,,,,,,,,,,,,,,,,,,,,,,,,,,
2005-2006,Bundesliga,Hertha BSC,Ashkan Dejagah,ir IRN,"FW,MF",19.0,3.0,0.0,50.0,0.6,0.0,0.0,0.0,0.0,0.0,0.0,0.0,0.0,,,,0.0,0.0,0.0,0.0,0.0,Matches,,,,,,,,,,,,,,,,,,,,,,,,,,,,,,,,,,,,,,,,,,,,,,,,,
2005-2006,Bundesliga,Hertha BSC,Squad Total,,,26.9,34.0,374.0,,,51.0,33.0,84.0,47.0,4.0,4.0,77.0,8.0,,,,1.5,0.97,2.47,1.38,2.35,,,,,,,,,,,,,,,,,,,,,,,,,,,,,,,,,,,,,,,,,,,,,,,,,,
2005-2006,Bundesliga,Hertha BSC,Opponent Total,,,26.6,34.0,374.0,,,,,,,,,,,,,,,,,,,,,,,,,,,,,,,,,,,,,,,,,,,,,,,,,,,,,,,,,,,,,,,,,,,,
2005-2006,Bundesliga,Dortmund,Euzebiusz Smolarek,pl POL,"FW,MF",24.0,34.0,34.0,2964.0,32.9,13.0,4.0,17.0,13.0,0.0,0.0,3.0,0.0,,,,0.39,0.12,0.52,0.39,0.52,Matches,,,,,,,,,,,,,,,,,,,,,,,,,,,,,,,,,,,,,,,,,,,,,,,,,
2005-2006,Bundesliga,Dortmund,Dedê,br BRA,DF,27.0,31.0,31.0,2733.0,30.4,1.0,4.0,5.0,1.0,0.0,0.0,1.0,0.0,,,,0.03,0.13,0.16,0.03,0.16,Matches,,,,,,,,,,,,,,,,,,,,,,,,,,,,,,,,,,,,,,,,,,,,,,,,,
2005-2006,Bundesliga,Dortmund,Florian Kringe,de GER,"DF,MF",22.0,30.0,29.0,2621.0,29.1,5.0,2.0,7.0,5.0,0.0,0.0,3.0,0.0,,,,0.17,0.07,0.24,0.17,0.24,Matches,,,,,,,,,,,,,,,,,,,,,,,,,,,,,,,,,,,,,,,,,,,,,,,,,
2005-2006,Bundesliga,Dortmund,Sebastian Kehl,de GER,"DF,MF",25.0,29.0,29.0,2610.0,29.0,1.0,0.0,1.0,1.0,0.0,0.0,5.0,0.0,,,,0.03,0.0,0.03,0.03,0.03,Matches,,,,,,,,,,,,,,,,,,,,,,,,,,,,,,,,,,,,,,,,,,,,,,,,,
2005-2006,Bundesliga,Dortmund,Christian Wörns,de GER,DF,33.0,28.0,28.0,2520.0,28.0,3.0,1.0,4.0,3.0,0.0,0.0,7.0,0.0,,,,0.11,0.04,0.14,0.11,0.14,Matches,,,,,,,,,,,,,,,,,,,,,,,,,,,,,,,,,,,,,,,,,,,,,,,,,
2005-2006,Bundesliga,Dortmund,Philipp Degen,ch SUI,"DF,FW",22.0,31.0,26.0,2389.0,26.5,1.0,2.0,3.0,1.0,0.0,0.0,2.0,0.0,,,,0.04,0.08,0.11,0.04,0.11,Matches,,,,,,,,,,,,,,,,,,,,,,,,,,,,,,,,,,,,,,,,,,,,,,,,,
2005-2006,Bundesliga,Dortmund,Tomáš Rosický,cz CZE,MF,24.0,28.0,26.0,2312.0,25.7,5.0,6.0,11.0,3.0,2.0,2.0,6.0,1.0,,,,0.19,0.23,0.43,0.12,0.35,Matches,,,,,,,,,,,,,,,,,,,,,,,,,,,,,,,,,,,,,,,,,,,,,,,,,
2005-2006,Bundesliga,Dortmund,David Odonkor,de GER,"FW,MF",21.0,33.0,26.0,2307.0,25.6,1.0,4.0,5.0,1.0,0.0,0.0,4.0,0.0,,,,0.04,0.16,0.2,0.04,0.2,Matches,,,,,,,,,,,,,,,,,,,,,,,,,,,,,,,,,,,,,,,,,,,,,,,,,
2005-2006,Bundesliga,Dortmund,Roman Weidenfeller,de GER,GK,24.0,24.0,24.0,2160.0,24.0,0.0,0.0,0.0,0.0,0.0,0.0,2.0,0.0,,,,0.0,0.0,0.0,0.0,0.0,Matches,,,,,,,,,,,,,,,,,,,,,,,,,,,,,,,,,,,,,,,,,,,,,,,,,
2005-2006,Bundesliga,Dortmund,Nuri Şahin,tr TUR,MF,16.0,23.0,23.0,1860.0,20.7,1.0,3.0,4.0,1.0,0.0,0.0,2.0,0.0,,,,0.05,0.15,0.19,0.05,0.19,Matches,,,,,,,,,,,,,,,,,,,,,,,,,,,,,,,,,,,,,,,,,,,,,,,,,
2005-2006,Bundesliga,Dortmund,Christoph Metzelder,de GER,DF,24.0,23.0,18.0,1589.0,17.7,2.0,1.0,3.0,2.0,0.0,0.0,2.0,0.0,,,,0.11,0.06,0.17,0.11,0.17,Matches,,,,,,,,,,,,,,,,,,,,,,,,,,,,,,,,,,,,,,,,,,,,,,,,,
2005-2006,Bundesliga,Dortmund,Markus Brzenska,de GER,DF,21.0,21.0,18.0,1585.0,17.6,2.0,0.0,2.0,2.0,0.0,0.0,7.0,0.0,,,,0.11,0.0,0.11,0.11,0.11,Matches,,,,,,,,,,,,,,,,,,,,,,,,,,,,,,,,,,,,,,,,,,,,,,,,,
2005-2006,Bundesliga,Dortmund,Delron Buckley,za RSA,"FW,MF",27.0,28.0,18.0,1540.0,17.1,0.0,1.0,1.0,0.0,0.0,0.0,1.0,0.0,,,,0.0,0.06,0.06,0.0,0.06,Matches,,,,,,,,,,,,,,,,,,,,,,,,,,,,,,,,,,,,,,,,,,,,,,,,,
2005-2006,Bundesliga,Dortmund,Dennis Gentenaar,nl NED,GK,29.0,10.0,10.0,900.0,10.0,0.0,0.0,0.0,0.0,0.0,0.0,0.0,0.0,,,,0.0,0.0,0.0,0.0,0.0,Matches,,,,,,,,,,,,,,,,,,,,,,,,,,,,,,,,,,,,,,,,,,,,,,,,,
2005-2006,Bundesliga,Dortmund,Marc-André Kruska,de GER,MF,18.0,24.0,8.0,997.0,11.1,0.0,0.0,0.0,0.0,0.0,0.0,5.0,0.0,,,,0.0,0.0,0.0,0.0,0.0,Matches,,,,,,,,,,,,,,,,,,,,,,,,,,,,,,,,,,,,,,,,,,,,,,,,,
2005-2006,Bundesliga,Dortmund,Lars Ricken,de GER,"FW,MF",29.0,10.0,8.0,603.0,6.7,4.0,1.0,5.0,3.0,1.0,1.0,0.0,0.0,,,,0.6,0.15,0.75,0.45,0.6,Matches,,,,,,,,,,,,,,,,,,,,,,,,,,,,,,,,,,,,,,,,,,,,,,,,,
2005-2006,Bundesliga,Dortmund,Salvatore Gambino,de GER,"FW,MF",21.0,15.0,7.0,667.0,7.4,2.0,0.0,2.0,2.0,0.0,0.0,2.0,0.0,,,,0.27,0.0,0.27,0.27,0.27,Matches,,,,,,,,,,,,,,,,,,,,,,,,,,,,,,,,,,,,,,,,,,,,,,,,,
2005-2006,Bundesliga,Dortmund,Jan Koller,cz CZE,FW,32.0,9.0,6.0,615.0,6.8,4.0,2.0,6.0,4.0,0.0,0.0,0.0,0.0,,,,0.59,0.29,0.88,0.59,0.88,Matches,,,,,,,,,,,,,,,,,,,,,,,,,,,,,,,,,,,,,,,,,,,,,,,,,
2005-2006,Bundesliga,Dortmund,Matthew Amoah,gh GHA,FW,24.0,8.0,4.0,400.0,4.4,0.0,0.0,0.0,0.0,0.0,0.0,0.0,0.0,,,,0.0,0.0,0.0,0.0,0.0,Matches,,,,,,,,,,,,,,,,,,,,,,,,,,,,,,,,,,,,,,,,,,,,,,,,,
2005-2006,Bundesliga,Dortmund,Uwe Hünemeier,de GER,DF,19.0,2.0,1.0,135.0,1.5,0.0,0.0,0.0,0.0,0.0,0.0,0.0,0.0,,,,0.0,0.0,0.0,0.0,0.0,Matches,,,,,,,,,,,,,,,,,,,,,,,,,,,,,,,,,,,,,,,,,,,,,,,,,
2005-2006,Bundesliga,Dortmund,Nizamettin Çalışkan,tr TUR,MF,18.0,2.0,1.0,77.0,0.9,0.0,,,0.0,0.0,,0.0,0.0,,,,0.0,,,0.0,,Matches,,,,,,,,,,,,,,,,,,,,,,,,,,,,,,,,,,,,,,,,,,,,,,,,,
2005-2006,Bundesliga,Dortmund,Cedric van der Gun,nl NED,"FW,MF",26.0,3.0,0.0,70.0,0.8,0.0,1.0,1.0,0.0,0.0,0.0,0.0,0.0,,,,0.0,1.29,1.29,0.0,1.29,Matches,,,,,,,,,,,,,,,,,,,,,,,,,,,,,,,,,,,,,,,,,,,,,,,,,
2005-2006,Bundesliga,Dortmund,Kosi Saka,cd COD,"DF,MF",19.0,5.0,0.0,34.0,0.4,0.0,0.0,0.0,0.0,0.0,0.0,0.0,1.0,,,,0.0,0.0,0.0,0.0,0.0,Matches,,,,,,,,,,,,,,,,,,,,,,,,,,,,,,,,,,,,,,,,,,,,,,,,,
2005-2006,Bundesliga,Dortmund,Marcus Steegmann,de GER,FW,23.0,2.0,0.0,21.0,0.2,0.0,0.0,0.0,0.0,0.0,0.0,0.0,0.0,,,,0.0,0.0,0.0,0.0,0.0,Matches,,,,,,,,,,,,,,,,,,,,,,,,,,,,,,,,,,,,,,,,,,,,,,,,,
2005-2006,Bundesliga,Dortmund,Squad Total,,,24.7,34.0,374.0,,,45.0,32.0,77.0,42.0,3.0,3.0,50.0,2.0,,,,1.32,0.94,2.26,1.24,2.18,,,,,,,,,,,,,,,,,,,,,,,,,,,,,,,,,,,,,,,,,,,,,,,,,,
2005-2006,Bundesliga,Dortmund,Opponent Total,,,26.9,34.0,374.0,,,,,,,,,,,,,,,,,,,,,,,,,,,,,,,,,,,,,,,,,,,,,,,,,,,,,,,,,,,,,,,,,,,,
2005-2006,Bundesliga,Nürnberg,Raphael Schäfer,de GER,GK,26.0,34.0,34.0,3015.0,33.5,0.0,0.0,0.0,0.0,0.0,0.0,4.0,0.0,,,,0.0,0.0,0.0,0.0,0.0,Matches,,,,,,,,,,,,,,,,,,,,,,,,,,,,,,,,,,,,,,,,,,,,,,,,,
2005-2006,Bundesliga,Nürnberg,Jan Polák,cz CZE,MF,24.0,32.0,32.0,2655.0,29.5,1.0,1.0,2.0,1.0,0.0,0.0,5.0,1.0,,,,0.03,0.03,0.07,0.03,0.07,Matches,,,,,,,,,,,,,,,,,,,,,,,,,,,,,,,,,,,,,,,,,,,,,,,,,
2005-2006,Bundesliga,Nürnberg,Mario Cantaluppi,ch SUI,"DF,MF",31.0,32.0,31.0,2787.0,31.0,0.0,4.0,4.0,0.0,0.0,0.0,8.0,0.0,,,,0.0,0.13,0.13,0.0,0.13,Matches,,,,,,,,,,,,,,,,,,,,,,,,,,,,,,,,,,,,,,,,,,,,,,,,,
2005-2006,Bundesliga,Nürnberg,Róbert Vittek,sk SVK,FW,23.0,30.0,24.0,2149.0,23.9,16.0,4.0,20.0,14.0,2.0,3.0,1.0,0.0,,,,0.67,0.17,0.84,0.59,0.75,Matches,,,,,,,,,,,,,,,,,,,,,,,,,,,,,,,,,,,,,,,,,,,,,,,,,
2005-2006,Bundesliga,Nürnberg,Javier Pinola,ar ARG,DF,22.0,25.0,24.0,2070.0,23.0,1.0,2.0,3.0,1.0,0.0,0.0,12.0,0.0,,,,0.04,0.09,0.13,0.04,0.13,Matches,,,,,,,,,,,,,,,,,,,,,,,,,,,,,,,,,,,,,,,,,,,,,,,,,
2005-2006,Bundesliga,Nürnberg,Marek Nikl,cz CZE,DF,29.0,27.0,24.0,2066.0,23.0,2.0,0.0,2.0,2.0,0.0,0.0,5.0,1.0,,,,0.09,0.0,0.09,0.09,0.09,Matches,,,,,,,,,,,,,,,,,,,,,,,,,,,,,,,,,,,,,,,,,,,,,,,,,
2005-2006,Bundesliga,Nürnberg,Dominik Reinhardt,de GER,DF,20.0,24.0,22.0,1916.0,21.3,1.0,0.0,1.0,1.0,0.0,0.0,3.0,0.0,,,,0.05,0.0,0.05,0.05,0.05,Matches,,,,,,,,,,,,,,,,,,,,,,,,,,,,,,,,,,,,,,,,,,,,,,,,,
2005-2006,Bundesliga,Nürnberg,Ivan Saenko,ru RUS,"FW,MF",21.0,25.0,22.0,1892.0,21.0,8.0,6.0,14.0,8.0,0.0,0.0,5.0,0.0,,,,0.38,0.29,0.67,0.38,0.67,Matches,,,,,,,,,,,,,,,,,,,,,,,,,,,,,,,,,,,,,,,,,,,,,,,,,
2005-2006,Bundesliga,Nürnberg,Jawhar Mnari,tn TUN,MF,28.0,23.0,21.0,1746.0,19.4,1.0,1.0,2.0,1.0,0.0,0.0,4.0,0.0,,,,0.05,0.05,0.1,0.05,0.1,Matches,,,,,,,,,,,,,,,,,,,,,,,,,,,,,,,,,,,,,,,,,,,,,,,,,
2005-2006,Bundesliga,Nürnberg,Stefan Kießling,de GER,"FW,MF",21.0,31.0,20.0,2007.0,22.3,10.0,4.0,14.0,10.0,0.0,0.0,6.0,0.0,,,,0.45,0.18,0.63,0.45,0.63,Matches,,,,,,,,,,,,,,,,,,,,,,,,,,,,,,,,,,,,,,,,,,,,,,,,,
2005-2006,Bundesliga,Nürnberg,Markus Schroth,de GER,FW,30.0,29.0,20.0,1858.0,20.6,4.0,3.0,7.0,4.0,0.0,0.0,1.0,0.0,,,,0.19,0.15,0.34,0.19,0.34,Matches,,,,,,,,,,,,,,,,,,,,,,,,,,,,,,,,,,,,,,,,,,,,,,,,,
2005-2006,Bundesliga,Nürnberg,Andreas Wolf,de GER,DF,23.0,20.0,16.0,1480.0,16.4,0.0,1.0,1.0,0.0,0.0,0.0,7.0,0.0,,,,0.0,0.06,0.06,0.0,0.06,Matches,,,,,,,,,,,,,,,,,,,,,,,,,,,,,,,,,,,,,,,,,,,,,,,,,
2005-2006,Bundesliga,Nürnberg,Ivica Banović,hr CRO,MF,24.0,23.0,15.0,1299.0,14.4,2.0,3.0,5.0,2.0,0.0,0.0,3.0,1.0,,,,0.14,0.21,0.35,0.14,0.35,Matches,,,,,,,,,,,,,,,,,,,,,,,,,,,,,,,,,,,,,,,,,,,,,,,,,
2005-2006,Bundesliga,Nürnberg,Lars Müller,de GER,"DF,MF",29.0,16.0,11.0,1068.0,11.9,1.0,1.0,2.0,1.0,0.0,0.0,3.0,0.0,,,,0.08,0.08,0.17,0.08,0.17,Matches,,,,,,,,,,,,,,,,,,,,,,,,,,,,,,,,,,,,,,,,,,,,,,,,,
2005-2006,Bundesliga,Nürnberg,Sven Müller,de GER,"DF,MF",25.0,17.0,10.0,920.0,10.2,0.0,1.0,1.0,0.0,0.0,0.0,1.0,0.0,,,,0.0,0.1,0.1,0.0,0.1,Matches,,,,,,,,,,,,,,,,,,,,,,,,,,,,,,,,,,,,,,,,,,,,,,,,,
2005-2006,Bundesliga,Nürnberg,Gláuber,br BRA,DF,21.0,12.0,10.0,864.0,9.6,0.0,0.0,0.0,0.0,0.0,0.0,4.0,1.0,,,,0.0,0.0,0.0,0.0,0.0,Matches,,,,,,,,,,,,,,,,,,,,,,,,,,,,,,,,,,,,,,,,,,,,,,,,,
2005-2006,Bundesliga,Nürnberg,Thomas Paulus,de GER,DF,23.0,18.0,9.0,1055.0,11.7,1.0,0.0,1.0,1.0,0.0,0.0,2.0,0.0,,,,0.09,0.0,0.09,0.09,0.09,Matches,,,,,,,,,,,,,,,,,,,,,,,,,,,,,,,,,,,,,,,,,,,,,,,,,
2005-2006,Bundesliga,Nürnberg,Benjamin Lense,de GER,DF,26.0,11.0,9.0,821.0,9.1,0.0,0.0,0.0,0.0,0.0,0.0,2.0,0.0,,,,0.0,0.0,0.0,0.0,0.0,Matches,,,,,,,,,,,,,,,,,,,,,,,,,,,,,,,,,,,,,,,,,,,,,,,,,
2005-2006,Bundesliga,Nürnberg,Markus Daun,de GER,FW,24.0,13.0,7.0,634.0,7.0,0.0,1.0,1.0,0.0,0.0,0.0,0.0,0.0,,,,0.0,0.14,0.14,0.0,0.14,Matches,,,,,,,,,,,,,,,,,,,,,,,,,,,,,,,,,,,,,,,,,,,,,,,,,
2005-2006,Bundesliga,Nürnberg,Marek Mintál,sk SVK,"FW,MF",27.0,4.0,4.0,275.0,3.1,1.0,0.0,1.0,1.0,0.0,0.0,0.0,0.0,,,,0.33,0.0,0.33,0.33,0.33,Matches,,,,,,,,,,,,,,,,,,,,,,,,,,,,,,,,,,,,,,,,,,,,,,,,,
2005-2006,Bundesliga,Nürnberg,Jan Kristiansen,dk DEN,"DF,MF",23.0,8.0,3.0,320.0,3.6,0.0,0.0,0.0,0.0,0.0,0.0,0.0,0.0,,,,0.0,0.0,0.0,0.0,0.0,Matches,,,,,,,,,,,,,,,,,,,,,,,,,,,,,,,,,,,,,,,,,,,,,,,,,
2005-2006,Bundesliga,Nürnberg,Bartosz Bosacki,pl POL,DF,29.0,4.0,3.0,231.0,2.6,0.0,0.0,0.0,0.0,0.0,0.0,0.0,1.0,,,,0.0,0.0,0.0,0.0,0.0,Matches,,,,,,,,,,,,,,,,,,,,,,,,,,,,,,,,,,,,,,,,,,,,,,,,,
2005-2006,Bundesliga,Nürnberg,Adel Chedli,tn TUN,MF,28.0,5.0,3.0,214.0,2.4,0.0,0.0,0.0,0.0,0.0,0.0,1.0,0.0,,,,0.0,0.0,0.0,0.0,0.0,Matches,,,,,,,,,,,,,,,,,,,,,,,,,,,,,,,,,,,,,,,,,,,,,,,,,
2005-2006,Bundesliga,Nürnberg,Maik Wagefeld,de GER,MF,24.0,3.0,0.0,70.0,0.8,0.0,0.0,0.0,0.0,0.0,0.0,0.0,0.0,,,,0.0,0.0,0.0,0.0,0.0,Matches,,,,,,,,,,,,,,,,,,,,,,,,,,,,,,,,,,,,,,,,,,,,,,,,,
2005-2006,Bundesliga,Nürnberg,Philipp Tschauner,de GER,GK,19.0,1.0,0.0,45.0,0.5,0.0,0.0,0.0,0.0,0.0,0.0,0.0,0.0,,,,0.0,0.0,0.0,0.0,0.0,Matches,,,,,,,,,,,,,,,,,,,,,,,,,,,,,,,,,,,,,,,,,,,,,,,,,
2005-2006,Bundesliga,Nürnberg,Sezer Öztürk,tr TUR,MF,19.0,2.0,0.0,39.0,0.4,0.0,0.0,0.0,0.0,0.0,0.0,1.0,0.0,,,,0.0,0.0,0.0,0.0,0.0,Matches,,,,,,,,,,,,,,,,,,,,,,,,,,,,,,,,,,,,,,,,,,,,,,,,,
2005-2006,Bundesliga,Nürnberg,Samuel Slovák,sk SVK,"FW,MF",29.0,1.0,0.0,24.0,0.3,0.0,0.0,0.0,0.0,0.0,0.0,0.0,0.0,,,,0.0,0.0,0.0,0.0,0.0,Matches,,,,,,,,,,,,,,,,,,,,,,,,,,,,,,,,,,,,,,,,,,,,,,,,,
2005-2006,Bundesliga,Nürnberg,Chhunly Pagenburg,kh CAM,FW,18.0,1.0,0.0,17.0,0.2,0.0,,,0.0,0.0,,0.0,0.0,,,,0.0,,,0.0,,Matches,,,,,,,,,,,,,,,,,,,,,,,,,,,,,,,,,,,,,,,,,,,,,,,,,
2005-2006,Bundesliga,Nürnberg,Sebastian Szikal,de GER,MF,18.0,1.0,0.0,4.0,0.0,0.0,,,0.0,0.0,,0.0,0.0,,,,0.0,,,0.0,,Matches,,,,,,,,,,,,,,,,,,,,,,,,,,,,,,,,,,,,,,,,,,,,,,,,,
2005-2006,Bundesliga,Nürnberg,Squad Total,,,25.5,34.0,374.0,,,49.0,32.0,81.0,47.0,2.0,3.0,78.0,5.0,,,,1.44,0.94,2.38,1.38,2.32,,,,,,,,,,,,,,,,,,,,,,,,,,,,,,,,,,,,,,,,,,,,,,,,,,
2005-2006,Bundesliga,Nürnberg,Opponent Total,,,26.6,34.0,374.0,,,,,,,,,,,,,,,,,,,,,,,,,,,,,,,,,,,,,,,,,,,,,,,,,,,,,,,,,,,,,,,,,,,,
2005-2006,Bundesliga,Stuttgart,Fernando Meira,pt POR,"DF,MF",27.0,32.0,32.0,2848.0,31.6,0.0,0.0,0.0,0.0,0.0,0.0,5.0,0.0,,,,0.0,0.0,0.0,0.0,0.0,Matches,,,,,,,,,,,,,,,,,,,,,,,,,,,,,,,,,,,,,,,,,,,,,,,,,
2005-2006,Bundesliga,Stuttgart,Timo Hildebrand,de GER,GK,26.0,31.0,31.0,2790.0,31.0,0.0,0.0,0.0,0.0,0.0,0.0,3.0,0.0,,,,0.0,0.0,0.0,0.0,0.0,Matches,,,,,,,,,,,,,,,,,,,,,,,,,,,,,,,,,,,,,,,,,,,,,,,,,
2005-2006,Bundesliga,Stuttgart,Zvonimir Soldo,hr CRO,"DF,MF",37.0,31.0,31.0,2696.0,30.0,0.0,1.0,1.0,0.0,0.0,0.0,6.0,0.0,,,,0.0,0.03,0.03,0.0,0.03,Matches,,,,,,,,,,,,,,,,,,,,,,,,,,,,,,,,,,,,,,,,,,,,,,,,,
2005-2006,Bundesliga,Stuttgart,Matthieu Delpierre,fr FRA,DF,24.0,29.0,29.0,2565.0,28.5,0.0,2.0,2.0,0.0,0.0,0.0,6.0,0.0,,,,0.0,0.07,0.07,0.0,0.07,Matches,,,,,,,,,,,,,,,,,,,,,,,,,,,,,,,,,,,,,,,,,,,,,,,,,
2005-2006,Bundesliga,Stuttgart,Christian Tiffert,de GER,MF,23.0,28.0,25.0,2195.0,24.4,3.0,3.0,6.0,3.0,0.0,0.0,9.0,0.0,,,,0.12,0.12,0.25,0.12,0.25,Matches,,,,,,,,,,,,,,,,,,,,,,,,,,,,,,,,,,,,,,,,,,,,,,,,,
2005-2006,Bundesliga,Stuttgart,Jon Dahl Tomasson,dk DEN,"FW,MF",28.0,26.0,25.0,2081.0,23.1,8.0,3.0,11.0,8.0,0.0,0.0,3.0,1.0,,,,0.35,0.13,0.48,0.35,0.48,Matches,,,,,,,,,,,,,,,,,,,,,,,,,,,,,,,,,,,,,,,,,,,,,,,,,
2005-2006,Bundesliga,Stuttgart,Ludovic Magnin,ch SUI,DF,26.0,25.0,24.0,2092.0,23.2,1.0,2.0,3.0,1.0,0.0,0.0,7.0,0.0,,,,0.04,0.09,0.13,0.04,0.13,Matches,,,,,,,,,,,,,,,,,,,,,,,,,,,,,,,,,,,,,,,,,,,,,,,,,
2005-2006,Bundesliga,Stuttgart,Andreas Hinkel,de GER,DF,23.0,26.0,24.0,2069.0,23.0,0.0,1.0,1.0,0.0,0.0,0.0,2.0,0.0,,,,0.0,0.04,0.04,0.0,0.04,Matches,,,,,,,,,,,,,,,,,,,,,,,,,,,,,,,,,,,,,,,,,,,,,,,,,
2005-2006,Bundesliga,Stuttgart,Thomas Hitzlsperger,de GER,MF,23.0,26.0,24.0,1774.0,19.7,2.0,1.0,3.0,2.0,0.0,0.0,4.0,0.0,,,,0.1,0.05,0.15,0.1,0.15,Matches,,,,,,,,,,,,,,,,,,,,,,,,,,,,,,,,,,,,,,,,,,,,,,,,,
2005-2006,Bundesliga,Stuttgart,Danijel Ljuboja,rs SRB,FW,26.0,26.0,23.0,2061.0,22.9,8.0,2.0,10.0,6.0,2.0,2.0,2.0,0.0,,,,0.35,0.09,0.44,0.26,0.35,Matches,,,,,,,,,,,,,,,,,,,,,,,,,,,,,,,,,,,,,,,,,,,,,,,,,
2005-2006,Bundesliga,Stuttgart,Silvio Meißner,de GER,MF,32.0,25.0,20.0,1673.0,18.6,2.0,1.0,3.0,2.0,0.0,1.0,8.0,0.0,,,,0.11,0.05,0.16,0.11,0.16,Matches,,,,,,,,,,,,,,,,,,,,,,,,,,,,,,,,,,,,,,,,,,,,,,,,,
2005-2006,Bundesliga,Stuttgart,Jesper Grønkjær,dk DEN,"FW,MF",27.0,25.0,16.0,1554.0,17.3,0.0,3.0,3.0,0.0,0.0,0.0,7.0,0.0,,,,0.0,0.17,0.17,0.0,0.17,Matches,,,,,,,,,,,,,,,,,,,,,,,,,,,,,,,,,,,,,,,,,,,,,,,,,
2005-2006,Bundesliga,Stuttgart,Christian Gentner,de GER,MF,19.0,23.0,15.0,1378.0,15.3,1.0,0.0,1.0,1.0,0.0,0.0,2.0,0.0,,,,0.07,0.0,0.07,0.07,0.07,Matches,,,,,,,,,,,,,,,,,,,,,,,,,,,,,,,,,,,,,,,,,,,,,,,,,
2005-2006,Bundesliga,Stuttgart,Martin Stranzl,at AUT,"DF,MF",25.0,15.0,11.0,990.0,11.0,0.0,0.0,0.0,0.0,0.0,0.0,1.0,0.0,,,,0.0,0.0,0.0,0.0,0.0,Matches,,,,,,,,,,,,,,,,,,,,,,,,,,,,,,,,,,,,,,,,,,,,,,,,,
2005-2006,Bundesliga,Stuttgart,Markus Babbel,de GER,DF,32.0,12.0,10.0,949.0,10.5,0.0,0.0,0.0,0.0,0.0,0.0,1.0,0.0,,,,0.0,0.0,0.0,0.0,0.0,Matches,,,,,,,,,,,,,,,,,,,,,,,,,,,,,,,,,,,,,,,,,,,,,,,,,
2005-2006,Bundesliga,Stuttgart,Cacau,de GER,FW,24.0,20.0,8.0,893.0,9.9,4.0,0.0,4.0,4.0,0.0,0.0,1.0,1.0,,,,0.4,0.0,0.4,0.4,0.4,Matches,,,,,,,,,,,,,,,,,,,,,,,,,,,,,,,,,,,,,,,,,,,,,,,,,
2005-2006,Bundesliga,Stuttgart,Mario Gómez,de GER,FW,20.0,30.0,7.0,1128.0,12.5,6.0,2.0,8.0,6.0,0.0,0.0,2.0,0.0,,,,0.48,0.16,0.64,0.48,0.64,Matches,,,,,,,,,,,,,,,,,,,,,,,,,,,,,,,,,,,,,,,,,,,,,,,,,
2005-2006,Bundesliga,Stuttgart,Heiko Gerber,de GER,"DF,MF",33.0,10.0,7.0,679.0,7.5,0.0,0.0,0.0,0.0,0.0,0.0,3.0,0.0,,,,0.0,0.0,0.0,0.0,0.0,Matches,,,,,,,,,,,,,,,,,,,,,,,,,,,,,,,,,,,,,,,,,,,,,,,,,
2005-2006,Bundesliga,Stuttgart,Andreas Beck,de GER,"DF,MF",18.0,5.0,5.0,419.0,4.7,0.0,0.0,0.0,0.0,0.0,0.0,1.0,0.0,,,,0.0,0.0,0.0,0.0,0.0,Matches,,,,,,,,,,,,,,,,,,,,,,,,,,,,,,,,,,,,,,,,,,,,,,,,,
2005-2006,Bundesliga,Stuttgart,Marco Streller,ch SUI,FW,24.0,7.0,3.0,303.0,3.4,1.0,,,1.0,0.0,0.0,2.0,0.0,,,,0.3,,,0.3,,Matches,,,,,,,,,,,,,,,,,,,,,,,,,,,,,,,,,,,,,,,,,,,,,,,,,
2005-2006,Bundesliga,Stuttgart,Dirk Heinen,de GER,GK,34.0,3.0,3.0,270.0,3.0,0.0,0.0,0.0,0.0,0.0,0.0,0.0,0.0,,,,0.0,0.0,0.0,0.0,0.0,Matches,,,,,,,,,,,,,,,,,,,,,,,,,,,,,,,,,,,,,,,,,,,,,,,,,
2005-2006,Bundesliga,Stuttgart,Mario Carević,hr CRO,MF,23.0,6.0,1.0,196.0,2.2,0.0,0.0,0.0,0.0,0.0,0.0,0.0,0.0,,,,0.0,0.0,0.0,0.0,0.0,Matches,,,,,,,,,,,,,,,,,,,,,,,,,,,,,,,,,,,,,,,,,,,,,,,,,
2005-2006,Bundesliga,Stuttgart,Daniel Bierofka,de GER,MF,26.0,1.0,0.0,23.0,0.3,0.0,0.0,0.0,0.0,0.0,0.0,0.0,0.0,,,,0.0,0.0,0.0,0.0,0.0,Matches,,,,,,,,,,,,,,,,,,,,,,,,,,,,,,,,,,,,,,,,,,,,,,,,,
2005-2006,Bundesliga,Stuttgart,Squad Total,,,26.9,34.0,374.0,,,36.0,21.0,57.0,34.0,2.0,3.0,71.0,2.0,,,,1.06,0.62,1.68,1.0,1.62,,,,,,,,,,,,,,,,,,,,,,,,,,,,,,,,,,,,,,,,,,,,,,,,,,
2005-2006,Bundesliga,Stuttgart,Opponent Total,,,26.5,34.0,374.0,,,,,,,,,,,,,,,,,,,,,,,,,,,,,,,,,,,,,,,,,,,,,,,,,,,,,,,,,,,,,,,,,,,,
2005-2006,Bundesliga,M'Gladbach,Oliver Neuville,de GER,FW,32.0,34.0,34.0,2955.0,32.8,10.0,8.0,18.0,9.0,1.0,1.0,4.0,0.0,,,,0.3,0.24,0.55,0.27,0.52,Matches,,,,,,,,,,,,,,,,,,,,,,,,,,,,,,,,,,,,,,,,,,,,,,,,,
2005-2006,Bundesliga,M'Gladbach,Zé António,pt POR,DF,28.0,34.0,33.0,3017.0,33.5,3.0,0.0,3.0,3.0,0.0,0.0,2.0,0.0,,,,0.09,0.0,0.09,0.09,0.09,Matches,,,,,,,,,,,,,,,,,,,,,,,,,,,,,,,,,,,,,,,,,,,,,,,,,
2005-2006,Bundesliga,M'Gladbach,Kasey Keller,us USA,GK,35.0,33.0,33.0,2970.0,33.0,0.0,0.0,0.0,0.0,0.0,0.0,1.0,0.0,,,,0.0,0.0,0.0,0.0,0.0,Matches,,,,,,,,,,,,,,,,,,,,,,,,,,,,,,,,,,,,,,,,,,,,,,,,,
2005-2006,Bundesliga,M'Gladbach,Marcell Jansen,de GER,"DF,MF",19.0,32.0,32.0,2876.0,32.0,3.0,3.0,6.0,3.0,0.0,0.0,6.0,0.0,,,,0.09,0.09,0.19,0.09,0.19,Matches,,,,,,,,,,,,,,,,,,,,,,,,,,,,,,,,,,,,,,,,,,,,,,,,,
2005-2006,Bundesliga,M'Gladbach,Hassan El Fakiri,no NOR,"DF,MF",28.0,31.0,25.0,2312.0,25.7,1.0,3.0,4.0,1.0,0.0,0.0,3.0,0.0,,,,0.04,0.12,0.16,0.04,0.16,Matches,,,,,,,,,,,,,,,,,,,,,,,,,,,,,,,,,,,,,,,,,,,,,,,,,
2005-2006,Bundesliga,M'Gladbach,Jeff Strasser,lu LUX,DF,30.0,26.0,25.0,2165.0,24.1,1.0,0.0,1.0,1.0,0.0,0.0,9.0,0.0,,,,0.04,0.0,0.04,0.04,0.04,Matches,,,,,,,,,,,,,,,,,,,,,,,,,,,,,,,,,,,,,,,,,,,,,,,,,
2005-2006,Bundesliga,M'Gladbach,Peer Kluge,de GER,MF,24.0,28.0,25.0,2086.0,23.2,3.0,2.0,5.0,3.0,0.0,0.0,5.0,0.0,,,,0.13,0.09,0.22,0.13,0.22,Matches,,,,,,,,,,,,,,,,,,,,,,,,,,,,,,,,,,,,,,,,,,,,,,,,,
2005-2006,Bundesliga,M'Gladbach,Milan Fukal,cz CZE,"DF,MF",30.0,25.0,21.0,1900.0,21.1,1.0,0.0,1.0,1.0,0.0,0.0,8.0,0.0,,,,0.05,0.0,0.05,0.05,0.05,Matches,,,,,,,,,,,,,,,,,,,,,,,,,,,,,,,,,,,,,,,,,,,,,,,,,
2005-2006,Bundesliga,M'Gladbach,Thomas Broich,de GER,MF,24.0,28.0,19.0,1719.0,19.1,2.0,2.0,4.0,2.0,0.0,0.0,1.0,0.0,,,,0.1,0.1,0.21,0.1,0.21,Matches,,,,,,,,,,,,,,,,,,,,,,,,,,,,,,,,,,,,,,,,,,,,,,,,,
2005-2006,Bundesliga,M'Gladbach,Eugen Polanski,pl POL,MF,19.0,21.0,19.0,1620.0,18.0,1.0,4.0,5.0,1.0,0.0,0.0,8.0,1.0,,,,0.06,0.22,0.28,0.06,0.28,Matches,,,,,,,,,,,,,,,,,,,,,,,,,,,,,,,,,,,,,,,,,,,,,,,,,
2005-2006,Bundesliga,M'Gladbach,Kahê,br BRA,FW,22.0,27.0,18.0,1606.0,17.8,2.0,1.0,3.0,2.0,0.0,0.0,0.0,0.0,,,,0.11,0.06,0.17,0.11,0.17,Matches,,,,,,,,,,,,,,,,,,,,,,,,,,,,,,,,,,,,,,,,,,,,,,,,,
2005-2006,Bundesliga,M'Gladbach,Filip Daems,be BEL,DF,26.0,22.0,15.0,1385.0,15.4,0.0,1.0,1.0,0.0,0.0,0.0,6.0,0.0,,,,0.0,0.06,0.06,0.0,0.06,Matches,,,,,,,,,,,,,,,,,,,,,,,,,,,,,,,,,,,,,,,,,,,,,,,,,
2005-2006,Bundesliga,M'Gladbach,Bo Svensson,dk DEN,DF,25.0,13.0,12.0,1092.0,12.1,1.0,0.0,1.0,1.0,0.0,0.0,0.0,0.0,,,,0.08,0.0,0.08,0.08,0.08,Matches,,,,,,,,,,,,,,,,,,,,,,,,,,,,,,,,,,,,,,,,,,,,,,,,,
2005-2006,Bundesliga,M'Gladbach,Kasper Bøgelund,dk DEN,DF,24.0,16.0,12.0,1045.0,11.6,2.0,0.0,2.0,2.0,0.0,0.0,4.0,0.0,,,,0.17,0.0,0.17,0.17,0.17,Matches,,,,,,,,,,,,,,,,,,,,,,,,,,,,,,,,,,,,,,,,,,,,,,,,,
2005-2006,Bundesliga,M'Gladbach,Niels Oude Kamphuis,nl NED,"DF,MF",27.0,12.0,11.0,937.0,10.4,0.0,0.0,0.0,0.0,0.0,0.0,6.0,1.0,,,,0.0,0.0,0.0,0.0,0.0,Matches,,,,,,,,,,,,,,,,,,,,,,,,,,,,,,,,,,,,,,,,,,,,,,,,,
2005-2006,Bundesliga,M'Gladbach,Wesley Sonck,be BEL,FW,26.0,14.0,10.0,920.0,10.2,4.0,0.0,4.0,4.0,0.0,0.0,1.0,0.0,,,,0.39,0.0,0.39,0.39,0.39,Matches,,,,,,,,,,,,,,,,,,,,,,,,,,,,,,,,,,,,,,,,,,,,,,,,,
2005-2006,Bundesliga,M'Gladbach,Bernd Thijs,be BEL,MF,27.0,15.0,8.0,789.0,8.8,0.0,0.0,0.0,0.0,0.0,0.0,4.0,0.0,,,,0.0,0.0,0.0,0.0,0.0,Matches,,,,,,,,,,,,,,,,,,,,,,,,,,,,,,,,,,,,,,,,,,,,,,,,,
2005-2006,Bundesliga,M'Gladbach,Nando Rafael,ao ANG,FW,21.0,14.0,6.0,606.0,6.7,3.0,,,3.0,0.0,0.0,2.0,0.0,,,,0.45,,,0.45,,Matches,,,,,,,,,,,,,,,,,,,,,,,,,,,,,,,,,,,,,,,,,,,,,,,,,
2005-2006,Bundesliga,M'Gladbach,Thomas Helveg,dk DEN,DF,34.0,5.0,4.0,293.0,3.3,0.0,0.0,0.0,0.0,0.0,0.0,1.0,0.0,,,,0.0,0.0,0.0,0.0,0.0,Matches,,,,,,,,,,,,,,,,,,,,,,,,,,,,,,,,,,,,,,,,,,,,,,,,,
2005-2006,Bundesliga,M'Gladbach,Marek Heinz,cz CZE,"FW,MF",27.0,3.0,3.0,244.0,2.7,0.0,0.0,0.0,0.0,0.0,0.0,0.0,0.0,,,,0.0,0.0,0.0,0.0,0.0,Matches,,,,,,,,,,,,,,,,,,,,,,,,,,,,,,,,,,,,,,,,,,,,,,,,,
2005-2006,Bundesliga,M'Gladbach,Krisztián Lisztes,hu HUN,MF,29.0,5.0,3.0,200.0,2.2,0.0,0.0,0.0,0.0,0.0,0.0,1.0,0.0,,,,0.0,0.0,0.0,0.0,0.0,Matches,,,,,,,,,,,,,,,,,,,,,,,,,,,,,,,,,,,,,,,,,,,,,,,,,
2005-2006,Bundesliga,M'Gladbach,Václav Svěrkoš,cz CZE,FW,21.0,13.0,2.0,340.0,3.8,1.0,,,1.0,0.0,0.0,2.0,0.0,,,,0.26,,,0.26,,Matches,,,,,,,,,,,,,,,,,,,,,,,,,,,,,,,,,,,,,,,,,,,,,,,,,
2005-2006,Bundesliga,M'Gladbach,Robert Fleßers,de GER,"DF,MF",18.0,3.0,2.0,151.0,1.7,0.0,0.0,0.0,0.0,0.0,0.0,1.0,0.0,,,,0.0,0.0,0.0,0.0,0.0,Matches,,,,,,,,,,,,,,,,,,,,,,,,,,,,,,,,,,,,,,,,,,,,,,,,,
2005-2006,Bundesliga,M'Gladbach,Marvin Compper,de GER,DF,20.0,5.0,1.0,110.0,1.2,0.0,0.0,0.0,0.0,0.0,0.0,2.0,0.0,,,,0.0,0.0,0.0,0.0,0.0,Matches,,,,,,,,,,,,,,,,,,,,,,,,,,,,,,,,,,,,,,,,,,,,,,,,,
2005-2006,Bundesliga,M'Gladbach,Darius Kampa,de GER,GK,28.0,1.0,1.0,90.0,1.0,0.0,0.0,0.0,0.0,0.0,0.0,0.0,0.0,,,,0.0,0.0,0.0,0.0,0.0,Matches,,,,,,,,,,,,,,,,,,,,,,,,,,,,,,,,,,,,,,,,,,,,,,,,,
2005-2006,Bundesliga,M'Gladbach,Giovane Élber,br BRA,FW,33.0,4.0,0.0,54.0,0.6,0.0,0.0,0.0,0.0,0.0,0.0,0.0,0.0,,,,0.0,0.0,0.0,0.0,0.0,Matches,,,,,,,,,,,,,,,,,,,,,,,,,,,,,,,,,,,,,,,,,,,,,,,,,
2005-2006,Bundesliga,M'Gladbach,Bekim Kastrati,al ALB,FW,20.0,4.0,0.0,46.0,0.5,0.0,0.0,0.0,0.0,0.0,0.0,0.0,0.0,,,,0.0,0.0,0.0,0.0,0.0,Matches,,,,,,,,,,,,,,,,,,,,,,,,,,,,,,,,,,,,,,,,,,,,,,,,,
2005-2006,Bundesliga,M'Gladbach,Jörg Böhme,de GER,MF,31.0,1.0,0.0,38.0,0.4,0.0,0.0,0.0,0.0,0.0,0.0,0.0,0.0,,,,0.0,0.0,0.0,0.0,0.0,Matches,,,,,,,,,,,,,,,,,,,,,,,,,,,,,,,,,,,,,,,,,,,,,,,,,
2005-2006,Bundesliga,M'Gladbach,Squad Total,,,27.2,34.0,374.0,,,38.0,24.0,62.0,37.0,1.0,1.0,72.0,2.0,,,,1.12,0.71,1.82,1.09,1.79,,,,,,,,,,,,,,,,,,,,,,,,,,,,,,,,,,,,,,,,,,,,,,,,,,
2005-2006,Bundesliga,M'Gladbach,Opponent Total,,,26.8,34.0,374.0,,,,,,,,,,,,,,,,,,,,,,,,,,,,,,,,,,,,,,,,,,,,,,,,,,,,,,,,,,,,,,,,,,,,
2005-2006,Bundesliga,Mainz 05,Manuel Friedrich,de GER,DF,25.0,34.0,34.0,2987.0,33.2,3.0,0.0,3.0,3.0,0.0,0.0,2.0,0.0,,,,0.09,0.0,0.09,0.09,0.09,Matches,,,,,,,,,,,,,,,,,,,,,,,,,,,,,,,,,,,,,,,,,,,,,,,,,
2005-2006,Bundesliga,Mainz 05,Nikolče Noveski,mk MKD,DF,26.0,33.0,33.0,2957.0,32.9,2.0,0.0,2.0,2.0,0.0,0.0,7.0,0.0,,,,0.06,0.0,0.06,0.06,0.06,Matches,,,,,,,,,,,,,,,,,,,,,,,,,,,,,,,,,,,,,,,,,,,,,,,,,
2005-2006,Bundesliga,Mainz 05,Antônio da Silva,br BRA,MF,27.0,33.0,33.0,2924.0,32.5,3.0,8.0,11.0,3.0,0.0,0.0,2.0,0.0,,,,0.09,0.25,0.34,0.09,0.34,Matches,,,,,,,,,,,,,,,,,,,,,,,,,,,,,,,,,,,,,,,,,,,,,,,,,
2005-2006,Bundesliga,Mainz 05,Michael Thurk,de GER,FW,29.0,32.0,32.0,2637.0,29.3,12.0,6.0,18.0,9.0,3.0,3.0,12.0,0.0,,,,0.41,0.2,0.61,0.31,0.51,Matches,,,,,,,,,,,,,,,,,,,,,,,,,,,,,,,,,,,,,,,,,,,,,,,,,
2005-2006,Bundesliga,Mainz 05,Benjamin Auer,de GER,FW,24.0,29.0,25.0,2217.0,24.6,9.0,3.0,12.0,9.0,0.0,0.0,2.0,0.0,,,,0.37,0.12,0.49,0.37,0.49,Matches,,,,,,,,,,,,,,,,,,,,,,,,,,,,,,,,,,,,,,,,,,,,,,,,,
2005-2006,Bundesliga,Mainz 05,Christian Demirtaş,de GER,DF,21.0,28.0,25.0,2149.0,23.9,0.0,0.0,0.0,0.0,0.0,0.0,5.0,0.0,,,,0.0,0.0,0.0,0.0,0.0,Matches,,,,,,,,,,,,,,,,,,,,,,,,,,,,,,,,,,,,,,,,,,,,,,,,,
2005-2006,Bundesliga,Mainz 05,Milorad Peković,me MNE,MF,27.0,24.0,23.0,2043.0,22.7,0.0,0.0,0.0,0.0,0.0,0.0,10.0,0.0,,,,0.0,0.0,0.0,0.0,0.0,Matches,,,,,,,,,,,,,,,,,,,,,,,,,,,,,,,,,,,,,,,,,,,,,,,,,
2005-2006,Bundesliga,Mainz 05,Mohamed Zidan,eg EGY,FW,23.0,26.0,21.0,1841.0,20.5,9.0,3.0,12.0,7.0,2.0,3.0,0.0,0.0,,,,0.44,0.15,0.59,0.34,0.49,Matches,,,,,,,,,,,,,,,,,,,,,,,,,,,,,,,,,,,,,,,,,,,,,,,,,
2005-2006,Bundesliga,Mainz 05,Benjamin Weigelt,de GER,DF,22.0,23.0,21.0,1828.0,20.3,0.0,1.0,1.0,0.0,0.0,0.0,5.0,0.0,,,,0.0,0.05,0.05,0.0,0.05,Matches,,,,,,,,,,,,,,,,,,,,,,,,,,,,,,,,,,,,,,,,,,,,,,,,,
2005-2006,Bundesliga,Mainz 05,Dimo Wache,de GER,GK,31.0,20.0,20.0,1721.0,19.1,0.0,0.0,0.0,0.0,0.0,0.0,0.0,0.0,,,,0.0,0.0,0.0,0.0,0.0,Matches,,,,,,,,,,,,,,,,,,,,,,,,,,,,,,,,,,,,,,,,,,,,,,,,,
2005-2006,Bundesliga,Mainz 05,Mathias Abel,de GER,DF,24.0,20.0,18.0,1527.0,17.0,0.0,1.0,1.0,0.0,0.0,0.0,2.0,0.0,,,,0.0,0.06,0.06,0.0,0.06,Matches,,,,,,,,,,,,,,,,,,,,,,,,,,,,,,,,,,,,,,,,,,,,,,,,,
2005-2006,Bundesliga,Mainz 05,Petr Ruman,cz CZE,FW,28.0,24.0,16.0,1428.0,15.9,5.0,5.0,10.0,5.0,0.0,0.0,4.0,0.0,,,,0.32,0.32,0.63,0.32,0.63,Matches,,,,,,,,,,,,,,,,,,,,,,,,,,,,,,,,,,,,,,,,,,,,,,,,,
2005-2006,Bundesliga,Mainz 05,Fabian Gerber,ch SUI,MF,25.0,21.0,15.0,1313.0,14.6,0.0,5.0,5.0,0.0,0.0,0.0,0.0,0.0,,,,0.0,0.34,0.34,0.0,0.34,Matches,,,,,,,,,,,,,,,,,,,,,,,,,,,,,,,,,,,,,,,,,,,,,,,,,
2005-2006,Bundesliga,Mainz 05,Christian Wetklo,de GER,GK,25.0,15.0,14.0,1331.0,14.8,0.0,0.0,0.0,0.0,0.0,0.0,2.0,0.0,,,,0.0,0.0,0.0,0.0,0.0,Matches,,,,,,,,,,,,,,,,,,,,,,,,,,,,,,,,,,,,,,,,,,,,,,,,,
2005-2006,Bundesliga,Mainz 05,Christof Babatz,de GER,MF,30.0,17.0,14.0,1186.0,13.2,0.0,0.0,0.0,0.0,0.0,0.0,2.0,0.0,,,,0.0,0.0,0.0,0.0,0.0,Matches,,,,,,,,,,,,,,,,,,,,,,,,,,,,,,,,,,,,,,,,,,,,,,,,,
2005-2006,Bundesliga,Mainz 05,Marco Rose,de GER,DF,28.0,19.0,13.0,1255.0,13.9,0.0,0.0,0.0,0.0,0.0,0.0,2.0,0.0,,,,0.0,0.0,0.0,0.0,0.0,Matches,,,,,,,,,,,,,,,,,,,,,,,,,,,,,,,,,,,,,,,,,,,,,,,,,
2005-2006,Bundesliga,Mainz 05,Otto Addo,gh GHA,MF,30.0,17.0,7.0,695.0,7.7,0.0,2.0,2.0,0.0,0.0,0.0,4.0,0.0,,,,0.0,0.26,0.26,0.0,0.26,Matches,,,,,,,,,,,,,,,,,,,,,,,,,,,,,,,,,,,,,,,,,,,,,,,,,
2005-2006,Bundesliga,Mainz 05,Niclas Weiland,de GER,FW,33.0,14.0,5.0,568.0,6.3,1.0,0.0,1.0,1.0,0.0,0.0,2.0,0.0,,,,0.16,0.0,0.16,0.16,0.16,Matches,,,,,,,,,,,,,,,,,,,,,,,,,,,,,,,,,,,,,,,,,,,,,,,,,
2005-2006,Bundesliga,Mainz 05,Conor Casey,us USA,FW,24.0,10.0,4.0,450.0,5.0,1.0,1.0,2.0,1.0,0.0,0.0,2.0,0.0,,,,0.2,0.2,0.4,0.2,0.4,Matches,,,,,,,,,,,,,,,,,,,,,,,,,,,,,,,,,,,,,,,,,,,,,,,,,
2005-2006,Bundesliga,Mainz 05,Rômulo,br BRA,FW,23.0,8.0,1.0,187.0,2.1,0.0,0.0,0.0,0.0,0.0,0.0,1.0,0.0,,,,0.0,0.0,0.0,0.0,0.0,Matches,,,,,,,,,,,,,,,,,,,,,,,,,,,,,,,,,,,,,,,,,,,,,,,,,
2005-2006,Bundesliga,Mainz 05,Tom Geißler,de GER,"DF,MF",21.0,15.0,0.0,350.0,3.9,0.0,0.0,0.0,0.0,0.0,0.0,0.0,0.0,,,,0.0,0.0,0.0,0.0,0.0,Matches,,,,,,,,,,,,,,,,,,,,,,,,,,,,,,,,,,,,,,,,,,,,,,,,,
2005-2006,Bundesliga,Mainz 05,Dennis Weiland,de GER,MF,30.0,3.0,0.0,31.0,0.3,0.0,0.0,0.0,0.0,0.0,0.0,0.0,0.0,,,,0.0,0.0,0.0,0.0,0.0,Matches,,,,,,,,,,,,,,,,,,,,,,,,,,,,,,,,,,,,,,,,,,,,,,,,,
2005-2006,Bundesliga,Mainz 05,Ranisav Jovanović,de GER,FW,24.0,2.0,0.0,18.0,0.2,0.0,0.0,0.0,0.0,0.0,0.0,0.0,0.0,,,,0.0,0.0,0.0,0.0,0.0,Matches,,,,,,,,,,,,,,,,,,,,,,,,,,,,,,,,,,,,,,,,,,,,,,,,,
2005-2006,Bundesliga,Mainz 05,Jonas Sela,de GER,GK,21.0,1.0,0.0,8.0,0.1,0.0,,,0.0,0.0,,0.0,0.0,,,,0.0,,,0.0,,Matches,,,,,,,,,,,,,,,,,,,,,,,,,,,,,,,,,,,,,,,,,,,,,,,,,
2005-2006,Bundesliga,Mainz 05,Tobias Damm,de GER,FW,21.0,1.0,0.0,7.0,0.1,0.0,,,0.0,0.0,,0.0,0.0,,,,0.0,,,0.0,,Matches,,,,,,,,,,,,,,,,,,,,,,,,,,,,,,,,,,,,,,,,,,,,,,,,,
2005-2006,Bundesliga,Mainz 05,Tamás Bódog,hu HUN,DF,34.0,1.0,0.0,2.0,0.0,0.0,,,0.0,0.0,,0.0,0.0,,,,0.0,,,0.0,,Matches,,,,,,,,,,,,,,,,,,,,,,,,,,,,,,,,,,,,,,,,,,,,,,,,,
2005-2006,Bundesliga,Mainz 05,Squad Total,,,26.5,34.0,374.0,,,45.0,35.0,80.0,40.0,5.0,6.0,60.0,0.0,,,,1.32,1.03,2.35,1.18,2.21,,,,,,,,,,,,,,,,,,,,,,,,,,,,,,,,,,,,,,,,,,,,,,,,,,
2005-2006,Bundesliga,Mainz 05,Opponent Total,,,26.7,34.0,374.0,,,,,,,,,,,,,,,,,,,,,,,,,,,,,,,,,,,,,,,,,,,,,,,,,,,,,,,,,,,,,,,,,,,,
2005-2006,Bundesliga,Hannover 96,Robert Enke,de GER,GK,27.0,32.0,32.0,2880.0,32.0,0.0,0.0,0.0,0.0,0.0,0.0,1.0,0.0,,,,0.0,0.0,0.0,0.0,0.0,Matches,,,,,,,,,,,,,,,,,,,,,,,,,,,,,,,,,,,,,,,,,,,,,,,,,
2005-2006,Bundesliga,Hannover 96,Christoph Dabrowski,de GER,MF,26.0,32.0,32.0,2856.0,31.7,3.0,3.0,6.0,3.0,0.0,0.0,10.0,0.0,,,,0.09,0.09,0.19,0.09,0.19,Matches,,,,,,,,,,,,,,,,,,,,,,,,,,,,,,,,,,,,,,,,,,,,,,,,,
2005-2006,Bundesliga,Hannover 96,Hanno Balitsch,de GER,MF,24.0,31.0,30.0,2718.0,30.2,1.0,1.0,2.0,1.0,0.0,0.0,7.0,0.0,,,,0.03,0.03,0.07,0.03,0.07,Matches,,,,,,,,,,,,,,,,,,,,,,,,,,,,,,,,,,,,,,,,,,,,,,,,,
2005-2006,Bundesliga,Hannover 96,Per Mertesacker,de GER,DF,20.0,30.0,30.0,2700.0,30.0,5.0,2.0,7.0,5.0,0.0,0.0,1.0,0.0,,,,0.17,0.07,0.23,0.17,0.23,Matches,,,,,,,,,,,,,,,,,,,,,,,,,,,,,,,,,,,,,,,,,,,,,,,,,
2005-2006,Bundesliga,Hannover 96,Jiří Štajner,cz CZE,"FW,MF",29.0,33.0,30.0,2644.0,29.4,6.0,8.0,14.0,6.0,0.0,1.0,3.0,0.0,,,,0.2,0.27,0.48,0.2,0.48,Matches,,,,,,,,,,,,,,,,,,,,,,,,,,,,,,,,,,,,,,,,,,,,,,,,,
2005-2006,Bundesliga,Hannover 96,Dariusz Żuraw,pl POL,DF,32.0,30.0,29.0,2636.0,29.3,1.0,0.0,1.0,1.0,0.0,0.0,3.0,0.0,,,,0.03,0.0,0.03,0.03,0.03,Matches,,,,,,,,,,,,,,,,,,,,,,,,,,,,,,,,,,,,,,,,,,,,,,,,,
2005-2006,Bundesliga,Hannover 96,Michael Tarnat,de GER,"DF,MF",35.0,29.0,29.0,2536.0,28.2,4.0,4.0,8.0,4.0,0.0,0.0,6.0,0.0,,,,0.14,0.14,0.28,0.14,0.28,Matches,,,,,,,,,,,,,,,,,,,,,,,,,,,,,,,,,,,,,,,,,,,,,,,,,
2005-2006,Bundesliga,Hannover 96,Thomas Brdarić,de GER,FW,30.0,31.0,28.0,2480.0,27.6,10.0,3.0,13.0,9.0,1.0,1.0,4.0,0.0,,,,0.36,0.11,0.47,0.33,0.44,Matches,,,,,,,,,,,,,,,,,,,,,,,,,,,,,,,,,,,,,,,,,,,,,,,,,
2005-2006,Bundesliga,Hannover 96,Altin Lala,al ALB,MF,29.0,29.0,28.0,2255.0,25.1,0.0,1.0,1.0,0.0,0.0,0.0,9.0,2.0,,,,0.0,0.04,0.04,0.0,0.04,Matches,,,,,,,,,,,,,,,,,,,,,,,,,,,,,,,,,,,,,,,,,,,,,,,,,
2005-2006,Bundesliga,Hannover 96,Vahid Hashemian,ir IRN,"FW,MF",29.0,29.0,25.0,2140.0,23.8,4.0,2.0,6.0,4.0,0.0,0.0,4.0,0.0,,,,0.17,0.08,0.25,0.17,0.25,Matches,,,,,,,,,,,,,,,,,,,,,,,,,,,,,,,,,,,,,,,,,,,,,,,,,
2005-2006,Bundesliga,Hannover 96,Steve Cherundolo,us USA,DF,26.0,22.0,22.0,1915.0,21.3,1.0,1.0,2.0,1.0,0.0,0.0,2.0,0.0,,,,0.05,0.05,0.09,0.05,0.09,Matches,,,,,,,,,,,,,,,,,,,,,,,,,,,,,,,,,,,,,,,,,,,,,,,,,
2005-2006,Bundesliga,Hannover 96,Chavdar Yankov,bg BUL,MF,21.0,22.0,15.0,1338.0,14.9,4.0,1.0,5.0,4.0,0.0,0.0,4.0,0.0,,,,0.27,0.07,0.34,0.27,0.34,Matches,,,,,,,,,,,,,,,,,,,,,,,,,,,,,,,,,,,,,,,,,,,,,,,,,
2005-2006,Bundesliga,Hannover 96,Vinícius Bergantin,br BRA,DF,25.0,23.0,14.0,1346.0,15.0,1.0,0.0,1.0,1.0,0.0,0.0,4.0,0.0,,,,0.07,0.0,0.07,0.07,0.07,Matches,,,,,,,,,,,,,,,,,,,,,,,,,,,,,,,,,,,,,,,,,,,,,,,,,
2005-2006,Bundesliga,Hannover 96,Michael Delura,de GER,"FW,MF",20.0,25.0,7.0,863.0,9.6,1.0,2.0,3.0,1.0,0.0,0.0,4.0,0.0,,,,0.1,0.21,0.31,0.1,0.31,Matches,,,,,,,,,,,,,,,,,,,,,,,,,,,,,,,,,,,,,,,,,,,,,,,,,
2005-2006,Bundesliga,Hannover 96,Ricardo Sousa,pt POR,MF,26.0,13.0,6.0,547.0,6.1,1.0,1.0,2.0,0.0,1.0,1.0,1.0,0.0,,,,0.16,0.16,0.33,0.0,0.16,Matches,,,,,,,,,,,,,,,,,,,,,,,,,,,,,,,,,,,,,,,,,,,,,,,,,
2005-2006,Bundesliga,Hannover 96,Silvio Schröter,de GER,MF,26.0,11.0,5.0,457.0,5.1,0.0,2.0,2.0,0.0,0.0,0.0,0.0,0.0,,,,0.0,0.39,0.39,0.0,0.39,Matches,,,,,,,,,,,,,,,,,,,,,,,,,,,,,,,,,,,,,,,,,,,,,,,,,
2005-2006,Bundesliga,Hannover 96,Jonas Troest,dk DEN,DF,20.0,7.0,3.0,300.0,3.3,0.0,0.0,0.0,0.0,0.0,0.0,0.0,0.0,,,,0.0,0.0,0.0,0.0,0.0,Matches,,,,,,,,,,,,,,,,,,,,,,,,,,,,,,,,,,,,,,,,,,,,,,,,,
2005-2006,Bundesliga,Hannover 96,Sören Halfar,de GER,DF,18.0,5.0,3.0,249.0,2.8,0.0,0.0,0.0,0.0,0.0,0.0,0.0,0.0,,,,0.0,0.0,0.0,0.0,0.0,Matches,,,,,,,,,,,,,,,,,,,,,,,,,,,,,,,,,,,,,,,,,,,,,,,,,
2005-2006,Bundesliga,Hannover 96,Hendrik Hahne,de GER,MF,19.0,7.0,2.0,242.0,2.7,0.0,1.0,1.0,0.0,0.0,0.0,0.0,0.0,,,,0.0,0.37,0.37,0.0,0.37,Matches,,,,,,,,,,,,,,,,,,,,,,,,,,,,,,,,,,,,,,,,,,,,,,,,,
2005-2006,Bundesliga,Hannover 96,Daniel Stendel,de GER,FW,31.0,6.0,1.0,130.0,1.4,0.0,0.0,0.0,0.0,0.0,0.0,0.0,0.0,,,,0.0,0.0,0.0,0.0,0.0,Matches,,,,,,,,,,,,,,,,,,,,,,,,,,,,,,,,,,,,,,,,,,,,,,,,,
2005-2006,Bundesliga,Hannover 96,Morten Jensen,de GER,GK,17.0,1.0,1.0,90.0,1.0,0.0,0.0,0.0,0.0,0.0,0.0,0.0,0.0,,,,0.0,0.0,0.0,0.0,0.0,Matches,,,,,,,,,,,,,,,,,,,,,,,,,,,,,,,,,,,,,,,,,,,,,,,,,
2005-2006,Bundesliga,Hannover 96,Frank Juric,au AUS,GK,31.0,1.0,1.0,90.0,1.0,0.0,0.0,0.0,0.0,0.0,0.0,0.0,0.0,,,,0.0,0.0,0.0,0.0,0.0,Matches,,,,,,,,,,,,,,,,,,,,,,,,,,,,,,,,,,,,,,,,,,,,,,,,,
2005-2006,Bundesliga,Hannover 96,Mohammadou Idrissou,cm CMR,FW,25.0,4.0,1.0,62.0,0.7,0.0,0.0,0.0,0.0,0.0,0.0,0.0,0.0,,,,0.0,0.0,0.0,0.0,0.0,Matches,,,,,,,,,,,,,,,,,,,,,,,,,,,,,,,,,,,,,,,,,,,,,,,,,
2005-2006,Bundesliga,Hannover 96,Thomas Christiansen,es ESP,FW,32.0,4.0,0.0,66.0,0.7,1.0,0.0,1.0,0.0,1.0,1.0,0.0,0.0,,,,1.36,0.0,1.36,0.0,0.0,Matches,,,,,,,,,,,,,,,,,,,,,,,,,,,,,,,,,,,,,,,,,,,,,,,,,
2005-2006,Bundesliga,Hannover 96,Fabian Montabell,de GER,FW,20.0,3.0,0.0,19.0,0.2,0.0,0.0,0.0,0.0,0.0,0.0,0.0,0.0,,,,0.0,0.0,0.0,0.0,0.0,Matches,,,,,,,,,,,,,,,,,,,,,,,,,,,,,,,,,,,,,,,,,,,,,,,,,
2005-2006,Bundesliga,Hannover 96,Johannes Dietwald,de GER,MF,20.0,1.0,0.0,4.0,0.0,0.0,,,0.0,0.0,,0.0,0.0,,,,0.0,,,0.0,,Matches,,,,,,,,,,,,,,,,,,,,,,,,,,,,,,,,,,,,,,,,,,,,,,,,,
2005-2006,Bundesliga,Hannover 96,Squad Total,,,27.5,34.0,374.0,,,43.0,32.0,75.0,40.0,3.0,4.0,54.0,2.0,,,,1.26,0.94,2.21,1.18,2.12,,,,,,,,,,,,,,,,,,,,,,,,,,,,,,,,,,,,,,,,,,,,,,,,,,
2005-2006,Bundesliga,Hannover 96,Opponent Total,,,26.6,34.0,374.0,,,,,,,,,,,,,,,,,,,,,,,,,,,,,,,,,,,,,,,,,,,,,,,,,,,,,,,,,,,,,,,,,,,,
2005-2006,Bundesliga,Arminia,Heiko Westermann,de GER,"DF,MF",21.0,34.0,34.0,3045.0,33.8,2.0,0.0,2.0,2.0,0.0,0.0,2.0,0.0,,,,0.06,0.0,0.06,0.06,0.06,Matches,,,,,,,,,,,,,,,,,,,,,,,,,,,,,,,,,,,,,,,,,,,,,,,,,
2005-2006,Bundesliga,Arminia,Bernd Korzynietz,de GER,"DF,FW",25.0,34.0,34.0,2987.0,33.2,0.0,0.0,0.0,0.0,0.0,0.0,2.0,0.0,,,,0.0,0.0,0.0,0.0,0.0,Matches,,,,,,,,,,,,,,,,,,,,,,,,,,,,,,,,,,,,,,,,,,,,,,,,,
2005-2006,Bundesliga,Arminia,Mathias Hain,de GER,GK,32.0,33.0,33.0,2940.0,32.7,0.0,0.0,0.0,0.0,0.0,0.0,2.0,0.0,,,,0.0,0.0,0.0,0.0,0.0,Matches,,,,,,,,,,,,,,,,,,,,,,,,,,,,,,,,,,,,,,,,,,,,,,,,,
2005-2006,Bundesliga,Arminia,Michael Fink,de GER,MF,23.0,33.0,32.0,2838.0,31.5,4.0,1.0,5.0,4.0,0.0,0.0,3.0,0.0,,,,0.13,0.03,0.16,0.13,0.16,Matches,,,,,,,,,,,,,,,,,,,,,,,,,,,,,,,,,,,,,,,,,,,,,,,,,
2005-2006,Bundesliga,Arminia,Markus Schuler,de GER,DF,27.0,28.0,27.0,2286.0,25.4,0.0,1.0,1.0,0.0,0.0,0.0,7.0,0.0,,,,0.0,0.04,0.04,0.0,0.04,Matches,,,,,,,,,,,,,,,,,,,,,,,,,,,,,,,,,,,,,,,,,,,,,,,,,
2005-2006,Bundesliga,Arminia,Márcio Borges,br BRA,DF,32.0,27.0,26.0,2355.0,26.2,1.0,0.0,1.0,1.0,0.0,0.0,8.0,0.0,,,,0.04,0.0,0.04,0.04,0.04,Matches,,,,,,,,,,,,,,,,,,,,,,,,,,,,,,,,,,,,,,,,,,,,,,,,,
2005-2006,Bundesliga,Arminia,Sibusiso Zuma,za RSA,"FW,MF",30.0,25.0,23.0,1917.0,21.3,4.0,4.0,8.0,4.0,0.0,0.0,2.0,0.0,,,,0.19,0.19,0.38,0.19,0.38,Matches,,,,,,,,,,,,,,,,,,,,,,,,,,,,,,,,,,,,,,,,,,,,,,,,,
2005-2006,Bundesliga,Arminia,Isaac Boakye,gh GHA,FW,23.0,25.0,22.0,1836.0,20.4,8.0,3.0,11.0,8.0,0.0,0.0,1.0,0.0,,,,0.39,0.15,0.54,0.39,0.54,Matches,,,,,,,,,,,,,,,,,,,,,,,,,,,,,,,,,,,,,,,,,,,,,,,,,
2005-2006,Bundesliga,Arminia,David Kobylík,cz CZE,MF,24.0,25.0,19.0,1693.0,18.8,2.0,1.0,3.0,2.0,0.0,1.0,1.0,0.0,,,,0.11,0.05,0.16,0.11,0.16,Matches,,,,,,,,,,,,,,,,,,,,,,,,,,,,,,,,,,,,,,,,,,,,,,,,,
2005-2006,Bundesliga,Arminia,Fatmir Vata,al ALB,MF,33.0,22.0,18.0,1673.0,18.6,2.0,2.0,4.0,2.0,0.0,0.0,5.0,0.0,,,,0.11,0.11,0.22,0.11,0.22,Matches,,,,,,,,,,,,,,,,,,,,,,,,,,,,,,,,,,,,,,,,,,,,,,,,,
2005-2006,Bundesliga,Arminia,Marco Küntzel,de GER,"FW,MF",29.0,19.0,18.0,1227.0,13.6,1.0,2.0,3.0,1.0,0.0,0.0,3.0,0.0,,,,0.07,0.15,0.22,0.07,0.22,Matches,,,,,,,,,,,,,,,,,,,,,,,,,,,,,,,,,,,,,,,,,,,,,,,,,
2005-2006,Bundesliga,Arminia,Rüdiger Kauf,de GER,MF,30.0,16.0,15.0,1366.0,15.2,1.0,0.0,1.0,1.0,0.0,0.0,5.0,0.0,,,,0.07,0.0,0.07,0.07,0.07,Matches,,,,,,,,,,,,,,,,,,,,,,,,,,,,,,,,,,,,,,,,,,,,,,,,,
2005-2006,Bundesliga,Arminia,Radim Kučera,cz CZE,DF,31.0,15.0,12.0,991.0,11.0,0.0,0.0,0.0,0.0,0.0,0.0,0.0,0.0,,,,0.0,0.0,0.0,0.0,0.0,Matches,,,,,,,,,,,,,,,,,,,,,,,,,,,,,,,,,,,,,,,,,,,,,,,,,
2005-2006,Bundesliga,Arminia,Ioannis Masmanidis,de GER,MF,22.0,16.0,10.0,1007.0,11.2,0.0,2.0,2.0,0.0,0.0,0.0,2.0,0.0,,,,0.0,0.18,0.18,0.0,0.18,Matches,,,,,,,,,,,,,,,,,,,,,,,,,,,,,,,,,,,,,,,,,,,,,,,,,
2005-2006,Bundesliga,Arminia,Detlev Dammeier,de GER,MF,36.0,13.0,10.0,801.0,8.9,0.0,1.0,1.0,0.0,0.0,0.0,1.0,0.0,,,,0.0,0.11,0.11,0.0,0.11,Matches,,,,,,,,,,,,,,,,,,,,,,,,,,,,,,,,,,,,,,,,,,,,,,,,,
2005-2006,Bundesliga,Arminia,Nebojša Krupniković,rs SRB,MF,31.0,8.0,8.0,608.0,6.8,3.0,1.0,4.0,1.0,2.0,2.0,0.0,0.0,,,,0.44,0.15,0.59,0.15,0.3,Matches,,,,,,,,,,,,,,,,,,,,,,,,,,,,,,,,,,,,,,,,,,,,,,,,,
2005-2006,Bundesliga,Arminia,Tobias Rau,de GER,DF,23.0,14.0,7.0,783.0,8.7,0.0,0.0,0.0,0.0,0.0,0.0,3.0,0.0,,,,0.0,0.0,0.0,0.0,0.0,Matches,,,,,,,,,,,,,,,,,,,,,,,,,,,,,,,,,,,,,,,,,,,,,,,,,
2005-2006,Bundesliga,Arminia,Radomir Đalović,me MNE,FW,22.0,21.0,6.0,754.0,8.4,2.0,0.0,2.0,2.0,0.0,0.0,3.0,0.0,,,,0.24,0.0,0.24,0.24,0.24,Matches,,,,,,,,,,,,,,,,,,,,,,,,,,,,,,,,,,,,,,,,,,,,,,,,,
2005-2006,Bundesliga,Arminia,Petr Gabriel,cz CZE,DF,32.0,6.0,6.0,540.0,6.0,0.0,1.0,1.0,0.0,0.0,0.0,0.0,0.0,,,,0.0,0.17,0.17,0.0,0.17,Matches,,,,,,,,,,,,,,,,,,,,,,,,,,,,,,,,,,,,,,,,,,,,,,,,,
2005-2006,Bundesliga,Arminia,Artur Wichniarek,pl POL,FW,28.0,9.0,5.0,388.0,4.3,0.0,0.0,0.0,0.0,0.0,0.0,0.0,0.0,,,,0.0,0.0,0.0,0.0,0.0,Matches,,,,,,,,,,,,,,,,,,,,,,,,,,,,,,,,,,,,,,,,,,,,,,,,,
2005-2006,Bundesliga,Arminia,Massimilian Porcello,de GER,MF,25.0,6.0,4.0,400.0,4.4,0.0,0.0,0.0,0.0,0.0,0.0,2.0,0.0,,,,0.0,0.0,0.0,0.0,0.0,Matches,,,,,,,,,,,,,,,,,,,,,,,,,,,,,,,,,,,,,,,,,,,,,,,,,
2005-2006,Bundesliga,Arminia,Roberto Pinto,pt POR,MF,26.0,31.0,3.0,937.0,10.4,1.0,2.0,3.0,1.0,0.0,0.0,2.0,0.0,,,,0.1,0.19,0.29,0.1,0.29,Matches,,,,,,,,,,,,,,,,,,,,,,,,,,,,,,,,,,,,,,,,,,,,,,,,,
2005-2006,Bundesliga,Arminia,Dennis Eilhoff,de GER,GK,23.0,2.0,1.0,120.0,1.3,0.0,0.0,0.0,0.0,0.0,0.0,0.0,0.0,,,,0.0,0.0,0.0,0.0,0.0,Matches,,,,,,,,,,,,,,,,,,,,,,,,,,,,,,,,,,,,,,,,,,,,,,,,,
2005-2006,Bundesliga,Arminia,Tim Danneberg,de GER,MF,19.0,2.0,1.0,116.0,1.3,0.0,0.0,0.0,0.0,0.0,0.0,0.0,0.0,,,,0.0,0.0,0.0,0.0,0.0,Matches,,,,,,,,,,,,,,,,,,,,,,,,,,,,,,,,,,,,,,,,,,,,,,,,,
2005-2006,Bundesliga,Arminia,Diego León,es ESP,MF,21.0,4.0,0.0,50.0,0.6,1.0,0.0,1.0,1.0,0.0,0.0,0.0,0.0,,,,1.8,0.0,1.8,1.8,1.8,Matches,,,,,,,,,,,,,,,,,,,,,,,,,,,,,,,,,,,,,,,,,,,,,,,,,
2005-2006,Bundesliga,Arminia,Kamil Vacek,cz CZE,MF,18.0,1.0,0.0,6.0,0.1,0.0,,,0.0,0.0,,0.0,0.0,,,,0.0,,,0.0,,Matches,,,,,,,,,,,,,,,,,,,,,,,,,,,,,,,,,,,,,,,,,,,,,,,,,
2005-2006,Bundesliga,Arminia,Squad Total,,,27.7,34.0,374.0,,,32.0,21.0,53.0,30.0,2.0,3.0,47.0,0.0,,,,0.94,0.62,1.56,0.88,1.5,,,,,,,,,,,,,,,,,,,,,,,,,,,,,,,,,,,,,,,,,,,,,,,,,,
2005-2006,Bundesliga,Arminia,Opponent Total,,,26.8,34.0,374.0,,,,,,,,,,,,,,,,,,,,,,,,,,,,,,,,,,,,,,,,,,,,,,,,,,,,,,,,,,,,,,,,,,,,
2005-2006,Bundesliga,Eint Frankfurt,Aleksandar Vasoski,mk MKD,DF,25.0,33.0,33.0,2970.0,33.0,1.0,1.0,2.0,1.0,0.0,0.0,8.0,0.0,,,,0.03,0.03,0.06,0.03,0.06,Matches,,,,,,,,,,,,,,,,,,,,,,,,,,,,,,,,,,,,,,,,,,,,,,,,,
2005-2006,Bundesliga,Eint Frankfurt,Alexander Meier,de GER,"FW,MF",22.0,33.0,32.0,2783.0,30.9,7.0,6.0,13.0,7.0,0.0,0.0,4.0,0.0,,,,0.23,0.19,0.42,0.23,0.42,Matches,,,,,,,,,,,,,,,,,,,,,,,,,,,,,,,,,,,,,,,,,,,,,,,,,
2005-2006,Bundesliga,Eint Frankfurt,Ioannis Amanatidis,gr GRE,"FW,MF",23.0,32.0,31.0,2606.0,29.0,12.0,2.0,14.0,11.0,1.0,1.0,5.0,0.0,,,,0.41,0.07,0.48,0.38,0.45,Matches,,,,,,,,,,,,,,,,,,,,,,,,,,,,,,,,,,,,,,,,,,,,,,,,,
2005-2006,Bundesliga,Eint Frankfurt,Oka Nikolov,mk MKD,GK,31.0,30.0,30.0,2700.0,30.0,0.0,0.0,0.0,0.0,0.0,0.0,0.0,0.0,,,,0.0,0.0,0.0,0.0,0.0,Matches,,,,,,,,,,,,,,,,,,,,,,,,,,,,,,,,,,,,,,,,,,,,,,,,,
2005-2006,Bundesliga,Eint Frankfurt,Patrick Ochs,de GER,"DF,MF",21.0,28.0,25.0,2277.0,25.3,0.0,0.0,0.0,0.0,0.0,0.0,8.0,0.0,,,,0.0,0.0,0.0,0.0,0.0,Matches,,,,,,,,,,,,,,,,,,,,,,,,,,,,,,,,,,,,,,,,,,,,,,,,,
2005-2006,Bundesliga,Eint Frankfurt,Benjamin Köhler,de GER,MF,24.0,29.0,25.0,2172.0,24.1,3.0,4.0,7.0,3.0,0.0,0.0,2.0,1.0,,,,0.12,0.17,0.29,0.12,0.29,Matches,,,,,,,,,,,,,,,,,,,,,,,,,,,,,,,,,,,,,,,,,,,,,,,,,
2005-2006,Bundesliga,Eint Frankfurt,Marko Rehmer,de GER,DF,33.0,25.0,25.0,2020.0,22.4,2.0,1.0,3.0,2.0,0.0,0.0,4.0,0.0,,,,0.09,0.04,0.13,0.09,0.13,Matches,,,,,,,,,,,,,,,,,,,,,,,,,,,,,,,,,,,,,,,,,,,,,,,,,
2005-2006,Bundesliga,Eint Frankfurt,Christoph Spycher,ch SUI,DF,27.0,24.0,24.0,2140.0,23.8,0.0,0.0,0.0,0.0,0.0,0.0,0.0,0.0,,,,0.0,0.0,0.0,0.0,0.0,Matches,,,,,,,,,,,,,,,,,,,,,,,,,,,,,,,,,,,,,,,,,,,,,,,,,
2005-2006,Bundesliga,Eint Frankfurt,Francisco Copado,es ESP,"FW,MF",31.0,24.0,21.0,1807.0,20.1,6.0,4.0,10.0,5.0,1.0,2.0,1.0,0.0,,,,0.3,0.2,0.5,0.25,0.45,Matches,,,,,,,,,,,,,,,,,,,,,,,,,,,,,,,,,,,,,,,,,,,,,,,,,
2005-2006,Bundesliga,Eint Frankfurt,Benjamin Huggel,ch SUI,MF,28.0,28.0,20.0,1868.0,20.8,0.0,0.0,0.0,0.0,0.0,0.0,2.0,0.0,,,,0.0,0.0,0.0,0.0,0.0,Matches,,,,,,,,,,,,,,,,,,,,,,,,,,,,,,,,,,,,,,,,,,,,,,,,,
2005-2006,Bundesliga,Eint Frankfurt,Chris,br BRA,"DF,MF",26.0,22.0,20.0,1818.0,20.2,2.0,2.0,4.0,2.0,0.0,0.0,6.0,0.0,,,,0.1,0.1,0.2,0.1,0.2,Matches,,,,,,,,,,,,,,,,,,,,,,,,,,,,,,,,,,,,,,,,,,,,,,,,,
2005-2006,Bundesliga,Eint Frankfurt,Jermaine Jones,us USA,MF,23.0,20.0,20.0,1707.0,19.0,2.0,0.0,2.0,2.0,0.0,0.0,8.0,0.0,,,,0.11,0.0,0.11,0.11,0.11,Matches,,,,,,,,,,,,,,,,,,,,,,,,,,,,,,,,,,,,,,,,,,,,,,,,,
2005-2006,Bundesliga,Eint Frankfurt,Christoph Preuß,de GER,"DF,MF",24.0,23.0,18.0,1652.0,18.4,1.0,0.0,1.0,1.0,0.0,0.0,1.0,0.0,,,,0.05,0.0,0.05,0.05,0.05,Matches,,,,,,,,,,,,,,,,,,,,,,,,,,,,,,,,,,,,,,,,,,,,,,,,,
2005-2006,Bundesliga,Eint Frankfurt,Cha Du-ri,kr KOR,"DF,MF",25.0,27.0,11.0,1177.0,13.1,3.0,2.0,5.0,3.0,0.0,0.0,1.0,0.0,,,,0.23,0.15,0.38,0.23,0.38,Matches,,,,,,,,,,,,,,,,,,,,,,,,,,,,,,,,,,,,,,,,,,,,,,,,,
2005-2006,Bundesliga,Eint Frankfurt,Daniyel Cimen,de GER,"DF,MF",20.0,12.0,8.0,772.0,8.6,0.0,0.0,0.0,0.0,0.0,0.0,0.0,0.0,,,,0.0,0.0,0.0,0.0,0.0,Matches,,,,,,,,,,,,,,,,,,,,,,,,,,,,,,,,,,,,,,,,,,,,,,,,,
2005-2006,Bundesliga,Eint Frankfurt,Marco Russ,de GER,"DF,MF",19.0,9.0,8.0,735.0,8.2,0.0,0.0,0.0,0.0,0.0,0.0,4.0,0.0,,,,0.0,0.0,0.0,0.0,0.0,Matches,,,,,,,,,,,,,,,,,,,,,,,,,,,,,,,,,,,,,,,,,,,,,,,,,
2005-2006,Bundesliga,Eint Frankfurt,Stefan Lexa,at AUT,MF,28.0,13.0,6.0,598.0,6.6,0.0,2.0,2.0,0.0,0.0,0.0,2.0,0.0,,,,0.0,0.3,0.3,0.0,0.3,Matches,,,,,,,,,,,,,,,,,,,,,,,,,,,,,,,,,,,,,,,,,,,,,,,,,
2005-2006,Bundesliga,Eint Frankfurt,Markus Weissenberger,at AUT,MF,30.0,14.0,5.0,582.0,6.5,1.0,1.0,2.0,1.0,0.0,0.0,1.0,0.0,,,,0.15,0.15,0.31,0.15,0.31,Matches,,,,,,,,,,,,,,,,,,,,,,,,,,,,,,,,,,,,,,,,,,,,,,,,,
2005-2006,Bundesliga,Eint Frankfurt,Christopher Reinhard,de GER,"DF,FW",20.0,7.0,5.0,476.0,5.3,0.0,0.0,0.0,0.0,0.0,0.0,1.0,0.0,,,,0.0,0.0,0.0,0.0,0.0,Matches,,,,,,,,,,,,,,,,,,,,,,,,,,,,,,,,,,,,,,,,,,,,,,,,,
2005-2006,Bundesliga,Eint Frankfurt,Arie van Lent,de GER,FW,34.0,11.0,2.0,318.0,3.5,0.0,0.0,0.0,0.0,0.0,0.0,0.0,0.0,,,,0.0,0.0,0.0,0.0,0.0,Matches,,,,,,,,,,,,,,,,,,,,,,,,,,,,,,,,,,,,,,,,,,,,,,,,,
2005-2006,Bundesliga,Eint Frankfurt,Markus Pröll,de GER,GK,25.0,2.0,2.0,180.0,2.0,0.0,0.0,0.0,0.0,0.0,0.0,0.0,0.0,,,,0.0,0.0,0.0,0.0,0.0,Matches,,,,,,,,,,,,,,,,,,,,,,,,,,,,,,,,,,,,,,,,,,,,,,,,,
2005-2006,Bundesliga,Eint Frankfurt,Jan Zimmermann,de GER,GK,20.0,2.0,2.0,180.0,2.0,0.0,0.0,0.0,0.0,0.0,0.0,0.0,0.0,,,,0.0,0.0,0.0,0.0,0.0,Matches,,,,,,,,,,,,,,,,,,,,,,,,,,,,,,,,,,,,,,,,,,,,,,,,,
2005-2006,Bundesliga,Eint Frankfurt,Mounir Chaftar,de GER,DF,19.0,1.0,1.0,60.0,0.7,0.0,0.0,0.0,0.0,0.0,0.0,1.0,0.0,,,,0.0,0.0,0.0,0.0,0.0,Matches,,,,,,,,,,,,,,,,,,,,,,,,,,,,,,,,,,,,,,,,,,,,,,,,,
2005-2006,Bundesliga,Eint Frankfurt,Alexander Schur,de GER,MF,34.0,2.0,0.0,31.0,0.3,0.0,0.0,0.0,0.0,0.0,0.0,0.0,0.0,,,,0.0,0.0,0.0,0.0,0.0,Matches,,,,,,,,,,,,,,,,,,,,,,,,,,,,,,,,,,,,,,,,,,,,,,,,,
2005-2006,Bundesliga,Eint Frankfurt,Dominik Stroh-Engel,de GER,FW,19.0,3.0,0.0,28.0,0.3,0.0,0.0,0.0,0.0,0.0,0.0,1.0,0.0,,,,0.0,0.0,0.0,0.0,0.0,Matches,,,,,,,,,,,,,,,,,,,,,,,,,,,,,,,,,,,,,,,,,,,,,,,,,
2005-2006,Bundesliga,Eint Frankfurt,Andree Wiedener,de GER,DF,35.0,1.0,0.0,3.0,0.0,0.0,,,0.0,0.0,,0.0,0.0,,,,0.0,,,0.0,,Matches,,,,,,,,,,,,,,,,,,,,,,,,,,,,,,,,,,,,,,,,,,,,,,,,,
2005-2006,Bundesliga,Eint Frankfurt,Squad Total,,,26.1,34.0,374.0,,,40.0,25.0,65.0,38.0,2.0,3.0,56.0,1.0,,,,1.18,0.74,1.91,1.12,1.85,,,,,,,,,,,,,,,,,,,,,,,,,,,,,,,,,,,,,,,,,,,,,,,,,,
2005-2006,Bundesliga,Eint Frankfurt,Opponent Total,,,26.5,34.0,374.0,,,,,,,,,,,,,,,,,,,,,,,,,,,,,,,,,,,,,,,,,,,,,,,,,,,,,,,,,,,,,,,,,,,,
2005-2006,Bundesliga,Wolfsburg,Simon Jentzsch,de GER,GK,29.0,34.0,34.0,3060.0,34.0,0.0,0.0,0.0,0.0,0.0,0.0,4.0,0.0,,,,0.0,0.0,0.0,0.0,0.0,Matches,,,,,,,,,,,,,,,,,,,,,,,,,,,,,,,,,,,,,,,,,,,,,,,,,
2005-2006,Bundesliga,Wolfsburg,Juan Carlos Menseguez,ar ARG,"FW,MF",21.0,33.0,29.0,2627.0,29.2,2.0,3.0,5.0,2.0,0.0,0.0,1.0,0.0,,,,0.07,0.1,0.17,0.07,0.17,Matches,,,,,,,,,,,,,,,,,,,,,,,,,,,,,,,,,,,,,,,,,,,,,,,,,
2005-2006,Bundesliga,Wolfsburg,Facundo Quiroga,ar ARG,DF,27.0,28.0,27.0,2332.0,25.9,0.0,0.0,0.0,0.0,0.0,0.0,3.0,1.0,,,,0.0,0.0,0.0,0.0,0.0,Matches,,,,,,,,,,,,,,,,,,,,,,,,,,,,,,,,,,,,,,,,,,,,,,,,,
2005-2006,Bundesliga,Wolfsburg,Miroslav Karhan,sk SVK,MF,29.0,30.0,27.0,2198.0,24.4,1.0,4.0,5.0,0.0,1.0,1.0,2.0,0.0,,,,0.04,0.16,0.2,0.0,0.16,Matches,,,,,,,,,,,,,,,,,,,,,,,,,,,,,,,,,,,,,,,,,,,,,,,,,
2005-2006,Bundesliga,Wolfsburg,Diego Klimowicz,ar ARG,FW,31.0,26.0,25.0,2164.0,24.0,12.0,2.0,14.0,12.0,0.0,0.0,8.0,2.0,,,,0.5,0.08,0.58,0.5,0.58,Matches,,,,,,,,,,,,,,,,,,,,,,,,,,,,,,,,,,,,,,,,,,,,,,,,,
2005-2006,Bundesliga,Wolfsburg,Mike Hanke,de GER,FW,21.0,31.0,25.0,2138.0,23.8,8.0,1.0,9.0,8.0,0.0,0.0,2.0,0.0,,,,0.34,0.04,0.38,0.34,0.38,Matches,,,,,,,,,,,,,,,,,,,,,,,,,,,,,,,,,,,,,,,,,,,,,,,,,
2005-2006,Bundesliga,Wolfsburg,Peter Van der Heyden,be BEL,DF,29.0,24.0,22.0,1878.0,20.9,0.0,0.0,0.0,0.0,0.0,0.0,5.0,0.0,,,,0.0,0.0,0.0,0.0,0.0,Matches,,,,,,,,,,,,,,,,,,,,,,,,,,,,,,,,,,,,,,,,,,,,,,,,,
2005-2006,Bundesliga,Wolfsburg,Hans Sarpei,gh GHA,DF,29.0,28.0,21.0,1885.0,20.9,0.0,3.0,3.0,0.0,0.0,0.0,6.0,0.0,,,,0.0,0.14,0.14,0.0,0.14,Matches,,,,,,,,,,,,,,,,,,,,,,,,,,,,,,,,,,,,,,,,,,,,,,,,,
2005-2006,Bundesliga,Wolfsburg,Kevin Hofland,nl NED,DF,26.0,19.0,19.0,1697.0,18.9,2.0,0.0,2.0,2.0,0.0,0.0,9.0,1.0,,,,0.11,0.0,0.11,0.11,0.11,Matches,,,,,,,,,,,,,,,,,,,,,,,,,,,,,,,,,,,,,,,,,,,,,,,,,
2005-2006,Bundesliga,Wolfsburg,Pablo Thiam,gn GUI,"DF,MF",31.0,24.0,19.0,1666.0,18.5,1.0,0.0,1.0,1.0,0.0,0.0,3.0,0.0,,,,0.05,0.0,0.05,0.05,0.05,Matches,,,,,,,,,,,,,,,,,,,,,,,,,,,,,,,,,,,,,,,,,,,,,,,,,
2005-2006,Bundesliga,Wolfsburg,Bojan Neziri,rs SRB,DF,23.0,20.0,17.0,1484.0,16.5,0.0,0.0,0.0,0.0,0.0,0.0,1.0,0.0,,,,0.0,0.0,0.0,0.0,0.0,Matches,,,,,,,,,,,,,,,,,,,,,,,,,,,,,,,,,,,,,,,,,,,,,,,,,
2005-2006,Bundesliga,Wolfsburg,Alex,pt POR,"DF,MF",25.0,17.0,17.0,1360.0,15.1,0.0,1.0,1.0,0.0,0.0,0.0,4.0,0.0,,,,0.0,0.07,0.07,0.0,0.07,Matches,,,,,,,,,,,,,,,,,,,,,,,,,,,,,,,,,,,,,,,,,,,,,,,,,
2005-2006,Bundesliga,Wolfsburg,Levan Tskitishvili,ge GEO,MF,28.0,15.0,15.0,1169.0,13.0,0.0,0.0,0.0,0.0,0.0,0.0,3.0,1.0,,,,0.0,0.0,0.0,0.0,0.0,Matches,,,,,,,,,,,,,,,,,,,,,,,,,,,,,,,,,,,,,,,,,,,,,,,,,
2005-2006,Bundesliga,Wolfsburg,Maik Franz,de GER,DF,23.0,16.0,13.0,1185.0,13.2,0.0,0.0,0.0,0.0,0.0,0.0,4.0,1.0,,,,0.0,0.0,0.0,0.0,0.0,Matches,,,,,,,,,,,,,,,,,,,,,,,,,,,,,,,,,,,,,,,,,,,,,,,,,
2005-2006,Bundesliga,Wolfsburg,Andrés D'Alessandro,ar ARG,"FW,MF",24.0,13.0,13.0,1129.0,12.5,2.0,3.0,5.0,2.0,0.0,0.0,4.0,0.0,,,,0.16,0.24,0.4,0.16,0.4,Matches,,,,,,,,,,,,,,,,,,,,,,,,,,,,,,,,,,,,,,,,,,,,,,,,,
2005-2006,Bundesliga,Wolfsburg,Tommie van der Leegte,nl NED,MF,28.0,13.0,12.0,1013.0,11.3,0.0,0.0,0.0,0.0,0.0,0.0,5.0,0.0,,,,0.0,0.0,0.0,0.0,0.0,Matches,,,,,,,,,,,,,,,,,,,,,,,,,,,,,,,,,,,,,,,,,,,,,,,,,
2005-2006,Bundesliga,Wolfsburg,Stefan Schnoor,de GER,DF,34.0,20.0,10.0,1063.0,11.8,0.0,0.0,0.0,0.0,0.0,0.0,3.0,0.0,,,,0.0,0.0,0.0,0.0,0.0,Matches,,,,,,,,,,,,,,,,,,,,,,,,,,,,,,,,,,,,,,,,,,,,,,,,,
2005-2006,Bundesliga,Wolfsburg,Rick Hoogendorp,nl NED,FW,30.0,14.0,8.0,746.0,8.3,1.0,0.0,1.0,1.0,0.0,0.0,1.0,0.0,,,,0.12,0.0,0.12,0.12,0.12,Matches,,,,,,,,,,,,,,,,,,,,,,,,,,,,,,,,,,,,,,,,,,,,,,,,,
2005-2006,Bundesliga,Wolfsburg,Marian Hristov,bg BUL,MF,32.0,9.0,8.0,660.0,7.3,1.0,1.0,2.0,1.0,0.0,0.0,4.0,0.0,,,,0.14,0.14,0.27,0.14,0.27,Matches,,,,,,,,,,,,,,,,,,,,,,,,,,,,,,,,,,,,,,,,,,,,,,,,,
2005-2006,Bundesliga,Wolfsburg,Steve Marlet,fr FRA,"FW,MF",31.0,21.0,7.0,798.0,8.9,1.0,0.0,1.0,1.0,0.0,0.0,1.0,0.0,,,,0.11,0.0,0.11,0.11,0.11,Matches,,,,,,,,,,,,,,,,,,,,,,,,,,,,,,,,,,,,,,,,,,,,,,,,,
2005-2006,Bundesliga,Wolfsburg,Christopher Lamprecht,de GER,DF,20.0,14.0,3.0,532.0,5.9,1.0,0.0,1.0,1.0,0.0,0.0,4.0,0.0,,,,0.17,0.0,0.17,0.17,0.17,Matches,,,,,,,,,,,,,,,,,,,,,,,,,,,,,,,,,,,,,,,,,,,,,,,,,
2005-2006,Bundesliga,Wolfsburg,Karsten Fischer,de GER,"DF,MF",21.0,5.0,2.0,249.0,2.8,0.0,0.0,0.0,0.0,0.0,0.0,2.0,0.0,,,,0.0,0.0,0.0,0.0,0.0,Matches,,,,,,,,,,,,,,,,,,,,,,,,,,,,,,,,,,,,,,,,,,,,,,,,,
2005-2006,Bundesliga,Wolfsburg,Patrick Weiser,de GER,"DF,MF",33.0,2.0,1.0,161.0,1.8,0.0,0.0,0.0,0.0,0.0,0.0,0.0,0.0,,,,0.0,0.0,0.0,0.0,0.0,Matches,,,,,,,,,,,,,,,,,,,,,,,,,,,,,,,,,,,,,,,,,,,,,,,,,
2005-2006,Bundesliga,Wolfsburg,Cédric Makiadi,cd COD,MF,21.0,10.0,0.0,252.0,2.8,1.0,1.0,2.0,1.0,0.0,0.0,1.0,0.0,,,,0.36,0.36,0.71,0.36,0.71,Matches,,,,,,,,,,,,,,,,,,,,,,,,,,,,,,,,,,,,,,,,,,,,,,,,,
2005-2006,Bundesliga,Wolfsburg,Marko Topić,ba BIH,FW,29.0,2.0,0.0,20.0,0.2,0.0,,,0.0,0.0,,0.0,0.0,,,,0.0,,,0.0,,Matches,,,,,,,,,,,,,,,,,,,,,,,,,,,,,,,,,,,,,,,,,,,,,,,,,
2005-2006,Bundesliga,Wolfsburg,Abuda,br BRA,FW,19.0,1.0,0.0,9.0,0.1,0.0,,,0.0,0.0,,1.0,0.0,,,,0.0,,,0.0,,Matches,,,,,,,,,,,,,,,,,,,,,,,,,,,,,,,,,,,,,,,,,,,,,,,,,
2005-2006,Bundesliga,Wolfsburg,Matthias Langkamp,de GER,DF,21.0,1.0,0.0,4.0,0.0,0.0,,,0.0,0.0,,0.0,0.0,,,,0.0,,,0.0,,Matches,,,,,,,,,,,,,,,,,,,,,,,,,,,,,,,,,,,,,,,,,,,,,,,,,
2005-2006,Bundesliga,Wolfsburg,Squad Total,,,27.4,34.0,374.0,,,33.0,19.0,52.0,32.0,1.0,1.0,73.0,6.0,,,,0.97,0.56,1.53,0.94,1.5,,,,,,,,,,,,,,,,,,,,,,,,,,,,,,,,,,,,,,,,,,,,,,,,,,
2005-2006,Bundesliga,Wolfsburg,Opponent Total,,,26.5,34.0,374.0,,,,,,,,,,,,,,,,,,,,,,,,,,,,,,,,,,,,,,,,,,,,,,,,,,,,,,,,,,,,,,,,,,,,
2005-2006,Bundesliga,Kaiserslautern,Halil Altıntop,tr TUR,"FW,MF",22.0,,34.0,2883.0,32.0,20.0,3.0,23.0,20.0,0.0,0.0,2.0,0.0,,,,0.62,0.09,0.72,0.62,0.72,Matches,34.0,,,,,,,,,,,,,,,,,,,,,,,,,,,,,,,,,,,,,,,,,,,,,,,,
2005-2006,Bundesliga,Kaiserslautern,Ervin Skela,al ALB,"FW,MF",28.0,,33.0,2993.0,33.3,4.0,5.0,9.0,3.0,1.0,2.0,0.0,0.0,,,,0.12,0.15,0.27,0.09,0.24,Matches,34.0,,,,,,,,,,,,,,,,,,,,,,,,,,,,,,,,,,,,,,,,,,,,,,,,
2005-2006,Bundesliga,Kaiserslautern,Marco Engelhardt,de GER,"DF,MF",24.0,,30.0,2698.0,30.0,1.0,2.0,3.0,1.0,0.0,0.0,7.0,0.0,,,,0.03,0.07,0.1,0.03,0.1,Matches,32.0,,,,,,,,,,,,,,,,,,,,,,,,,,,,,,,,,,,,,,,,,,,,,,,,
2005-2006,Bundesliga,Kaiserslautern,Nzelo Hervé Lembi,cd COD,DF,29.0,,29.0,2439.0,27.1,1.0,1.0,2.0,1.0,0.0,0.0,5.0,0.0,,,,0.04,0.04,0.07,0.04,0.07,Matches,29.0,,,,,,,,,,,,,,,,,,,,,,,,,,,,,,,,,,,,,,,,,,,,,,,,
2005-2006,Bundesliga,Kaiserslautern,Ingo Hertzsch,de GER,DF,28.0,,22.0,2016.0,22.4,0.0,0.0,0.0,0.0,0.0,0.0,5.0,0.0,,,,0.0,0.0,0.0,0.0,0.0,Matches,26.0,,,,,,,,,,,,,,,,,,,,,,,,,,,,,,,,,,,,,,,,,,,,,,,,
2005-2006,Bundesliga,Kaiserslautern,Boubacar Sanogo,ci CIV,FW,22.0,,21.0,1939.0,21.5,10.0,5.0,15.0,9.0,1.0,1.0,1.0,0.0,,,,0.46,0.23,0.7,0.42,0.65,Matches,24.0,,,,,,,,,,,,,,,,,,,,,,,,,,,,,,,,,,,,,,,,,,,,,,,,
2005-2006,Bundesliga,Kaiserslautern,Marcelo Pletsch,br BRA,DF,29.0,,21.0,1868.0,20.8,1.0,0.0,1.0,1.0,0.0,0.0,3.0,0.0,,,,0.05,0.0,0.05,0.05,0.05,Matches,22.0,,,,,,,,,,,,,,,,,,,,,,,,,,,,,,,,,,,,,,,,,,,,,,,,
2005-2006,Bundesliga,Kaiserslautern,Jürgen Macho,at AUT,GK,27.0,,20.0,1752.0,19.5,0.0,0.0,0.0,0.0,0.0,0.0,1.0,0.0,,,,0.0,0.0,0.0,0.0,0.0,Matches,20.0,,,,,,,,,,,,,,,,,,,,,,,,,,,,,,,,,,,,,,,,,,,,,,,,
2005-2006,Bundesliga,Kaiserslautern,Axel Bellinghausen,de GER,MF,22.0,,17.0,1497.0,16.6,0.0,2.0,2.0,0.0,0.0,0.0,2.0,0.0,,,,0.0,0.12,0.12,0.0,0.12,Matches,20.0,,,,,,,,,,,,,,,,,,,,,,,,,,,,,,,,,,,,,,,,,,,,,,,,
2005-2006,Bundesliga,Kaiserslautern,Fabian Schönheim,de GER,DF,18.0,,17.0,1469.0,16.3,1.0,0.0,1.0,1.0,0.0,0.0,0.0,0.0,,,,0.06,0.0,0.06,0.06,0.06,Matches,18.0,,,,,,,,,,,,,,,,,,,,,,,,,,,,,,,,,,,,,,,,,,,,,,,,
2005-2006,Bundesliga,Kaiserslautern,Mathieu Béda,fr FRA,"DF,MF",24.0,,16.0,1395.0,15.5,0.0,0.0,0.0,0.0,0.0,0.0,4.0,0.0,,,,0.0,0.0,0.0,0.0,0.0,Matches,16.0,,,,,,,,,,,,,,,,,,,,,,,,,,,,,,,,,,,,,,,,,,,,,,,,
2005-2006,Bundesliga,Kaiserslautern,Stefan Blank,de GER,DF,28.0,,14.0,1278.0,14.2,1.0,1.0,2.0,1.0,0.0,0.0,3.0,1.0,,,,0.07,0.07,0.14,0.07,0.14,Matches,17.0,,,,,,,,,,,,,,,,,,,,,,,,,,,,,,,,,,,,,,,,,,,,,,,,
2005-2006,Bundesliga,Kaiserslautern,Florian Fromlowitz,de GER,GK,19.0,,11.0,1038.0,11.5,0.0,0.0,0.0,0.0,0.0,0.0,0.0,0.0,,,,0.0,0.0,0.0,0.0,0.0,Matches,12.0,,,,,,,,,,,,,,,,,,,,,,,,,,,,,,,,,,,,,,,,,,,,,,,,
2005-2006,Bundesliga,Kaiserslautern,Lucien Mettomo,cm CMR,DF,28.0,,9.0,738.0,8.2,0.0,0.0,0.0,0.0,0.0,0.0,2.0,0.0,,,,0.0,0.0,0.0,0.0,0.0,Matches,9.0,,,,,,,,,,,,,,,,,,,,,,,,,,,,,,,,,,,,,,,,,,,,,,,,
2005-2006,Bundesliga,Kaiserslautern,Sebastian Reinert,de GER,MF,18.0,,9.0,736.0,8.2,1.0,0.0,1.0,1.0,0.0,0.0,0.0,0.0,,,,0.12,0.0,0.12,0.12,0.12,Matches,14.0,,,,,,,,,,,,,,,,,,,,,,,,,,,,,,,,,,,,,,,,,,,,,,,,
2005-2006,Bundesliga,Kaiserslautern,Jon Inge Høiland,no NOR,DF,27.0,,8.0,633.0,7.0,0.0,1.0,1.0,0.0,0.0,0.0,0.0,0.0,,,,0.0,0.14,0.14,0.0,0.14,Matches,9.0,,,,,,,,,,,,,,,,,,,,,,,,,,,,,,,,,,,,,,,,,,,,,,,,
2005-2006,Bundesliga,Kaiserslautern,Jochen Seitz,de GER,"DF,MF",28.0,,7.0,582.0,6.5,1.0,1.0,2.0,1.0,0.0,0.0,2.0,0.0,,,,0.15,0.15,0.31,0.15,0.31,Matches,12.0,,,,,,,,,,,,,,,,,,,,,,,,,,,,,,,,,,,,,,,,,,,,,,,,
2005-2006,Bundesliga,Kaiserslautern,Ciriaco Sforza,ch SUI,"DF,MF",35.0,,7.0,503.0,5.6,0.0,1.0,1.0,0.0,0.0,0.0,0.0,1.0,,,,0.0,0.18,0.18,0.0,0.18,Matches,7.0,,,,,,,,,,,,,,,,,,,,,,,,,,,,,,,,,,,,,,,,,,,,,,,,
2005-2006,Bundesliga,Kaiserslautern,Mihael Mikić,hr CRO,"DF,MF",25.0,,6.0,828.0,9.2,0.0,1.0,1.0,0.0,0.0,0.0,5.0,0.0,,,,0.0,0.11,0.11,0.0,0.11,Matches,20.0,,,,,,,,,,,,,,,,,,,,,,,,,,,,,,,,,,,,,,,,,,,,,,,,
2005-2006,Bundesliga,Kaiserslautern,Balázs Borbély,sk SVK,"DF,MF",25.0,,6.0,373.0,4.1,0.0,0.0,0.0,0.0,0.0,0.0,5.0,0.0,,,,0.0,0.0,0.0,0.0,0.0,Matches,8.0,,,,,,,,,,,,,,,,,,,,,,,,,,,,,,,,,,,,,,,,,,,,,,,,
2005-2006,Bundesliga,Kaiserslautern,Daniel Halfar,de GER,MF,17.0,,5.0,678.0,7.5,3.0,2.0,5.0,3.0,0.0,0.0,4.0,0.0,,,,0.4,0.27,0.66,0.4,0.66,Matches,18.0,,,,,,,,,,,,,,,,,,,,,,,,,,,,,,,,,,,,,,,,,,,,,,,,
2005-2006,Bundesliga,Kaiserslautern,Ferydoon Zandi,ir IRN,MF,26.0,,5.0,676.0,7.5,0.0,2.0,2.0,0.0,0.0,0.0,1.0,0.0,,,,0.0,0.27,0.27,0.0,0.27,Matches,19.0,,,,,,,,,,,,,,,,,,,,,,,,,,,,,,,,,,,,,,,,,,,,,,,,
2005-2006,Bundesliga,Kaiserslautern,Thomas Riedl,de GER,"DF,MF",29.0,,5.0,572.0,6.4,0.0,0.0,0.0,0.0,0.0,0.0,1.0,0.0,,,,0.0,0.0,0.0,0.0,0.0,Matches,11.0,,,,,,,,,,,,,,,,,,,,,,,,,,,,,,,,,,,,,,,,,,,,,,,,
2005-2006,Bundesliga,Kaiserslautern,Torsten Reuter,de GER,"DF,MF",22.0,,5.0,567.0,6.3,0.0,0.0,0.0,0.0,0.0,0.0,1.0,0.0,,,,0.0,0.0,0.0,0.0,0.0,Matches,8.0,,,,,,,,,,,,,,,,,,,,,,,,,,,,,,,,,,,,,,,,,,,,,,,,
2005-2006,Bundesliga,Kaiserslautern,Carsten Jancker,de GER,FW,30.0,,5.0,356.0,4.0,0.0,,,0.0,0.0,,1.0,0.0,,,,0.0,,,0.0,,Matches,5.0,,,,,,,,,,,,,,,,,,,,,,,,,,,,,,,,,,,,,,,,,,,,,,,,
2005-2006,Bundesliga,Kaiserslautern,Timo Wenzel,de GER,DF,27.0,,4.0,316.0,3.5,0.0,,,0.0,0.0,,1.0,0.0,,,,0.0,,,0.0,,Matches,4.0,,,,,,,,,,,,,,,,,,,,,,,,,,,,,,,,,,,,,,,,,,,,,,,,
2005-2006,Bundesliga,Kaiserslautern,Thomas Ernst,de GER,GK,37.0,,3.0,270.0,3.0,0.0,0.0,0.0,0.0,0.0,0.0,0.0,0.0,,,,0.0,0.0,0.0,0.0,0.0,Matches,3.0,,,,,,,,,,,,,,,,,,,,,,,,,,,,,,,,,,,,,,,,,,,,,,,,
2005-2006,Bundesliga,Kaiserslautern,Christian Nerlinger,de GER,MF,32.0,,3.0,215.0,2.4,0.0,,,0.0,0.0,,3.0,0.0,,,,0.0,,,0.0,,Matches,4.0,,,,,,,,,,,,,,,,,,,,,,,,,,,,,,,,,,,,,,,,,,,,,,,,
2005-2006,Bundesliga,Kaiserslautern,Berkant Göktan,tr TUR,FW,24.0,,2.0,199.0,2.2,1.0,0.0,1.0,1.0,0.0,0.0,0.0,0.0,,,,0.45,0.0,0.45,0.45,0.45,Matches,7.0,,,,,,,,,,,,,,,,,,,,,,,,,,,,,,,,,,,,,,,,,,,,,,,,
2005-2006,Bundesliga,Kaiserslautern,Steffen Bohl,de GER,"DF,MF",21.0,,0.0,51.0,0.6,0.0,,,0.0,0.0,,0.0,0.0,,,,0.0,,,0.0,,Matches,2.0,,,,,,,,,,,,,,,,,,,,,,,,,,,,,,,,,,,,,,,,,,,,,,,,
2005-2006,Bundesliga,Kaiserslautern,Marcel Ziemer,de GER,FW,19.0,,0.0,34.0,0.4,2.0,0.0,2.0,2.0,0.0,0.0,0.0,0.0,,,,5.29,0.0,5.29,5.29,5.29,Matches,2.0,,,,,,,,,,,,,,,,,,,,,,,,,,,,,,,,,,,,,,,,,,,,,,,,
2005-2006,Bundesliga,Kaiserslautern,Squad Total,,,25.7,,374.0,,,47.0,27.0,74.0,45.0,2.0,3.0,57.0,2.0,,,,1.38,0.79,2.18,1.32,2.12,,34.0,,,,,,,,,,,,,,,,,,,,,,,,,,,,,,,,,,,,,,,,,,,,,,,,
2005-2006,Bundesliga,Kaiserslautern,Opponent Total,,,26.8,,374.0,,,,,,,,,,,,,,,,,,,,34.0,,,,,,,,,,,,,,,,,,,,,,,,,,,,,,,,,,,,,,,,,,,,,,,,
2005-2006,Bundesliga,Köln,Lukas Sinkiewicz,de GER,"DF,MF",19.0,33.0,32.0,2884.0,32.0,0.0,1.0,1.0,0.0,0.0,0.0,7.0,0.0,,,,0.0,0.03,0.03,0.0,0.03,Matches,,,,,,,,,,,,,,,,,,,,,,,,,,,,,,,,,,,,,,,,,,,,,,,,,
2005-2006,Bundesliga,Köln,Lukas Podolski,de GER,"FW,MF",20.0,32.0,30.0,2749.0,30.5,12.0,6.0,18.0,10.0,2.0,2.0,9.0,0.0,,,,0.39,0.2,0.59,0.33,0.52,Matches,,,,,,,,,,,,,,,,,,,,,,,,,,,,,,,,,,,,,,,,,,,,,,,,,
2005-2006,Bundesliga,Köln,Albert Streit,de GER,MF,25.0,30.0,28.0,2510.0,27.9,6.0,8.0,14.0,6.0,0.0,0.0,5.0,1.0,,,,0.22,0.29,0.5,0.22,0.5,Matches,,,,,,,,,,,,,,,,,,,,,,,,,,,,,,,,,,,,,,,,,,,,,,,,,
2005-2006,Bundesliga,Köln,Christian Lell,de GER,DF,20.0,26.0,23.0,1973.0,21.9,0.0,2.0,2.0,0.0,0.0,0.0,6.0,1.0,,,,0.0,0.09,0.09,0.0,0.09,Matches,,,,,,,,,,,,,,,,,,,,,,,,,,,,,,,,,,,,,,,,,,,,,,,,,
2005-2006,Bundesliga,Köln,Marvin Matip,cm CMR,"DF,MF",19.0,23.0,23.0,1968.0,21.9,1.0,1.0,2.0,1.0,0.0,0.0,1.0,0.0,,,,0.05,0.05,0.09,0.05,0.09,Matches,,,,,,,,,,,,,,,,,,,,,,,,,,,,,,,,,,,,,,,,,,,,,,,,,
2005-2006,Bundesliga,Köln,Stefan Wessels,de GER,GK,26.0,22.0,22.0,1935.0,21.5,0.0,0.0,0.0,0.0,0.0,0.0,0.0,0.0,,,,0.0,0.0,0.0,0.0,0.0,Matches,,,,,,,,,,,,,,,,,,,,,,,,,,,,,,,,,,,,,,,,,,,,,,,,,
2005-2006,Bundesliga,Köln,Alpay Özalan,tr TUR,DF,32.0,21.0,21.0,1782.0,19.8,1.0,0.0,1.0,1.0,0.0,0.0,7.0,1.0,,,,0.05,0.0,0.05,0.05,0.05,Matches,,,,,,,,,,,,,,,,,,,,,,,,,,,,,,,,,,,,,,,,,,,,,,,,,
2005-2006,Bundesliga,Köln,Matthias Scherz,de GER,FW,33.0,27.0,17.0,1535.0,17.1,8.0,3.0,11.0,8.0,0.0,0.0,3.0,1.0,,,,0.47,0.18,0.64,0.47,0.64,Matches,,,,,,,,,,,,,,,,,,,,,,,,,,,,,,,,,,,,,,,,,,,,,,,,,
2005-2006,Bundesliga,Köln,Ricardo Cabanas,ch SUI,MF,26.0,16.0,16.0,1422.0,15.8,0.0,0.0,0.0,0.0,0.0,0.0,4.0,0.0,,,,0.0,0.0,0.0,0.0,0.0,Matches,,,,,,,,,,,,,,,,,,,,,,,,,,,,,,,,,,,,,,,,,,,,,,,,,
2005-2006,Bundesliga,Köln,Björn Schlicke,de GER,DF,24.0,15.0,14.0,1260.0,14.0,3.0,0.0,3.0,2.0,1.0,1.0,4.0,0.0,,,,0.21,0.0,0.21,0.14,0.14,Matches,,,,,,,,,,,,,,,,,,,,,,,,,,,,,,,,,,,,,,,,,,,,,,,,,
2005-2006,Bundesliga,Köln,Dimitrios Grammozis,gr GRE,MF,27.0,19.0,12.0,1173.0,13.0,0.0,0.0,0.0,0.0,0.0,0.0,6.0,0.0,,,,0.0,0.0,0.0,0.0,0.0,Matches,,,,,,,,,,,,,,,,,,,,,,,,,,,,,,,,,,,,,,,,,,,,,,,,,
2005-2006,Bundesliga,Köln,Alexander Bade,de GER,GK,34.0,13.0,12.0,1125.0,12.5,0.0,0.0,0.0,0.0,0.0,0.0,0.0,0.0,,,,0.0,0.0,0.0,0.0,0.0,Matches,,,,,,,,,,,,,,,,,,,,,,,,,,,,,,,,,,,,,,,,,,,,,,,,,
2005-2006,Bundesliga,Köln,Christian Springer,de GER,MF,34.0,18.0,12.0,1066.0,11.8,2.0,2.0,4.0,2.0,0.0,0.0,4.0,0.0,,,,0.17,0.17,0.34,0.17,0.34,Matches,,,,,,,,,,,,,,,,,,,,,,,,,,,,,,,,,,,,,,,,,,,,,,,,,
2005-2006,Bundesliga,Köln,Markus Feulner,de GER,MF,23.0,13.0,12.0,972.0,10.8,3.0,1.0,4.0,3.0,0.0,0.0,2.0,0.0,,,,0.28,0.09,0.37,0.28,0.37,Matches,,,,,,,,,,,,,,,,,,,,,,,,,,,,,,,,,,,,,,,,,,,,,,,,,
2005-2006,Bundesliga,Köln,Marco Streller,ch SUI,FW,24.0,14.0,11.0,981.0,10.9,3.0,,,3.0,0.0,0.0,3.0,0.0,,,,0.28,,,0.28,,Matches,,,,,,,,,,,,,,,,,,,,,,,,,,,,,,,,,,,,,,,,,,,,,,,,,
2005-2006,Bundesliga,Köln,Sebastian Schindzielorz,de GER,MF,26.0,16.0,10.0,929.0,10.3,0.0,0.0,0.0,0.0,0.0,0.0,3.0,0.0,,,,0.0,0.0,0.0,0.0,0.0,Matches,,,,,,,,,,,,,,,,,,,,,,,,,,,,,,,,,,,,,,,,,,,,,,,,,
2005-2006,Bundesliga,Köln,Youssef Mokhtari,ma MAR,MF,26.0,13.0,10.0,898.0,10.0,0.0,4.0,4.0,0.0,0.0,0.0,2.0,0.0,,,,0.0,0.4,0.4,0.0,0.4,Matches,,,,,,,,,,,,,,,,,,,,,,,,,,,,,,,,,,,,,,,,,,,,,,,,,
2005-2006,Bundesliga,Köln,Carsten Cullmann,de GER,DF,29.0,10.0,9.0,834.0,9.3,0.0,0.0,0.0,0.0,0.0,0.0,2.0,0.0,,,,0.0,0.0,0.0,0.0,0.0,Matches,,,,,,,,,,,,,,,,,,,,,,,,,,,,,,,,,,,,,,,,,,,,,,,,,
2005-2006,Bundesliga,Köln,Christian Rahn,de GER,"DF,MF",26.0,11.0,9.0,704.0,7.8,0.0,1.0,1.0,0.0,0.0,0.0,1.0,0.0,,,,0.0,0.13,0.13,0.0,0.13,Matches,,,,,,,,,,,,,,,,,,,,,,,,,,,,,,,,,,,,,,,,,,,,,,,,,
2005-2006,Bundesliga,Köln,Roland Benschneider,de GER,DF,24.0,12.0,8.0,706.0,7.8,1.0,0.0,1.0,1.0,0.0,0.0,1.0,1.0,,,,0.13,0.0,0.13,0.13,0.13,Matches,,,,,,,,,,,,,,,,,,,,,,,,,,,,,,,,,,,,,,,,,,,,,,,,,
2005-2006,Bundesliga,Köln,Boris Živković,hr CRO,DF,29.0,8.0,8.0,675.0,7.5,1.0,0.0,1.0,1.0,0.0,0.0,1.0,0.0,,,,0.13,0.0,0.13,0.13,0.13,Matches,,,,,,,,,,,,,,,,,,,,,,,,,,,,,,,,,,,,,,,,,,,,,,,,,
2005-2006,Bundesliga,Köln,Andrew Sinkala,zm ZAM,MF,26.0,9.0,8.0,591.0,6.6,0.0,0.0,0.0,0.0,0.0,0.0,2.0,1.0,,,,0.0,0.0,0.0,0.0,0.0,Matches,,,,,,,,,,,,,,,,,,,,,,,,,,,,,,,,,,,,,,,,,,,,,,,,,
2005-2006,Bundesliga,Köln,Anthony Lurling,nl NED,"FW,MF",28.0,12.0,6.0,572.0,6.4,0.0,0.0,0.0,0.0,0.0,0.0,3.0,0.0,,,,0.0,0.0,0.0,0.0,0.0,Matches,,,,,,,,,,,,,,,,,,,,,,,,,,,,,,,,,,,,,,,,,,,,,,,,,
2005-2006,Bundesliga,Köln,Peter Madsen,dk DEN,FW,27.0,8.0,5.0,400.0,4.4,0.0,,,0.0,0.0,,0.0,0.0,,,,0.0,,,0.0,,Matches,,,,,,,,,,,,,,,,,,,,,,,,,,,,,,,,,,,,,,,,,,,,,,,,,
2005-2006,Bundesliga,Köln,Imre Szabics,hu HUN,FW,24.0,11.0,4.0,281.0,3.1,1.0,0.0,1.0,1.0,0.0,0.0,1.0,1.0,,,,0.32,0.0,0.32,0.32,0.32,Matches,,,,,,,,,,,,,,,,,,,,,,,,,,,,,,,,,,,,,,,,,,,,,,,,,
2005-2006,Bundesliga,Köln,Patrick Helmes,de GER,FW,21.0,13.0,3.0,518.0,5.8,4.0,1.0,5.0,4.0,0.0,0.0,1.0,0.0,,,,0.69,0.17,0.87,0.69,0.87,Matches,,,,,,,,,,,,,,,,,,,,,,,,,,,,,,,,,,,,,,,,,,,,,,,,,
2005-2006,Bundesliga,Köln,Denis Epstein,de GER,"FW,MF",19.0,11.0,3.0,431.0,4.8,2.0,0.0,2.0,2.0,0.0,0.0,0.0,0.0,,,,0.42,0.0,0.42,0.42,0.42,Matches,,,,,,,,,,,,,,,,,,,,,,,,,,,,,,,,,,,,,,,,,,,,,,,,,
2005-2006,Bundesliga,Köln,Rolf-Christel Guié-Mien,cg CGO,MF,27.0,7.0,3.0,396.0,4.4,0.0,,,0.0,0.0,,0.0,0.0,,,,0.0,,,0.0,,Matches,,,,,,,,,,,,,,,,,,,,,,,,,,,,,,,,,,,,,,,,,,,,,,,,,
2005-2006,Bundesliga,Köln,Evanílson,br BRA,"DF,FW",29.0,3.0,2.0,167.0,1.9,0.0,0.0,0.0,0.0,0.0,,1.0,0.0,,,,0.0,0.0,0.0,0.0,0.0,Matches,,,,,,,,,,,,,,,,,,,,,,,,,,,,,,,,,,,,,,,,,,,,,,,,,
2005-2006,Bundesliga,Köln,Patrick Weiser,de GER,"DF,MF",33.0,1.0,1.0,46.0,0.5,0.0,0.0,0.0,0.0,0.0,0.0,0.0,0.0,,,,0.0,0.0,0.0,0.0,0.0,Matches,,,,,,,,,,,,,,,,,,,,,,,,,,,,,,,,,,,,,,,,,,,,,,,,,
2005-2006,Bundesliga,Köln,Attila Tököli,hu HUN,FW,29.0,1.0,0.0,23.0,0.3,0.0,0.0,0.0,0.0,0.0,,0.0,0.0,,,,0.0,0.0,0.0,0.0,0.0,Matches,,,,,,,,,,,,,,,,,,,,,,,,,,,,,,,,,,,,,,,,,,,,,,,,,
2005-2006,Bundesliga,Köln,Squad Total,,,25.5,34.0,374.0,,,48.0,30.0,78.0,45.0,3.0,3.0,74.0,7.0,,,,1.41,0.88,2.29,1.32,2.21,,,,,,,,,,,,,,,,,,,,,,,,,,,,,,,,,,,,,,,,,,,,,,,,,,
2005-2006,Bundesliga,Köln,Opponent Total,,,26.8,34.0,374.0,,,,,,,,,,,,,,,,,,,,,,,,,,,,,,,,,,,,,,,,,,,,,,,,,,,,,,,,,,,,,,,,,,,,
2005-2006,Bundesliga,MSV Duisburg,Georg Koch,de GER,GK,33.0,34.0,34.0,2979.0,33.1,0.0,0.0,0.0,0.0,0.0,0.0,4.0,0.0,,,,0.0,0.0,0.0,0.0,0.0,Matches,,,,,,,,,,,,,,,,,,,,,,,,,,,,,,,,,,,,,,,,,,,,,,,,,
2005-2006,Bundesliga,MSV Duisburg,Uwe Möhrle,de GER,DF,25.0,31.0,31.0,2785.0,30.9,3.0,0.0,3.0,3.0,0.0,0.0,6.0,1.0,,,,0.1,0.0,0.1,0.1,0.1,Matches,,,,,,,,,,,,,,,,,,,,,,,,,,,,,,,,,,,,,,,,,,,,,,,,,
2005-2006,Bundesliga,MSV Duisburg,Thomas Bælum,dk DEN,DF,26.0,28.0,27.0,2376.0,26.4,0.0,0.0,0.0,0.0,0.0,0.0,8.0,0.0,,,,0.0,0.0,0.0,0.0,0.0,Matches,,,,,,,,,,,,,,,,,,,,,,,,,,,,,,,,,,,,,,,,,,,,,,,,,
2005-2006,Bundesliga,MSV Duisburg,Markus Kurth,de GER,FW,32.0,31.0,26.0,2290.0,25.4,3.0,4.0,7.0,3.0,0.0,0.0,7.0,1.0,,,,0.12,0.16,0.28,0.12,0.28,Matches,,,,,,,,,,,,,,,,,,,,,,,,,,,,,,,,,,,,,,,,,,,,,,,,,
2005-2006,Bundesliga,MSV Duisburg,Alexander Meyer,de GER,DF,21.0,25.0,25.0,2237.0,24.9,0.0,1.0,1.0,0.0,0.0,0.0,4.0,0.0,,,,0.0,0.04,0.04,0.0,0.04,Matches,,,,,,,,,,,,,,,,,,,,,,,,,,,,,,,,,,,,,,,,,,,,,,,,,
2005-2006,Bundesliga,MSV Duisburg,Alexander Bugera,de GER,DF,26.0,23.0,23.0,1884.0,20.9,1.0,2.0,3.0,1.0,0.0,0.0,7.0,0.0,,,,0.05,0.1,0.14,0.05,0.14,Matches,,,,,,,,,,,,,,,,,,,,,,,,,,,,,,,,,,,,,,,,,,,,,,,,,
2005-2006,Bundesliga,MSV Duisburg,Abdelaziz Ahanfouf,ma MAR,FW,27.0,27.0,22.0,2055.0,22.8,9.0,2.0,11.0,8.0,1.0,2.0,5.0,0.0,,,,0.39,0.09,0.48,0.35,0.44,Matches,,,,,,,,,,,,,,,,,,,,,,,,,,,,,,,,,,,,,,,,,,,,,,,,,
2005-2006,Bundesliga,MSV Duisburg,Tobias Willi,de GER,MF,25.0,25.0,22.0,1840.0,20.4,0.0,2.0,2.0,0.0,0.0,0.0,7.0,1.0,,,,0.0,0.1,0.1,0.0,0.1,Matches,,,,,,,,,,,,,,,,,,,,,,,,,,,,,,,,,,,,,,,,,,,,,,,,,
2005-2006,Bundesliga,MSV Duisburg,Marino Biliškov,hr CRO,DF,29.0,21.0,21.0,1877.0,20.9,1.0,0.0,1.0,1.0,0.0,0.0,2.0,1.0,,,,0.05,0.0,0.05,0.05,0.05,Matches,,,,,,,,,,,,,,,,,,,,,,,,,,,,,,,,,,,,,,,,,,,,,,,,,
2005-2006,Bundesliga,MSV Duisburg,Razundara Tjikuzu,na NAM,"DF,MF",25.0,23.0,20.0,1808.0,20.1,0.0,1.0,1.0,0.0,0.0,0.0,6.0,0.0,,,,0.0,0.05,0.05,0.0,0.05,Matches,,,,,,,,,,,,,,,,,,,,,,,,,,,,,,,,,,,,,,,,,,,,,,,,,
2005-2006,Bundesliga,MSV Duisburg,Klemen Lavrič,si SVN,FW,24.0,22.0,18.0,1530.0,17.0,7.0,0.0,7.0,7.0,0.0,0.0,2.0,0.0,,,,0.41,0.0,0.41,0.41,0.41,Matches,,,,,,,,,,,,,,,,,,,,,,,,,,,,,,,,,,,,,,,,,,,,,,,,,
2005-2006,Bundesliga,MSV Duisburg,Dirk Lottner,de GER,"DF,MF",33.0,19.0,16.0,1240.0,13.8,0.0,4.0,4.0,0.0,0.0,0.0,2.0,0.0,,,,0.0,0.29,0.29,0.0,0.29,Matches,,,,,,,,,,,,,,,,,,,,,,,,,,,,,,,,,,,,,,,,,,,,,,,,,
2005-2006,Bundesliga,MSV Duisburg,Mihai Tararache,ro ROU,MF,27.0,15.0,15.0,1341.0,14.9,2.0,0.0,2.0,0.0,2.0,2.0,6.0,1.0,,,,0.13,0.0,0.13,0.0,0.0,Matches,,,,,,,,,,,,,,,,,,,,,,,,,,,,,,,,,,,,,,,,,,,,,,,,,
2005-2006,Bundesliga,MSV Duisburg,Carsten Wolters,de GER,"DF,MF",36.0,18.0,15.0,1306.0,14.5,0.0,0.0,0.0,0.0,0.0,0.0,2.0,0.0,,,,0.0,0.0,0.0,0.0,0.0,Matches,,,,,,,,,,,,,,,,,,,,,,,,,,,,,,,,,,,,,,,,,,,,,,,,,
2005-2006,Bundesliga,MSV Duisburg,Peter Van Houdt,be BEL,FW,28.0,29.0,14.0,1367.0,15.2,1.0,2.0,3.0,1.0,0.0,0.0,6.0,0.0,,,,0.07,0.13,0.2,0.07,0.2,Matches,,,,,,,,,,,,,,,,,,,,,,,,,,,,,,,,,,,,,,,,,,,,,,,,,
2005-2006,Bundesliga,MSV Duisburg,Marco Caligiuri,de GER,"DF,MF",21.0,14.0,11.0,1031.0,11.5,2.0,1.0,3.0,2.0,0.0,0.0,4.0,0.0,,,,0.17,0.09,0.26,0.17,0.26,Matches,,,,,,,,,,,,,,,,,,,,,,,,,,,,,,,,,,,,,,,,,,,,,,,,,
2005-2006,Bundesliga,MSV Duisburg,Ivica Grlić,ba BIH,MF,29.0,13.0,11.0,875.0,9.7,1.0,1.0,2.0,1.0,0.0,0.0,5.0,0.0,,,,0.1,0.1,0.21,0.1,0.21,Matches,,,,,,,,,,,,,,,,,,,,,,,,,,,,,,,,,,,,,,,,,,,,,,,,,
2005-2006,Bundesliga,MSV Duisburg,Adam Bodzek,de GER,"DF,MF",19.0,9.0,6.0,529.0,5.9,1.0,0.0,1.0,1.0,0.0,0.0,4.0,0.0,,,,0.17,0.0,0.17,0.17,0.17,Matches,,,,,,,,,,,,,,,,,,,,,,,,,,,,,,,,,,,,,,,,,,,,,,,,,
2005-2006,Bundesliga,MSV Duisburg,Markus Anfang,de GER,MF,31.0,12.0,5.0,650.0,7.2,0.0,0.0,0.0,0.0,0.0,0.0,3.0,0.0,,,,0.0,0.0,0.0,0.0,0.0,Matches,,,,,,,,,,,,,,,,,,,,,,,,,,,,,,,,,,,,,,,,,,,,,,,,,
2005-2006,Bundesliga,MSV Duisburg,Ahn Jung-hwan,kr KOR,"FW,MF",29.0,12.0,3.0,426.0,4.7,2.0,1.0,3.0,2.0,0.0,0.0,0.0,0.0,,,,0.42,0.21,0.63,0.42,0.63,Matches,,,,,,,,,,,,,,,,,,,,,,,,,,,,,,,,,,,,,,,,,,,,,,,,,
2005-2006,Bundesliga,MSV Duisburg,Markus Hausweiler,de GER,MF,29.0,3.0,3.0,270.0,3.0,0.0,0.0,0.0,0.0,0.0,0.0,2.0,0.0,,,,0.0,0.0,0.0,0.0,0.0,Matches,,,,,,,,,,,,,,,,,,,,,,,,,,,,,,,,,,,,,,,,,,,,,,,,,
2005-2006,Bundesliga,MSV Duisburg,Mike Rietpietsch,de GER,MF,31.0,13.0,2.0,349.0,3.9,0.0,0.0,0.0,0.0,0.0,0.0,0.0,0.0,,,,0.0,0.0,0.0,0.0,0.0,Matches,,,,,,,,,,,,,,,,,,,,,,,,,,,,,,,,,,,,,,,,,,,,,,,,,
2005-2006,Bundesliga,MSV Duisburg,Necat Aygün,de GER,DF,25.0,8.0,2.0,238.0,2.6,0.0,0.0,0.0,0.0,0.0,0.0,0.0,0.0,,,,0.0,0.0,0.0,0.0,0.0,Matches,,,,,,,,,,,,,,,,,,,,,,,,,,,,,,,,,,,,,,,,,,,,,,,,,
2005-2006,Bundesliga,MSV Duisburg,Kai Michalke,de GER,FW,29.0,6.0,2.0,195.0,2.2,0.0,0.0,0.0,0.0,0.0,0.0,0.0,0.0,,,,0.0,0.0,0.0,0.0,0.0,Matches,,,,,,,,,,,,,,,,,,,,,,,,,,,,,,,,,,,,,,,,,,,,,,,,,
2005-2006,Bundesliga,MSV Duisburg,Sven Beuckert,de GER,GK,31.0,3.0,0.0,81.0,0.9,0.0,0.0,0.0,0.0,0.0,0.0,0.0,0.0,,,,0.0,0.0,0.0,0.0,0.0,Matches,,,,,,,,,,,,,,,,,,,,,,,,,,,,,,,,,,,,,,,,,,,,,,,,,
2005-2006,Bundesliga,MSV Duisburg,Nasir El Kasmi,ma MAR,MF,22.0,2.0,0.0,27.0,0.3,0.0,,,0.0,0.0,,0.0,0.0,,,,0.0,,,0.0,,Matches,,,,,,,,,,,,,,,,,,,,,,,,,,,,,,,,,,,,,,,,,,,,,,,,,
2005-2006,Bundesliga,MSV Duisburg,Josef Ivanović,de GER,FW,31.0,1.0,0.0,12.0,0.1,0.0,,,0.0,0.0,,1.0,0.0,,,,0.0,,,0.0,,Matches,,,,,,,,,,,,,,,,,,,,,,,,,,,,,,,,,,,,,,,,,,,,,,,,,
2005-2006,Bundesliga,MSV Duisburg,Niklas Stegmann,de GER,FW,18.0,1.0,0.0,8.0,0.1,0.0,,,0.0,0.0,,0.0,0.0,,,,0.0,,,0.0,,Matches,,,,,,,,,,,,,,,,,,,,,,,,,,,,,,,,,,,,,,,,,,,,,,,,,
2005-2006,Bundesliga,MSV Duisburg,Squad Total,,,28.0,34.0,374.0,,,33.0,21.0,54.0,30.0,3.0,4.0,88.0,5.0,,,,0.97,0.62,1.59,0.88,1.5,,,,,,,,,,,,,,,,,,,,,,,,,,,,,,,,,,,,,,,,,,,,,,,,,,
2005-2006,Bundesliga,MSV Duisburg,Opponent Total,,,26.6,34.0,374.0,,,,,,,,,,,,,,,,,,,,,,,,,,,,,,,,,,,,,,,,,,,,,,,,,,,,,,,,,,,,,,,,,,,,
